"날짜","종가","오픈","고가","저가","거래량","변동 %"
"2021년 04월 09일","558,000","554,000","561,000","551,000","770.29K","1.82%"
"2021년 04월 08일","548,000","539,000","561,000","534,000","902.31K","1.11%"
"2021년 04월 07일","542,000","544,000","544,000","527,000","0.17K","-0.37%"
"2021년 04월 06일","544,000","506,000","545,000","505,000","0.18K","8.37%"
"2021년 04월 05일","502,000","503,000","505,000","500,000","306.96K","0.20%"
"2021년 04월 04일","501,000","501,000","501,000","501,000","-","0.00%"
"2021년 04월 02일","501,000","508,000","508,000","499,000","296.10K","0.40%"
"2021년 04월 01일","499,000","501,000","504,000","492,000","0.04K","0.20%"
"2021년 03월 31일","498,000","498,500","499,000","496,500","0.01K","0.91%"
"2021년 03월 30일","493,500","490,000","497,000","489,500","308.30K","1.23%"
"2021년 03월 29일","487,500","496,000","496,000","485,000","0.08K","-1.52%"
"2021년 03월 28일","495,000","495,000","495,000","495,000","-","0.00%"
"2021년 03월 26일","495,000","488,000","495,000","486,000","372.68K","2.06%"
"2021년 03월 25일","485,000","489,000","491,000","482,000","0.18K","-1.42%"
"2021년 03월 24일","492,000","487,000","492,000","482,000","0.05K","0.31%"
"2021년 03월 23일","490,500","496,000","503,000","485,500","0.03K","-0.71%"
"2021년 03월 22일","494,000","493,500","496,500","488,000","0.01K","0.30%"
"2021년 03월 21일","492,500","492,500","492,500","492,500","-","0.00%"
"2021년 03월 19일","492,500","488,500","497,000","484,000","513.70K","-1.10%"
"2021년 03월 18일","498,000","489,000","504,000","486,500","0.08K","2.68%"
"2021년 03월 17일","485,000","479,000","491,000","478,000","0.57K","1.25%"
"2021년 03월 16일","479,000","481,000","485,000","478,000","0.55K","0.00%"
"2021년 03월 15일","479,000","480,000","482,000","472,000","0.00K","-0.42%"
"2021년 03월 14일","481,000","481,000","481,000","481,000","-","0.00%"
"2021년 03월 12일","481,000","489,000","490,000","477,000","430.60K","0.42%"
"2021년 03월 11일","479,000","461,000","484,500","457,500","0.02K","4.13%"
"2021년 03월 10일","460,000","452,500","464,500","449,500","0.41K","4.31%"
"2021년 03월 09일","441,000","448,000","451,500","434,500","0.00K","-2.86%"
"2021년 03월 08일","454,000","472,000","474,000","454,000","0.58K","-3.61%"
"2021년 03월 07일","471,000","471,000","471,000","471,000","-","0.00%"
"2021년 03월 05일","471,000","469,000","474,000","463,000","707.09K","-2.28%"
"2021년 03월 04일","482,000","487,500","490,000","481,000","0.35K","-2.33%"
"2021년 03월 03일","493,500","490,500","495,000","488,000","0.17K","0.41%"
"2021년 03월 02일","491,500","499,000","504,000","490,000","0.05K","0.72%"
"2021년 03월 01일","488,000","488,000","488,000","488,000","-","0.00%"
"2021년 02월 26일","488,000","497,500","502,000","480,500","1.60M","0.72%"
"2021년 02월 25일","484,500","478,000","484,500","473,500","2.17K","2.32%"
"2021년 02월 24일","473,500","487,000","492,500","472,500","0.01K","-2.77%"
"2021년 02월 23일","487,000","482,000","492,500","477,500","0.55K","-0.71%"
"2021년 02월 22일","490,500","509,000","509,000","490,000","0.14K","-2.68%"
"2021년 02월 21일","504,000","504,000","504,000","504,000","-","0.00%"
"2021년 02월 19일","504,000","497,000","506,000","490,000","690.14K","0.60%"
"2021년 02월 18일","501,000","506,000","517,000","501,000","0.53K","-1.57%"
"2021년 02월 17일","509,000","514,000","514,000","503,000","0.18K","-0.97%"
"2021년 02월 16일","514,000","503,000","519,000","499,500","0.90K","2.39%"
"2021년 02월 15일","502,000","498,500","505,000","492,500","0.03K","2.55%"
"2021년 02월 14일","489,500","489,500","489,500","489,500","-","0.00%"
"2021년 02월 10일","489,500","466,000","490,500","466,000","1.80M","6.18%"
"2021년 02월 09일","461,000","460,000","467,500","452,500","0.02K","0.88%"
"2021년 02월 08일","457,000","455,000","462,000","450,000","0.13K","0.44%"
"2021년 02월 07일","455,000","455,000","455,000","455,000","-","0.00%"
"2021년 02월 05일","455,000","457,000","461,000","447,500","405.93K","0.11%"
"2021년 02월 04일","454,500","462,500","462,500","449,500","0.02K","-1.62%"
"2021년 02월 03일","462,000","450,500","462,000","447,000","0.07K","3.70%"
"2021년 02월 02일","445,500","450,000","457,000","444,000","0.04K","0.91%"
"2021년 02월 01일","441,500","436,500","443,000","425,500","0.02K","0.11%"
"2021년 01월 31일","441,000","441,000","441,000","441,000","-","0.00%"
"2021년 01월 29일","441,000","460,000","460,500","436,000","1.07M","-3.71%"
"2021년 01월 28일","458,000","454,000","468,500","452,500","0.06K","-1.51%"
"2021년 01월 27일","465,000","463,000","476,500","461,000","0.04K","0.87%"
"2021년 01월 26일","461,000","479,000","479,000","460,500","0.50K","-2.64%"
"2021년 01월 25일","473,500","472,000","475,500","460,000","0.03K","2.27%"
"2021년 01월 24일","463,000","463,000","463,000","463,000","-","0.00%"
"2021년 01월 22일","463,000","456,000","476,000","452,500","1.16M","1.98%"
"2021년 01월 21일","454,000","452,500","460,500","452,000","0.20K","2.25%"
"2021년 01월 20일","444,000","447,500","450,000","437,000","0.14K","0.91%"
"2021년 01월 19일","440,000","429,000","444,500","428,000","0.09K","2.92%"
"2021년 01월 18일","427,500","434,000","441,000","427,000","0.38K","-2.29%"
"2021년 01월 17일","437,500","437,500","437,500","437,500","-","0.00%"
"2021년 01월 15일","437,500","452,000","459,000","436,500","988.52K","-3.10%"
"2021년 01월 14일","451,500","454,000","463,000","450,000","3.65K","-0.66%"
"2021년 01월 13일","454,500","458,500","461,500","450,000","0.16K","-0.66%"
"2021년 01월 12일","457,500","446,000","460,000","433,000","0.19K","0.99%"
"2021년 01월 11일","453,000","441,500","462,500","429,500","1.26K","4.38%"
"2021년 01월 10일","434,000","434,000","434,000","434,000","-","0.00%"
"2021년 01월 08일","434,000","413,000","436,000","404,500","2.45M","7.83%"
"2021년 01월 07일","402,500","402,000","403,500","393,000","0.01K","1.77%"
"2021년 01월 06일","395,500","394,500","410,000","394,500","0.21K","0.64%"
"2021년 01월 05일","393,000","393,000","395,500","387,000","745.87K","-0.76%"
"2021년 01월 04일","396,000","389,500","396,500","385,500","0.99K","1.67%"
"2020년 12월 30일","389,500","384,500","394,000","383,500","809.94K","1.30%"
"2020년 12월 29일","384,500","380,500","385,500","378,000","0.08K","3.08%"
"2020년 12월 28일","373,000","374,000","377,000","369,500","0.02K","-0.27%"
"2020년 12월 27일","374,000","374,000","374,000","374,000","-","0.00%"
"2020년 12월 24일","374,000","378,500","380,000","372,000","461.50K","-0.93%"
"2020년 12월 23일","377,500","381,000","385,500","377,000","0.07K","0.40%"
"2020년 12월 22일","376,000","380,000","389,500","376,000","0.04K","-0.92%"
"2020년 12월 21일","379,500","367,500","380,000","367,000","0.69K","3.41%"
"2020년 12월 20일","367,000","367,000","367,000","367,000","-","0.00%"
"2020년 12월 18일","367,000","369,000","369,500","365,500","425.19K","-0.54%"
"2020년 12월 17일","369,000","373,500","374,000","368,500","0.05K","-0.81%"
"2020년 12월 16일","372,000","373,000","375,000","371,000","0.20K","0.27%"
"2020년 12월 15일","371,000","373,000","375,500","369,000","0.03K","-0.67%"
"2020년 12월 14일","373,500","376,000","381,000","372,500","0.44K","-0.27%"
"2020년 12월 13일","374,500","374,500","374,500","374,500","-","0.00%"
"2020년 12월 11일","374,500","374,000","380,000","373,000","435.67K","1.08%"
"2020년 12월 10일","370,500","371,000","378,000","367,500","0.00K","-1.20%"
"2020년 12월 09일","375,000","375,000","378,000","373,000","576.66K","0.13%"
"2020년 12월 08일","374,500","387,500","387,500","374,000","0.16K","-2.73%"
"2020년 12월 07일","385,000","394,500","395,000","380,500","0.44K","-1.16%"
"2020년 12월 06일","389,500","389,500","389,500","389,500","-","0.00%"
"2020년 12월 04일","389,500","374,000","392,500","371,000","1.55M","4.14%"
"2020년 12월 03일","374,000","373,000","374,000","369,000","0.07K","0.27%"
"2020년 12월 02일","373,000","375,500","375,500","371,000","417.61K","-0.40%"
"2020년 12월 01일","374,500","369,500","375,000","369,000","0.02K","1.77%"
"2020년 11월 30일","368,000","373,000","374,000","368,000","533.94K","-1.34%"
"2020년 11월 29일","373,000","373,000","373,000","373,000","-","0.00%"
"2020년 11월 27일","373,000","375,500","377,500","371,000","334.04K","-0.27%"
"2020년 11월 26일","374,000","367,500","374,500","367,000","0.07K","1.91%"
"2020년 11월 25일","367,000","377,000","377,000","366,000","0.15K","-1.61%"
"2020년 11월 24일","373,000","367,000","376,500","367,000","0.10K","1.63%"
"2020년 11월 23일","367,000","368,000","369,000","365,000","0.21K","0.41%"
"2020년 11월 22일","365,500","365,500","365,500","365,500","-","0.00%"
"2020년 11월 20일","365,500","366,500","368,000","362,000","263.46K","0.00%"
"2020년 11월 19일","365,500","367,000","371,500","365,500","0.06K","0.00%"
"2020년 11월 18일","365,500","360,000","368,500","360,000","0.35K","0.97%"
"2020년 11월 17일","362,000","358,500","365,000","356,000","0.16K","0.00%"
"2020년 11월 16일","362,000","370,500","371,000","359,500","0.13K","-0.96%"
"2020년 11월 15일","365,500","365,500","365,500","365,500","-","0.00%"
"2020년 11월 13일","365,500","355,000","366,000","355,000","532.86K","2.24%"
"2020년 11월 12일","357,500","360,000","364,000","355,000","0.23K","0.56%"
"2020년 11월 11일","355,500","352,000","358,500","348,000","0.01K","-0.14%"
"2020년 11월 10일","356,000","357,500","361,500","354,000","0.40K","-4.17%"
"2020년 11월 09일","371,500","375,000","375,500","367,500","0.68K","0.27%"
"2020년 11월 08일","370,500","370,500","370,500","370,500","-","0.00%"
"2020년 11월 06일","370,500","367,000","380,500","365,500","1.31M","2.07%"
"2020년 11월 05일","363,000","357,000","368,500","353,500","0.04K","0.97%"
"2020년 11월 04일","359,500","340,000","361,000","340,000","1.57K","6.84%"
"2020년 11월 03일","336,500","334,500","339,000","332,000","0.04K","0.60%"
"2020년 11월 02일","334,500","330,500","335,500","328,000","318.11K","1.36%"
"2020년 11월 01일","330,000","330,000","330,000","330,000","-","0.00%"
"2020년 10월 30일","330,000","343,000","344,000","330,000","549.57K","-3.79%"
"2020년 10월 29일","343,000","342,000","345,000","338,500","1.02K","-1.01%"
"2020년 10월 28일","346,500","335,500","346,500","335,000","0.08K","3.74%"
"2020년 10월 27일","334,000","324,500","343,500","324,500","0.02K","1.37%"
"2020년 10월 26일","329,500","337,500","341,000","328,000","0.10K","-3.09%"
"2020년 10월 25일","340,000","340,000","340,000","340,000","-","0.00%"
"2020년 10월 23일","340,000","348,500","350,000","340,000","614.06K","-2.58%"
"2020년 10월 22일","349,000","351,500","351,500","345,500","0.35K","-1.27%"
"2020년 10월 21일","353,500","351,000","361,000","351,000","0.23K","0.28%"
"2020년 10월 20일","352,500","348,000","352,500","340,000","0.01K","-0.14%"
"2020년 10월 19일","353,000","358,500","362,500","352,000","1.04K","-1.26%"
"2020년 10월 18일","357,500","357,500","357,500","357,500","-","0.00%"
"2020년 10월 16일","357,500","361,000","362,000","355,000","398.18K","-1.24%"
"2020년 10월 15일","362,000","368,500","368,500","360,000","0.17K","-1.76%"
"2020년 10월 14일","368,500","370,000","375,000","366,500","0.07K","-0.94%"
"2020년 10월 13일","372,000","374,500","377,000","371,500","0.02K","0.13%"
"2020년 10월 12일","371,500","383,000","383,000","371,000","0.05K","-1.98%"
"2020년 10월 11일","379,000","379,000","379,000","379,000","-","0.00%"
"2020년 10월 08일","379,000","383,500","387,000","379,000","621.77K","-0.39%"
"2020년 10월 07일","380,500","378,000","381,500","376,000","0.02K","-0.26%"
"2020년 10월 06일","381,500","373,000","383,500","370,000","0.22K","2.97%"
"2020년 10월 05일","370,500","361,500","370,500","359,000","0.04K","1.65%"
"2020년 10월 04일","364,500","364,500","364,500","364,500","-","0.00%"
"2020년 09월 29일","364,500","374,500","375,000","364,000","583.81K","-1.22%"
"2020년 09월 28일","369,000","356,500","372,000","354,500","0.08K","4.98%"
"2020년 09월 27일","351,500","351,500","351,500","351,500","-","0.00%"
"2020년 09월 25일","351,500","356,000","358,000","346,500","445.75K","-0.14%"
"2020년 09월 24일","352,000","361,000","361,000","351,000","0.11K","-3.69%"
"2020년 09월 23일","365,500","358,500","367,000","353,000","2.73K","3.54%"
"2020년 09월 22일","353,000","361,500","369,000","351,500","0.04K","-3.16%"
"2020년 09월 21일","364,500","371,500","373,000","364,000","0.57K","-2.28%"
"2020년 09월 20일","373,000","373,000","373,000","373,000","-","0.00%"
"2020년 09월 18일","373,000","369,000","377,000","366,000","488.77K","0.54%"
"2020년 09월 17일","371,000","373,500","373,500","369,000","0.30K","-1.59%"
"2020년 09월 16일","377,000","384,000","384,000","377,000","0.19K","-1.05%"
"2020년 09월 15일","381,000","371,000","385,000","369,500","0.04K","2.01%"
"2020년 09월 14일","373,500","377,000","377,500","369,000","0.34K","-1.45%"
"2020년 09월 13일","379,000","379,000","379,000","379,000","-","0.00%"
"2020년 09월 11일","379,000","382,000","384,000","375,500","786.40K","-1.69%"
"2020년 09월 10일","385,500","392,000","396,500","384,000","0.46K","0.39%"
"2020년 09월 09일","384,000","382,000","388,000","379,000","0.33K","-1.54%"
"2020년 09월 08일","390,000","393,500","398,500","381,000","0.50K","-0.51%"
"2020년 09월 07일","392,000","401,000","401,000","391,000","0.52K","-2.49%"
"2020년 09월 06일","402,000","402,000","402,000","402,000","-","0.00%"
"2020년 09월 04일","402,000","390,000","404,500","389,500","1.16M","-1.95%"
"2020년 09월 03일","410,000","415,500","415,500","404,500","0.65K","-0.49%"
"2020년 09월 02일","412,000","405,500","412,000","401,500","0.06K","2.62%"
"2020년 09월 01일","401,500","413,500","416,000","400,000","0.04K","-1.35%"
"2020년 08월 31일","407,000","410,500","420,000","401,000","0.04K","0.37%"
"2020년 08월 30일","405,500","405,500","405,500","405,500","-","0.00%"
"2020년 08월 28일","405,500","413,500","416,000","400,000","1.50M","-1.22%"
"2020년 08월 27일","410,500","396,500","413,000","396,500","0.45K","4.72%"
"2020년 08월 26일","392,000","380,500","394,000","378,000","0.10K","2.89%"
"2020년 08월 25일","381,000","384,500","385,000","377,000","880.51K","0.26%"
"2020년 08월 24일","380,000","374,500","382,500","367,500","0.04K","2.70%"
"2020년 08월 23일","370,000","370,000","370,000","370,000","-","0.00%"
"2020년 08월 21일","370,000","370,000","373,500","362,000","1.01M","1.51%"
"2020년 08월 20일","364,500","375,500","383,000","359,500","1.11K","-3.19%"
"2020년 08월 19일","376,500","385,000","385,000","372,500","1.90K","-0.40%"
"2020년 08월 18일","378,000","372,000","389,500","368,000","0.14K","4.28%"
"2020년 08월 17일","362,500","362,500","362,500","362,500","-","0.00%"
"2020년 08월 14일","362,500","361,000","366,000","358,000","818.50K","0.55%"
"2020년 08월 13일","360,500","359,000","365,000","356,500","0.39K","1.84%"
"2020년 08월 12일","354,000","349,000","356,500","347,500","0.14K","0.43%"
"2020년 08월 11일","352,500","351,500","356,000","348,000","0.34K","-0.98%"
"2020년 08월 10일","356,000","345,500","358,500","342,000","0.23K","0.85%"
"2020년 08월 09일","353,000","353,000","353,000","353,000","-","0.00%"
"2020년 08월 07일","353,000","368,000","370,000","350,500","1.89M","-3.02%"
"2020년 08월 06일","364,000","358,500","372,500","358,500","1.07K","-1.75%"
"2020년 08월 05일","370,500","366,500","371,000","363,000","14.31K","0.14%"
"2020년 08월 04일","370,000","379,000","383,500","361,000","1.70K","1.09%"
"2020년 08월 03일","366,000","347,000","366,000","347,000","0.12K","6.55%"
"2020년 08월 02일","343,500","343,500","343,500","343,500","-","0.00%"
"2020년 07월 31일","343,500","336,000","344,000","335,500","1.07M","3.46%"
"2020년 07월 30일","332,000","335,500","337,000","331,500","0.50K","0.15%"
"2020년 07월 29일","331,500","329,000","333,000","325,000","0.29K","0.61%"
"2020년 07월 28일","329,500","331,500","335,500","328,500","2.02K","0.92%"
"2020년 07월 27일","326,500","321,500","329,500","320,500","0.04K","0.62%"
"2020년 07월 26일","324,500","324,500","324,500","324,500","-","0.00%"
"2020년 07월 24일","324,500","325,000","333,000","322,000","898.06K","-1.52%"
"2020년 07월 23일","329,500","316,500","329,500","315,000","1.25M","3.62%"
"2020년 07월 22일","318,000","310,500","321,000","306,000","0.47K","0.63%"
"2020년 07월 21일","316,000","323,500","325,500","311,500","1.10K","1.94%"
"2020년 07월 20일","310,000","325,000","325,000","310,000","0.13K","-4.62%"
"2020년 07월 19일","325,000","325,000","325,000","325,000","-","0.00%"
"2020년 07월 17일","325,000","319,000","327,000","314,000","1.26M","0.93%"
"2020년 07월 16일","322,000","332,000","334,500","319,000","1.65K","-4.59%"
"2020년 07월 15일","337,500","344,500","349,500","332,000","0.61K","-1.60%"
"2020년 07월 14일","343,000","341,500","346,000","340,000","4.96K","-2.56%"
"2020년 07월 13일","352,000","348,000","355,500","347,000","0.50K","-0.98%"
"2020년 07월 10일","355,500","351,000","368,000","345,500","2.55M","0.00%"
"2020년 07월 09일","355,500","335,000","355,500","332,500","4.12K","8.38%"
"2020년 07월 08일","328,000","312,000","328,000","305,000","0.37K","5.64%"
"2020년 07월 07일","310,500","306,000","317,500","304,500","0.58K","3.33%"
"2020년 07월 06일","300,500","297,500","307,000","297,500","0.16K","2.21%"
"2020년 07월 05일","294,000","294,000","294,000","294,000","-","0.00%"
"2020년 07월 03일","294,000","289,500","297,000","284,000","1.60M","2.98%"
"2020년 07월 02일","285,500","273,000","285,500","273,000","0.03K","5.94%"
"2020년 07월 01일","269,500","271,000","275,000","267,500","0.14K","0.75%"
"2020년 06월 30일","267,500","272,000","273,000","267,500","0.02K","0.00%"
"2020년 06월 29일","267,500","269,000","273,500","266,500","0.04K","-2.55%"
"2020년 06월 28일","274,500","274,500","274,500","274,500","-","0.00%"
"2020년 06월 26일","274,500","279,500","280,000","268,000","809.55K","0.00%"
"2020년 06월 25일","274,500","278,500","281,500","273,500","0.01K","-2.83%"
"2020년 06월 24일","282,500","281,500","284,000","275,000","0.12K","0.36%"
"2020년 06월 23일","281,500","278,500","289,000","277,500","0.13K","2.74%"
"2020년 06월 22일","274,000","263,000","276,000","260,500","0.04K","3.98%"
"2020년 06월 21일","263,500","263,500","263,500","263,500","-","0.00%"
"2020년 06월 19일","263,500","267,500","269,500","262,000","910.40K","0.00%"
"2020년 06월 18일","263,500","264,500","266,500","260,500","0.05K","0.19%"
"2020년 06월 17일","263,000","262,500","264,500","262,000","2.54K","0.00%"
"2020년 06월 16일","263,000","260,500","263,000","258,000","892.39K","4.16%"
"2020년 06월 15일","252,500","266,000","271,000","250,000","1.54M","-5.08%"
"2020년 06월 14일","266,000","266,000","266,000","266,000","-","0.00%"
"2020년 06월 12일","266,000","256,500","268,000","256,000","1.68M","0.38%"
"2020년 06월 11일","265,000","264,000","268,000","261,000","0.15K","1.15%"
"2020년 06월 10일","262,000","257,000","263,500","257,000","0.48K","2.95%"
"2020년 06월 09일","254,500","255,500","259,500","252,500","0.23K","-0.78%"
"2020년 06월 08일","256,500","252,500","258,000","248,500","0.13K","2.19%"
"2020년 06월 07일","251,000","251,000","251,000","251,000","-","0.00%"
"2020년 06월 05일","251,000","253,000","253,500","247,500","1.00M","-1.18%"
"2020년 06월 04일","254,000","247,500","256,500","247,000","1.42K","1.80%"
"2020년 06월 03일","249,500","259,500","261,500","247,500","3.71K","-3.85%"
"2020년 06월 02일","259,500","262,500","262,500","257,000","1.50K","-1.70%"
"2020년 06월 01일","264,000","263,500","266,000","259,500","1.08M","0.19%"
"2020년 05월 31일","263,500","263,500","263,500","263,500","-","0.00%"
"2020년 05월 29일","263,500","263,500","267,500","257,500","1.63M","-1.31%"
"2020년 05월 28일","267,000","257,500","270,000","253,000","2.40K","2.50%"
"2020년 05월 27일","260,500","262,500","267,000","257,000","1.90K","-3.52%"
"2020년 05월 26일","270,000","273,000","279,500","261,000","1.19K","0.75%"
"2020년 05월 25일","268,000","250,500","269,500","249,500","3.02K","8.50%"
"2020년 05월 24일","247,000","247,000","247,000","247,000","-","0.00%"
"2020년 05월 22일","247,000","237,500","248,500","235,000","1.88M","4.00%"
"2020년 05월 21일","237,500","237,500","240,000","234,500","1.40M","2.59%"
"2020년 05월 20일","231,500","223,500","234,000","222,500","0.10K","5.23%"
"2020년 05월 19일","220,000","222,000","222,500","214,500","0.19K","-0.45%"
"2020년 05월 18일","221,000","221,500","225,500","219,000","0.91K","-0.23%"
"2020년 05월 17일","221,500","221,500","221,500","221,500","-","0.00%"
"2020년 05월 15일","221,500","228,500","231,500","216,000","1.52M","-1.56%"
"2020년 05월 14일","225,000","216,000","228,000","214,000","0.02K","3.93%"
"2020년 05월 13일","216,500","211,500","216,500","211,500","0.23K","0.93%"
"2020년 05월 12일","214,500","209,000","216,500","206,000","1.56M","3.37%"
"2020년 05월 11일","207,500","207,000","211,500","206,500","1.05M","0.73%"
"2020년 05월 10일","206,000","206,000","206,000","206,000","-","0.00%"
"2020년 05월 08일","206,000","206,500","210,000","204,000","1.40M","0.00%"
"2020년 05월 07일","206,000","199,500","207,500","198,500","2.62M","3.26%"
"2020년 05월 06일","199,500","189,000","200,000","188,000","2.03M","6.97%"
"2020년 05월 05일","186,500","186,500","186,500","186,500","-","0.00%"
"2020년 05월 04일","186,500","181,500","190,000","180,000","1.02M","1.36%"
"2020년 05월 03일","184,000","184,000","184,000","184,000","-","0.00%"
"2020년 04월 29일","184,000","184,000","186,500","182,500","657.14K","-0.54%"
"2020년 04월 28일","185,000","185,500","186,500","181,500","665.91K","0.54%"
"2020년 04월 27일","184,000","183,000","187,000","181,500","719.45K","0.55%"
"2020년 04월 26일","183,000","183,000","183,000","183,000","-","0.00%"
"2020년 04월 24일","183,000","184,500","188,500","182,000","1.07M","-1.35%"
"2020년 04월 23일","185,500","181,500","186,500","180,500","1.40M","4.80%"
"2020년 04월 22일","177,000","174,000","177,000","171,500","683.68K","0.85%"
"2020년 04월 21일","175,500","176,500","177,500","168,500","1.23M","0.29%"
"2020년 04월 20일","175,000","172,500","179,000","172,000","857.32K","1.74%"
"2020년 04월 19일","172,000","172,000","172,000","172,000","-","0.00%"
"2020년 04월 17일","172,000","169,000","172,500","167,500","944.90K","3.93%"
"2020년 04월 16일","165,500","159,000","167,000","158,500","1.00M","3.76%"
"2020년 04월 15일","159,500","159,500","159,500","159,500","-","0.00%"
"2020년 04월 14일","159,500","159,500","160,500","158,000","429.01K","1.27%"
"2020년 04월 13일","157,500","161,000","161,000","157,000","468.61K","-2.17%"
"2020년 04월 12일","161,000","161,000","161,000","161,000","-","0.00%"
"2020년 04월 10일","161,000","158,500","161,500","157,000","751.80K","1.90%"
"2020년 04월 09일","158,000","161,000","161,000","157,500","713.34K","0.00%"
"2020년 04월 08일","158,000","159,000","160,500","158,000","734.61K","-1.25%"
"2020년 04월 07일","160,000","163,500","164,500","158,500","911.41K","-0.31%"
"2020년 04월 06일","160,500","158,500","161,000","157,500","804.35K","1.90%"
"2020년 04월 05일","157,500","157,500","157,500","157,500","-","0.00%"
"2020년 04월 03일","157,500","158,500","159,000","155,000","544.23K","0.32%"
"2020년 04월 02일","157,000","152,000","157,000","149,000","1.04M","4.32%"
"2020년 04월 01일","150,500","156,000","158,500","150,000","784.85K","-3.22%"
"2020년 03월 31일","155,500","155,000","159,000","152,000","1.04M","1.63%"
"2020년 03월 30일","153,000","149,500","154,500","147,500","631.88K","0.33%"
"2020년 03월 29일","152,500","152,500","152,500","152,500","-","0.00%"
"2020년 03월 27일","152,500","156,500","157,000","149,000","956.64K","1.33%"
"2020년 03월 26일","150,500","155,000","156,000","150,000","0.08K","-2.59%"
"2020년 03월 25일","154,500","160,500","162,500","151,000","0.33K","0.00%"
"2020년 03월 24일","154,500","150,500","155,000","147,000","0.43K","7.67%"
"2020년 03월 23일","143,500","138,500","148,000","138,000","0.10K","-4.01%"
"2020년 03월 22일","149,500","149,500","149,500","149,500","-","0.00%"
"2020년 03월 20일","149,500","138,000","151,000","134,500","1.76M","11.57%"
"2020년 03월 19일","134,000","146,000","147,000","127,500","0.01K","-4.96%"
"2020년 03월 18일","141,000","148,500","152,000","140,500","1.10M","-4.41%"
"2020년 03월 17일","147,500","141,000","150,500","140,000","1.21M","0.00%"
"2020년 03월 16일","147,500","162,000","164,000","147,500","1.25M","-7.23%"
"2020년 03월 15일","159,000","159,000","159,000","159,000","-","0.00%"
"2020년 03월 13일","159,000","150,000","161,500","145,000","1.59M","-1.24%"
"2020년 03월 12일","161,000","167,000","169,000","158,500","1.22M","-4.73%"
"2020년 03월 11일","169,000","172,000","174,500","167,000","547.55K","-2.31%"
"2020년 03월 10일","173,000","164,500","174,500","164,000","948.75K","3.28%"
"2020년 03월 09일","167,500","171,000","171,500","166,000","802.79K","-4.56%"
"2020년 03월 08일","175,500","175,500","175,500","175,500","-","0.00%"
"2020년 03월 06일","175,500","176,500","178,500","174,000","561.50K","-2.23%"
"2020년 03월 05일","179,500","182,500","183,000","176,500","810.50K","0.00%"
"2020년 03월 04일","179,500","174,000","181,000","174,000","707.44K","2.57%"
"2020년 03월 03일","175,000","180,500","181,000","175,000","627.05K","0.00%"
"2020년 03월 02일","175,000","174,500","176,500","169,500","769.94K","1.74%"
"2020년 03월 01일","172,000","172,000","172,000","172,000","-","0.00%"
"2020년 02월 28일","172,000","174,500","176,500","170,500","1.02M","-3.64%"
"2020년 02월 27일","178,500","184,000","185,500","176,500","782.55K","-2.99%"
"2020년 02월 26일","184,000","183,500","185,500","181,500","513.18K","-0.81%"
"2020년 02월 25일","185,500","182,000","186,000","180,000","595.32K","1.09%"
"2020년 02월 24일","183,500","184,500","186,000","182,000","787.43K","-3.17%"
"2020년 02월 23일","189,500","189,500","189,500","189,500","-","0.00%"
"2020년 02월 21일","189,500","188,500","191,500","187,500","557.24K","-0.52%"
"2020년 02월 20일","190,500","190,500","191,500","188,000","545.06K","0.26%"
"2020년 02월 19일","190,000","184,000","190,500","183,500","1.35M","4.40%"
"2020년 02월 18일","182,000","180,500","183,500","179,000","586.45K","0.83%"
"2020년 02월 17일","180,500","180,000","182,000","179,000","328.55K","0.28%"
"2020년 02월 16일","180,000","180,000","180,000","180,000","-","0.00%"
"2020년 02월 14일","180,000","181,000","184,500","179,000","855.75K","0.56%"
"2020년 02월 13일","179,000","174,500","181,500","173,500","1.88M","4.07%"
"2020년 02월 12일","172,000","169,500","172,000","168,000","405.90K","1.18%"
"2020년 02월 11일","170,000","169,000","170,000","168,000","300.90K","0.59%"
"2020년 02월 10일","169,000","167,500","169,500","166,000","374.53K","0.90%"
"2020년 02월 09일","167,500","167,500","167,500","167,500","-","0.00%"
"2020년 02월 07일","167,500","167,000","170,500","166,000","521.10K","0.90%"
"2020년 02월 06일","166,000","165,500","168,000","163,500","550.74K","1.84%"
"2020년 02월 05일","163,000","166,500","167,000","161,500","438.84K","-0.91%"
"2020년 02월 04일","164,500","161,500","165,500","160,500","393.70K","3.13%"
"2020년 02월 03일","159,500","156,000","160,500","156,000","407.26K","0.31%"
"2020년 02월 02일","159,000","159,000","159,000","159,000","-","0.00%"
"2020년 01월 31일","159,000","162,500","164,000","158,500","343.91K","-1.85%"
"2020년 01월 30일","162,000","163,000","165,500","160,500","418.43K","-0.92%"
"2020년 01월 29일","163,500","165,500","166,000","162,500","254.50K","0.62%"
"2020년 01월 28일","162,500","160,000","163,500","159,500","512.40K","-1.81%"
"2020년 01월 27일","165,500","165,500","165,500","165,500","-","0.00%"
"2020년 01월 23일","165,500","168,000","168,000","164,500","322.64K","-0.30%"
"2020년 01월 22일","166,000","166,000","169,000","164,500","468.02K","0.61%"
"2020년 01월 21일","165,000","168,500","169,000","163,500","388.10K","-2.08%"
"2020년 01월 20일","168,500","169,000","170,000","167,000","379.73K","0.00%"
"2020년 01월 19일","168,500","168,500","168,500","168,500","-","0.00%"
"2020년 01월 17일","168,500","171,500","172,500","168,000","351.48K","-1.75%"
"2020년 01월 16일","171,500","170,000","172,000","170,000","259.00K","0.88%"
"2020년 01월 15일","170,000","167,000","170,500","166,500","461.24K","1.80%"
"2020년 01월 14일","167,000","167,500","168,500","165,500","422.83K","0.00%"
"2020년 01월 13일","167,000","165,500","167,500","165,000","474.61K","1.21%"
"2020년 01월 12일","165,000","165,000","165,000","165,000","-","0.00%"
"2020년 01월 10일","165,000","165,000","166,500","163,000","401.23K","0.61%"
"2020년 01월 09일","164,000","163,500","165,500","162,500","877.68K","2.82%"
"2020년 01월 08일","159,500","158,500","162,000","156,500","849.37K","-0.31%"
"2020년 01월 07일","160,000","155,000","160,000","154,500","839.00K","3.56%"
"2020년 01월 06일","154,500","150,500","155,000","150,000","393.46K","1.31%"
"2020년 01월 05일","152,500","152,500","152,500","152,500","-","0.00%"
"2020년 01월 03일","152,500","153,500","155,000","151,000","314.42K","0.00%"
"2020년 01월 02일","152,500","154,000","154,500","152,000","240.50K","-0.65%"
"2019년 12월 30일","153,500","154,000","155,000","153,000","352.78K","0.00%"
"2019년 12월 29일","153,500","153,500","153,500","153,500","-","0.00%"
"2019년 12월 27일","153,500","149,500","154,000","149,000","690.23K","3.72%"
"2019년 12월 26일","148,000","146,000","148,000","146,000","319.46K","1.02%"
"2019년 12월 25일","146,500","146,500","146,500","146,500","-","0.00%"
"2019년 12월 24일","146,500","148,000","150,000","144,500","366.93K","-1.35%"
"2019년 12월 23일","148,500","151,000","151,000","148,000","278.51K","-1.00%"
"2019년 12월 20일","150,000","150,000","153,000","149,500","542.55K","0.00%"
"2019년 12월 19일","150,000","150,500","151,000","149,000","174.80K","-0.66%"
"2019년 12월 18일","151,000","150,500","152,000","149,500","250.14K","0.33%"
"2019년 12월 17일","150,500","151,500","152,000","149,500","272.77K","-0.66%"
"2019년 12월 16일","151,500","151,000","152,000","150,000","296.62K","0.33%"
"2019년 12월 15일","151,000","151,000","151,000","151,000","-","0.00%"
"2019년 12월 13일","151,000","150,500","151,000","148,500","455.52K","1.00%"
"2019년 12월 12일","149,500","151,000","151,500","149,000","708.65K","-0.33%"
"2019년 12월 11일","150,000","150,500","150,500","147,500","478.65K","0.33%"
"2019년 12월 10일","149,500","150,000","151,500","147,000","514.57K","-1.32%"
"2019년 12월 09일","151,500","154,000","154,500","151,000","266.60K","-1.30%"
"2019년 12월 08일","153,500","153,500","153,500","153,500","-","0.00%"
"2019년 12월 06일","153,500","149,000","154,000","149,000","414.48K","2.68%"
"2019년 12월 05일","149,500","155,500","156,000","148,500","840.19K","-4.17%"
"2019년 12월 04일","156,000","156,000","156,000","154,500","232.52K","-0.64%"
"2019년 12월 03일","157,000","155,500","157,000","154,000","235.08K","0.32%"
"2019년 12월 02일","156,500","156,000","156,500","153,500","249.92K","0.64%"
"2019년 12월 01일","155,500","155,500","155,500","155,500","-","0.00%"
"2019년 11월 29일","155,500","156,000","159,000","153,500","470.82K","-0.96%"
"2019년 11월 28일","157,000","156,500","157,500","155,500","217.99K","-0.32%"
"2019년 11월 27일","157,500","158,500","159,000","156,500","293.87K","0.00%"
"2019년 11월 26일","157,500","157,000","158,500","156,500","360.69K","0.64%"
"2019년 11월 25일","156,500","153,500","156,500","153,500","298.95K","2.29%"
"2019년 11월 22일","153,000","153,000","155,500","152,000","331.63K","-0.65%"
"2019년 11월 21일","154,000","156,500","157,000","151,000","666.34K","-1.60%"
"2019년 11월 20일","156,500","156,000","159,000","155,500","331.71K","0.00%"
"2019년 11월 19일","156,500","157,500","157,500","155,500","322.65K","-0.63%"
"2019년 11월 18일","157,500","155,500","158,000","155,500","371.85K","1.29%"
"2019년 11월 15일","155,500","154,500","155,500","153,500","280.14K","0.65%"
"2019년 11월 14일","154,500","154,500","155,000","152,000","650.80K","0.65%"
"2019년 11월 13일","153,500","152,500","154,000","151,000","376.76K","0.00%"
"2019년 11월 12일","153,500","154,000","154,500","152,000","395.46K","-0.32%"
"2019년 11월 11일","154,000","153,000","155,000","152,000","500.83K","1.32%"
"2019년 11월 08일","152,000","152,000","155,000","151,000","877.97K","0.66%"
"2019년 11월 07일","151,000","152,000","154,500","147,000","1.22M","0.00%"
"2019년 11월 06일","151,000","149,000","151,000","148,000","515.10K","1.68%"
"2019년 11월 05일","148,500","146,000","149,000","145,500","502.28K","1.37%"
"2019년 11월 04일","146,500","146,500","147,500","145,500","434.45K","0.69%"
"2019년 11월 01일","145,500","142,500","146,000","142,000","715.19K","2.83%"
"2019년 10월 31일","141,500","139,000","144,000","138,500","725.61K","2.54%"
"2019년 10월 30일","138,000","140,500","140,500","137,500","250.88K","-1.08%"
"2019년 10월 29일","139,500","141,500","142,000","138,000","356.71K","-0.36%"
"2019년 10월 28일","140,000","142,000","145,000","139,500","665.01K","0.00%"
"2019년 10월 27일","140,000","140,000","140,000","140,000","-","0.00%"
"2019년 10월 25일","140,000","140,000","141,000","139,500","195.86K","0.36%"
"2019년 10월 24일","139,500","140,500","142,000","139,000","489.16K","-0.36%"
"2019년 10월 23일","140,000","136,000","140,000","135,500","1.04M","2.94%"
"2019년 10월 22일","136,000","134,000","136,000","134,000","336.85K","1.87%"
"2019년 10월 21일","133,500","132,500","134,000","131,000","213.67K","0.75%"
"2019년 10월 20일","132,500","132,500","132,500","132,500","-","0.00%"
"2019년 10월 18일","132,500","131,000","133,500","131,000","331.94K","1.53%"
"2019년 10월 17일","130,500","131,500","132,500","129,000","617.54K","-1.14%"
"2019년 10월 16일","132,000","134,000","134,500","128,500","752.72K","-1.49%"
"2019년 10월 15일","134,000","135,000","135,000","133,000","189.95K","-0.37%"
"2019년 10월 14일","134,500","136,000","136,500","134,000","317.02K","-0.37%"
"2019년 10월 13일","135,000","135,000","135,000","135,000","-","0.00%"
"2019년 10월 11일","135,000","136,500","137,500","134,500","238.28K","-1.10%"
"2019년 10월 10일","136,500","133,000","137,000","132,500","693.61K","1.49%"
"2019년 10월 09일","134,500","134,500","134,500","134,500","-","0.00%"
"2019년 10월 08일","134,500","134,500","135,000","133,500","224.40K","0.00%"
"2019년 10월 07일","134,500","134,000","135,000","133,000","246.05K","0.75%"
"2019년 10월 04일","133,500","134,500","136,000","133,500","237.10K","-1.48%"
"2019년 10월 03일","135,500","135,500","135,500","135,500","-","0.00%"
"2019년 10월 02일","135,500","136,500","137,000","135,500","151.81K","-1.45%"
"2019년 10월 01일","137,500","136,000","138,000","136,000","251.09K","1.48%"
"2019년 09월 30일","135,500","134,500","136,000","134,000","201.40K","0.00%"
"2019년 09월 29일","135,500","135,500","135,500","135,500","-","0.00%"
"2019년 09월 27일","135,500","136,500","136,500","134,500","168.42K","-0.73%"
"2019년 09월 26일","136,500","137,000","137,500","135,000","210.22K","0.37%"
"2019년 09월 25일","136,000","137,500","138,500","136,000","301.35K","-1.45%"
"2019년 09월 24일","138,000","135,000","138,000","134,500","465.65K","2.60%"
"2019년 09월 23일","134,500","135,000","136,500","134,500","206.43K","-0.74%"
"2019년 09월 22일","135,500","135,500","135,500","135,500","-","0.00%"
"2019년 09월 20일","135,500","135,500","135,500","133,000","354.43K","0.00%"
"2019년 09월 19일","135,500","136,500","137,500","135,000","242.56K","-1.09%"
"2019년 09월 18일","137,000","133,000","137,000","133,000","682.93K","3.79%"
"2019년 09월 17일","132,000","132,000","134,000","132,000","325.63K","0.00%"
"2019년 09월 16일","132,000","134,500","135,000","131,000","411.49K","-0.75%"
"2019년 09월 15일","133,000","133,000","133,000","133,000","-","0.00%"
"2019년 09월 11일","133,000","135,500","136,000","133,000","733.10K","-1.85%"
"2019년 09월 10일","135,500","133,000","135,500","132,500","310.01K","1.88%"
"2019년 09월 09일","133,000","135,000","135,500","132,000","670.29K","-2.21%"
"2019년 09월 06일","136,000","135,000","136,500","135,000","156.03K","0.74%"
"2019년 09월 05일","135,000","138,000","139,000","134,500","597.61K","-2.53%"
"2019년 09월 04일","138,500","137,000","139,000","136,500","425.82K","0.73%"
"2019년 09월 03일","137,500","137,500","138,000","136,000","291.19K","0.36%"
"2019년 09월 02일","137,000","134,000","137,500","133,500","574.89K","1.86%"
"2019년 09월 01일","134,500","134,500","134,500","134,500","-","0.00%"
"2019년 08월 30일","134,500","134,000","135,500","134,000","400.67K","1.13%"
"2019년 08월 29일","133,000","133,000","133,500","131,000","349.15K","-0.37%"
"2019년 08월 28일","133,500","134,000","135,000","132,500","254.45K","-0.37%"
"2019년 08월 27일","134,000","133,500","135,000","133,000","495.06K","1.13%"
"2019년 08월 26일","132,500","130,000","133,000","129,500","373.41K","-0.38%"
"2019년 08월 23일","133,000","132,000","133,500","130,500","302.96K","0.00%"
"2019년 08월 22일","133,000","131,500","135,000","131,500","596.58K","1.14%"
"2019년 08월 21일","131,500","131,000","133,000","130,500","284.17K","-0.38%"
"2019년 08월 20일","132,000","131,000","132,000","129,500","368.34K","1.15%"
"2019년 08월 19일","130,500","130,500","131,500","129,500","222.18K","0.77%"
"2019년 08월 18일","129,500","129,500","129,500","129,500","-","0.00%"
"2019년 08월 16일","129,500","129,500","130,000","128,000","299.25K","-0.77%"
"2019년 08월 15일","130,500","130,500","130,500","130,500","-","0.00%"
"2019년 08월 14일","130,500","133,000","133,000","129,000","337.91K","-0.76%"
"2019년 08월 13일","131,500","130,000","132,500","129,000","361.06K","1.15%"
"2019년 08월 12일","130,000","133,000","133,500","129,500","262.38K","-1.52%"
"2019년 08월 11일","132,000","132,000","132,000","132,000","-","0.00%"
"2019년 08월 09일","132,000","128,000","133,000","127,500","779.12K","3.94%"
"2019년 08월 08일","127,000","128,000","129,000","125,500","954.59K","2.83%"
"2019년 08월 07일","123,500","124,500","125,000","121,500","423.33K","1.23%"
"2019년 08월 06일","122,000","118,500","124,500","117,500","649.75K","-0.41%"
"2019년 08월 05일","122,500","128,000","129,000","121,500","595.12K","-4.67%"
"2019년 08월 02일","128,500","126,000","130,000","123,500","443.87K","1.58%"
"2019년 08월 01일","126,500","126,000","128,500","125,500","248.03K","-0.39%"
"2019년 07월 31일","127,000","125,000","128,000","124,500","293.87K","0.79%"
"2019년 07월 30일","126,000","128,500","129,500","126,000","465.86K","-2.33%"
"2019년 07월 29일","129,000","130,000","132,000","128,000","362.79K","-1.53%"
"2019년 07월 28일","131,000","131,000","131,000","131,000","-","0.00%"
"2019년 07월 26일","131,000","129,000","132,000","127,000","698.95K","0.00%"
"2019년 07월 25일","131,000","136,000","136,000","128,000","1.29M","-3.68%"
"2019년 07월 24일","136,000","136,000","138,000","134,000","682.39K","0.00%"
"2019년 07월 23일","136,000","134,000","136,500","133,000","466.67K","1.49%"
"2019년 07월 22일","134,000","134,500","136,000","133,500","360.34K","-0.74%"
"2019년 07월 21일","135,000","135,000","135,000","135,000","-","0.00%"
"2019년 07월 19일","135,000","132,000","135,500","131,500","655.47K","2.66%"
"2019년 07월 18일","131,500","130,500","132,500","130,500","170.03K","0.38%"
"2019년 07월 17일","131,000","132,000","132,500","129,500","326.63K","-1.50%"
"2019년 07월 16일","133,000","133,500","134,000","132,000","298.18K","0.00%"
"2019년 07월 15일","133,000","132,500","136,000","131,000","781.59K","1.14%"
"2019년 07월 12일","131,500","131,000","132,500","129,500","295.27K","0.77%"
"2019년 07월 11일","130,500","131,000","133,000","130,500","525.43K","-0.38%"
"2019년 07월 10일","131,000","132,000","132,000","129,000","312.06K","0.00%"
"2019년 07월 09일","131,000","128,500","132,000","128,000","462.62K","2.34%"
"2019년 07월 08일","128,000","133,500","133,500","128,000","579.10K","-4.12%"
"2019년 07월 05일","133,500","133,000","134,000","131,500","457.81K","0.75%"
"2019년 07월 04일","132,500","131,000","132,500","129,500","361.93K","1.15%"
"2019년 07월 03일","131,000","131,500","132,000","130,000","298.79K","-0.38%"
"2019년 07월 02일","131,500","129,500","131,500","128,000","263.39K","1.54%"
"2019년 07월 01일","129,500","132,500","133,000","129,000","432.32K","-1.52%"
"2019년 06월 30일","131,500","131,500","131,500","131,500","-","0.00%"
"2019년 06월 28일","131,500","131,500","133,000","130,000","361.03K","0.00%"
"2019년 06월 27일","131,500","131,000","133,500","130,000","701.90K","1.54%"
"2019년 06월 26일","129,500","131,000","132,500","129,000","514.33K","-0.77%"
"2019년 06월 25일","130,500","129,000","131,000","127,500","953.12K","3.57%"
"2019년 06월 24일","126,000","127,000","128,000","125,500","305.92K","-0.40%"
"2019년 06월 23일","126,500","126,500","126,500","126,500","-","0.00%"
"2019년 06월 21일","126,500","124,500","128,000","124,000","807.72K","3.69%"
"2019년 06월 20일","122,000","122,000","124,000","120,000","276.15K","0.00%"
"2019년 06월 19일","122,000","122,500","122,500","121,000","177.85K","0.83%"
"2019년 06월 18일","121,000","121,500","123,000","120,000","343.46K","-0.41%"
"2019년 06월 17일","121,500","125,000","125,000","121,000","328.78K","-2.80%"
"2019년 06월 16일","125,000","125,000","125,000","125,000","-","0.00%"
"2019년 06월 14일","125,000","127,000","128,000","124,500","356.96K","-1.19%"
"2019년 06월 13일","126,500","124,000","127,500","123,500","746.44K","2.02%"
"2019년 06월 12일","124,000","124,500","125,000","122,500","212.52K","-0.40%"
"2019년 06월 11일","124,500","124,000","125,000","122,500","244.12K","0.40%"
"2019년 06월 10일","124,000","120,000","125,000","119,000","459.42K","3.33%"
"2019년 06월 07일","120,000","120,000","120,500","117,500","536.52K","-0.41%"
"2019년 06월 05일","120,500","121,000","121,500","119,500","306.54K","0.84%"
"2019년 06월 04일","119,500","122,500","124,000","116,500","845.81K","-2.45%"
"2019년 06월 03일","122,500","123,500","125,500","122,000","314.89K","-1.61%"
"2019년 05월 31일","124,500","124,000","126,000","123,000","324.52K","0.00%"
"2019년 05월 30일","124,500","122,000","125,500","122,000","459.82K","2.47%"
"2019년 05월 29일","121,500","122,500","123,500","120,500","320.26K","-1.22%"
"2019년 05월 28일","123,000","121,000","125,000","120,500","565.42K","0.82%"
"2019년 05월 27일","122,000","125,000","126,500","120,500","547.71K","-1.61%"
"2019년 05월 24일","124,000","123,000","124,000","120,500","762.30K","0.00%"
"2019년 05월 23일","124,000","125,000","127,000","123,500","424.64K","-1.20%"
"2019년 05월 22일","125,500","125,500","126,500","121,500","836.07K","0.40%"
"2019년 05월 21일","125,000","126,500","127,500","125,000","693.07K","-1.19%"
"2019년 05월 20일","126,500","126,500","128,500","125,500","888.81K","1.61%"
"2019년 05월 17일","124,500","129,000","129,500","124,000","2.44M","-6.74%"
"2019년 05월 16일","133,500","132,500","134,000","130,500","554.19K","1.14%"
"2019년 05월 15일","132,000","135,500","136,000","130,000","1.24M","-1.49%"
"2019년 05월 14일","134,000","127,000","135,000","126,500","1.35M","4.28%"
"2019년 05월 13일","128,500","130,500","130,500","127,000","583.12K","-1.15%"
"2019년 05월 10일","130,000","128,500","131,000","127,500","1.00M","2.77%"
"2019년 05월 09일","126,500","133,500","133,500","126,500","1.35M","-1.56%"
"2019년 05월 08일","128,500","126,500","130,000","125,500","688.24K","0.78%"
"2019년 05월 07일","127,500","126,000","130,000","126,000","663.71K","-0.39%"
"2019년 05월 03일","128,000","126,000","129,000","125,500","1.10M","4.07%"
"2019년 05월 02일","123,000","120,000","124,500","119,500","729.86K","2.50%"
"2019년 04월 30일","120,000","119,000","121,000","118,500","493.14K","0.42%"
"2019년 04월 29일","119,500","115,500","119,500","114,000","511.63K","3.91%"
"2019년 04월 26일","115,000","115,500","117,500","113,000","366.21K","-0.86%"
"2019년 04월 25일","116,000","117,500","118,000","115,000","290.48K","-1.69%"
"2019년 04월 24일","118,000","117,500","118,500","115,500","442.05K","1.29%"
"2019년 04월 23일","116,500","118,500","119,500","116,000","257.27K","-1.27%"
"2019년 04월 22일","118,000","118,000","120,500","117,000","456.75K","0.85%"
"2019년 04월 19일","117,000","117,000","119,000","115,000","328.90K","0.43%"
"2019년 04월 18일","116,500","119,000","119,500","116,000","420.02K","-0.85%"
"2019년 04월 17일","117,500","117,000","119,000","115,500","650.41K","0.00%"
"2019년 04월 16일","117,500","113,500","118,000","112,500","1.72M","6.33%"
"2019년 04월 15일","110,500","104,000","110,500","103,000","1.22M","7.80%"
"2019년 04월 12일","102,500","102,500","102,500","101,500","160.83K","0.00%"
"2019년 04월 11일","102,500","103,000","103,000","101,500","252.63K","0.00%"
"2019년 04월 10일","102,500","101,000","103,000","100,500","262.65K","1.99%"
"2019년 04월 09일","100,500","102,000","102,000","100,000","382.26K","-1.47%"
"2019년 04월 08일","102,000","103,000","103,500","101,500","202.99K","-0.49%"
"2019년 04월 05일","102,500","102,500","103,000","102,000","131.82K","0.00%"
"2019년 04월 04일","102,500","102,500","103,000","101,500","260.64K","0.00%"
"2019년 04월 03일","102,500","103,000","104,000","102,000","292.56K","-0.97%"
"2019년 04월 02일","103,500","103,500","104,000","102,000","227.08K","0.49%"
"2019년 04월 01일","103,000","103,500","104,000","102,000","215.09K","-0.48%"
"2019년 03월 29일","103,500","103,000","104,000","102,500","152.20K","0.98%"
"2019년 03월 28일","102,500","102,000","104,000","102,000","161.77K","0.00%"
"2019년 03월 27일","102,500","104,500","104,500","102,000","208.40K","-1.44%"
"2019년 03월 26일","104,000","102,500","105,500","102,000","257.12K","1.96%"
"2019년 03월 25일","102,000","102,000","104,000","101,500","171.35K","-1.92%"
"2019년 03월 22일","104,000","103,000","104,500","103,000","238.88K","1.46%"
"2019년 03월 21일","102,500","102,000","104,000","101,500","229.27K","0.49%"
"2019년 03월 20일","102,000","103,000","103,500","100,000","490.87K","-0.49%"
"2019년 03월 19일","102,500","107,500","108,500","102,500","583.99K","-4.65%"
"2019년 03월 18일","107,500","108,000","108,500","107,000","197.03K","0.00%"
"2019년 03월 15일","107,500","106,500","108,500","106,500","461.92K","0.94%"
"2019년 03월 14일","106,500","105,000","107,500","104,500","443.14K","2.40%"
"2019년 03월 13일","104,000","104,000","106,500","103,500","239.46K","0.48%"
"2019년 03월 12일","103,500","106,500","107,000","103,500","379.33K","-2.36%"
"2019년 03월 11일","106,000","108,000","108,000","104,500","275.45K","-1.40%"
"2019년 03월 08일","107,500","109,000","109,500","106,500","790.90K","2.87%"
"2019년 03월 07일","104,500","105,500","107,000","103,500","302.80K","-0.95%"
"2019년 03월 06일","105,500","107,000","108,000","104,000","297.18K","-0.94%"
"2019년 03월 05일","106,500","108,000","108,000","105,500","471.28K","-1.84%"
"2019년 03월 04일","108,500","105,500","109,000","105,000","850.88K","4.83%"
"2019년 02월 28일","103,500","105,000","106,500","103,500","730.14K","-1.43%"
"2019년 02월 27일","105,000","104,500","105,500","103,000","550.94K","1.45%"
"2019년 02월 26일","103,500","98,400","103,500","98,400","1.24M","5.29%"
"2019년 02월 25일","98,300","99,400","99,800","98,100","368.97K","-1.01%"
"2019년 02월 22일","99,300","99,500","100,500","98,800","293.13K","0.40%"
"2019년 02월 21일","98,900","99,800","101,000","98,800","326.77K","-0.80%"
"2019년 02월 20일","99,700","100,500","101,000","98,500","385.68K","-0.30%"
"2019년 02월 19일","100,000","101,500","102,000","100,000","229.06K","-1.96%"
"2019년 02월 18일","102,000","102,500","103,000","101,000","354.46K","0.49%"
"2019년 02월 17일","101,500","101,500","101,500","101,500","-","0.00%"
"2019년 02월 15일","101,500","101,500","103,500","100,500","652.77K","1.00%"
"2019년 02월 14일","100,500","97,800","101,000","96,100","834.34K","2.45%"
"2019년 02월 13일","98,100","96,500","98,900","95,500","518.90K","2.19%"
"2019년 02월 12일","96,000","95,600","96,500","93,300","579.41K","0.42%"
"2019년 02월 11일","95,600","98,500","98,700","95,300","824.88K","-2.65%"
"2019년 02월 10일","98,200","98,200","98,200","98,200","-","0.00%"
"2019년 02월 08일","98,200","98,700","99,100","98,100","314.02K","-0.81%"
"2019년 02월 07일","99,000","100,000","100,000","98,700","306.90K","-0.60%"
"2019년 02월 06일","99,600","99,600","99,600","99,600","-","0.00%"
"2019년 02월 01일","99,600","99,400","100,500","99,200","347.43K","0.30%"
"2019년 01월 31일","99,300","100,500","100,500","98,800","544.56K","-0.60%"
"2019년 01월 30일","99,900","102,000","102,500","99,500","563.26K","-2.06%"
"2019년 01월 29일","102,000","101,500","102,000","101,000","224.60K","0.00%"
"2019년 01월 28일","102,000","103,000","104,000","101,500","275.08K","-0.49%"
"2019년 01월 27일","102,500","102,500","102,500","102,500","-","0.00%"
"2019년 01월 25일","102,500","101,500","103,000","101,000","354.46K","0.49%"
"2019년 01월 24일","102,000","102,500","103,500","101,000","282.03K","-0.49%"
"2019년 01월 23일","102,500","101,500","103,000","100,500","359.29K","0.49%"
"2019년 01월 22일","102,000","99,400","102,500","99,300","447.66K","3.24%"
"2019년 01월 21일","98,800","99,900","100,000","98,700","252.03K","-0.80%"
"2019년 01월 20일","99,600","99,600","99,600","99,600","-","0.00%"
"2019년 01월 18일","99,600","99,000","99,900","98,900","290.79K","1.12%"
"2019년 01월 17일","98,500","100,000","102,000","98,500","434.31K","-1.50%"
"2019년 01월 16일","100,000","100,500","101,000","99,800","216.77K","0.10%"
"2019년 01월 15일","99,900","100,000","102,500","99,500","379.30K","-0.10%"
"2019년 01월 14일","100,000","102,000","102,000","99,800","241.94K","-1.96%"
"2019년 01월 13일","102,000","102,000","102,000","102,000","-","0.00%"
"2019년 01월 11일","102,000","101,000","103,500","101,000","180.01K","0.99%"
"2019년 01월 10일","101,000","101,000","103,000","100,500","289.89K","-0.98%"
"2019년 01월 09일","102,000","100,500","102,500","100,000","356.40K","2.10%"
"2019년 01월 08일","99,900","102,500","103,000","99,500","449.57K","-3.01%"
"2019년 01월 07일","103,000","105,000","107,000","102,000","376.28K","-0.48%"
"2019년 01월 06일","103,500","103,500","103,500","103,500","-","0.00%"
"2019년 01월 04일","103,500","102,000","104,000","101,500","250.84K","0.98%"
"2019년 01월 03일","102,500","102,500","105,500","100,500","293.72K","0.49%"
"2019년 01월 02일","102,000","103,500","105,000","101,500","172.53K","-0.97%"
"2019년 01월 01일","103,000","103,000","103,000","103,000","-","0.00%"
"2018년 12월 28일","103,000","101,000","104,500","101,000","190.54K","1.48%"
"2018년 12월 27일","101,500","100,500","102,000","100,000","216.63K","3.05%"
"2018년 12월 26일","98,500","99,000","100,500","98,000","491.63K","-2.48%"
"2018년 12월 25일","101,000","101,000","101,000","101,000","-","0.00%"
"2018년 12월 24일","101,000","104,500","104,500","100,000","318.78K","-3.35%"
"2018년 12월 23일","104,500","104,500","104,500","104,500","-","0.00%"
"2018년 12월 21일","104,500","102,500","104,500","101,000","428.86K","1.46%"
"2018년 12월 20일","103,000","107,000","107,000","101,000","578.50K","-4.63%"
"2018년 12월 19일","108,000","108,500","109,000","106,000","217.76K","-0.46%"
"2018년 12월 18일","108,500","108,500","111,000","107,000","188.51K","-1.81%"
"2018년 12월 17일","110,500","110,000","112,000","108,500","172.86K","0.45%"
"2018년 12월 16일","110,000","110,000","110,000","110,000","-","0.00%"
"2018년 12월 14일","110,000","110,500","111,500","109,000","188.75K","-1.35%"
"2018년 12월 13일","111,500","111,500","114,500","110,500","494.12K","1.36%"
"2018년 12월 12일","110,000","107,000","111,000","105,500","393.19K","2.80%"
"2018년 12월 11일","107,000","110,000","110,500","106,500","460.34K","-3.60%"
"2018년 12월 10일","111,000","113,000","113,500","110,000","329.98K","-3.06%"
"2018년 12월 09일","114,500","114,500","114,500","114,500","-","0.00%"
"2018년 12월 07일","114,500","116,500","117,000","112,000","353.83K","-1.29%"
"2018년 12월 06일","116,000","115,000","117,500","114,500","395.10K","1.31%"
"2018년 12월 05일","114,500","112,000","115,000","111,500","221.56K","0.88%"
"2018년 12월 04일","113,500","114,000","115,000","113,000","262.87K","0.00%"
"2018년 12월 03일","113,500","114,500","115,000","112,500","261.35K","0.89%"
"2018년 12월 02일","112,500","112,500","112,500","112,500","-","0.00%"
"2018년 11월 30일","112,500","112,000","113,000","111,500","346.40K","0.45%"
"2018년 11월 29일","112,000","113,000","114,000","111,000","262.62K","0.00%"
"2018년 11월 28일","112,000","111,500","113,000","111,000","185.19K","1.36%"
"2018년 11월 27일","110,500","113,000","114,000","110,000","270.01K","-1.78%"
"2018년 11월 26일","112,500","107,500","113,000","107,500","456.27K","4.17%"
"2018년 11월 25일","108,000","108,000","108,000","108,000","-","0.00%"
"2018년 11월 23일","108,000","107,000","109,500","106,000","242.13K","1.41%"
"2018년 11월 22일","106,500","107,000","107,500","106,000","143.23K","-0.93%"
"2018년 11월 21일","107,500","105,000","107,500","104,500","205.19K","0.47%"
"2018년 11월 20일","107,000","106,500","107,500","105,000","234.48K","0.00%"
"2018년 11월 19일","107,000","102,500","107,500","102,500","345.89K","4.39%"
"2018년 11월 18일","102,500","102,500","102,500","102,500","-","0.00%"
"2018년 11월 16일","102,500","105,000","106,000","102,000","190.18K","-1.44%"
"2018년 11월 15일","104,000","102,500","104,000","101,500","163.97K","0.97%"
"2018년 11월 14일","103,000","102,500","104,000","101,500","250.71K","1.48%"
"2018년 11월 13일","101,500","98,800","101,500","98,700","277.65K","0.50%"
"2018년 11월 12일","101,000","101,000","101,500","100,000","200.85K","0.50%"
"2018년 11월 11일","100,500","100,500","100,500","100,500","-","0.00%"
"2018년 11월 09일","100,500","100,000","102,000","98,700","286.51K","0.50%"
"2018년 11월 08일","100,000","97,900","102,000","97,800","643.59K","4.60%"
"2018년 11월 07일","95,600","97,100","97,700","95,200","267.67K","-1.04%"
"2018년 11월 06일","96,600","95,700","97,500","95,000","195.34K","1.15%"
"2018년 11월 05일","95,500","97,000","97,400","94,700","338.92K","-2.75%"
"2018년 11월 02일","98,200","95,200","98,500","94,100","407.84K","5.48%"
"2018년 11월 01일","93,100","92,000","95,600","91,900","372.21K","1.64%"
"2018년 10월 31일","91,600","90,900","92,800","89,700","334.20K","1.22%"
"2018년 10월 30일","90,500","86,000","91,100","86,000","520.67K","3.31%"
"2018년 10월 29일","87,600","89,900","92,400","87,200","593.75K","-3.63%"
"2018년 10월 26일","90,900","95,000","95,500","89,900","650.61K","-3.50%"
"2018년 10월 25일","94,200","97,300","97,300","92,000","1.02M","-5.04%"
"2018년 10월 24일","99,200","101,000","101,500","98,900","311.39K","-1.29%"
"2018년 10월 23일","100,500","102,500","103,500","100,000","192.97K","-1.95%"
"2018년 10월 22일","102,500","101,500","104,000","100,500","207.43K","1.49%"
"2018년 10월 19일","101,000","100,000","102,000","99,100","267.38K","0.50%"
"2018년 10월 18일","100,500","100,000","101,500","99,700","172.17K","0.00%"
"2018년 10월 17일","100,500","103,000","103,000","100,000","301.88K","0.00%"
"2018년 10월 16일","100,500","99,300","101,000","99,300","183.24K","1.21%"
"2018년 10월 15일","99,300","101,000","102,000","99,200","219.23K","-1.68%"
"2018년 10월 14일","101,000","101,000","101,000","101,000","-","0.00%"
"2018년 10월 12일","101,000","98,500","102,000","97,600","535.84K","2.54%"
"2018년 10월 11일","98,500","100,000","102,000","98,500","951.81K","-5.29%"
"2018년 10월 10일","104,000","106,500","108,500","104,000","511.78K","-3.26%"
"2018년 10월 09일","107,500","107,500","107,500","107,500","-","0.00%"
"2018년 10월 08일","107,500","107,500","110,500","107,500","183.30K","-1.38%"
"2018년 10월 07일","109,000","109,000","109,000","109,000","-","0.00%"
"2018년 10월 05일","109,000","110,500","111,500","108,500","475.82K","-2.68%"
"2018년 10월 04일","112,000","114,500","115,500","111,000","602.10K","-3.03%"
"2018년 10월 03일","115,500","115,500","115,500","115,500","-","0.00%"
"2018년 10월 02일","115,500","120,500","121,000","114,500","613.51K","-3.35%"
"2018년 10월 01일","119,500","120,000","123,500","119,500","365.88K","0.42%"
"2018년 09월 30일","119,000","119,000","119,000","119,000","-","0.00%"
"2018년 09월 28일","119,000","120,000","120,500","119,000","228.59K","-1.24%"
"2018년 09월 27일","120,500","119,000","121,000","119,000","274.85K","1.69%"
"2018년 09월 26일","118,500","118,500","118,500","118,500","-","0.00%"
"2018년 09월 21일","118,500","121,500","123,500","118,500","664.73K","0.85%"
"2018년 09월 20일","117,500","118,000","119,500","117,000","306.37K","0.43%"
"2018년 09월 19일","117,000","121,000","121,000","116,500","575.57K","-2.90%"
"2018년 09월 18일","120,500","122,000","122,500","120,000","377.53K","-0.82%"
"2018년 09월 17일","121,500","120,500","121,500","118,000","351.22K","1.25%"
"2018년 09월 16일","120,000","120,000","120,000","120,000","-","0.00%"
"2018년 09월 14일","120,000","120,500","121,000","118,500","286.08K","-0.83%"
"2018년 09월 13일","121,000","121,000","122,000","119,500","407.00K","0.83%"
"2018년 09월 12일","120,000","116,500","120,500","116,500","344.33K","3.00%"
"2018년 09월 11일","116,500","118,500","118,500","116,000","423.19K","-2.10%"
"2018년 09월 10일","119,000","119,000","120,500","118,500","214.90K","-0.83%"
"2018년 09월 09일","120,000","120,000","120,000","120,000","-","0.00%"
"2018년 09월 07일","120,000","120,000","120,500","118,500","205.47K","0.00%"
"2018년 09월 06일","120,000","121,500","122,000","119,000","298.32K","-0.83%"
"2018년 09월 05일","121,000","122,000","123,500","121,000","214.62K","-0.82%"
"2018년 09월 04일","122,000","121,500","123,000","120,500","267.76K","0.41%"
"2018년 09월 03일","121,500","125,000","125,500","121,000","458.85K","-2.80%"
"2018년 09월 02일","125,000","125,000","125,000","125,000","-","0.00%"
"2018년 08월 31일","125,000","124,000","125,500","123,000","431.04K","-1.19%"
"2018년 08월 30일","126,500","126,500","128,000","125,500","296.53K","0.00%"
"2018년 08월 29일","126,500","125,000","127,500","124,000","749.03K","0.80%"
"2018년 08월 28일","125,500","127,000","127,500","123,500","479.85K","-1.95%"
"2018년 08월 27일","128,000","124,000","128,000","124,000","579.88K","3.23%"
"2018년 08월 26일","124,000","124,000","124,000","124,000","-","0.00%"
"2018년 08월 24일","124,000","125,000","125,000","123,000","280.28K","-1.20%"
"2018년 08월 23일","125,500","125,000","126,000","123,500","289.91K","0.80%"
"2018년 08월 22일","124,500","125,500","125,500","122,500","331.88K","0.40%"
"2018년 08월 21일","124,000","125,000","126,500","124,000","351.34K","-0.40%"
"2018년 08월 20일","124,500","127,000","128,000","124,000","327.12K","-1.97%"
"2018년 08월 19일","127,000","127,000","127,000","127,000","-","0.00%"
"2018년 08월 17일","127,000","128,500","129,000","126,500","325.94K","-0.39%"
"2018년 08월 16일","127,500","124,500","128,000","124,000","474.46K","0.00%"
"2018년 08월 15일","127,500","127,500","127,500","127,500","-","0.00%"
"2018년 08월 14일","127,500","125,000","128,500","123,000","506.40K","2.82%"
"2018년 08월 13일","124,000","126,500","127,500","122,500","633.05K","-3.13%"
"2018년 08월 12일","128,000","128,000","128,000","128,000","-","0.00%"
"2018년 08월 10일","128,000","125,500","129,500","124,000","1.26M","1.99%"
"2018년 08월 09일","125,500","121,000","126,000","119,500","1.61M","5.46%"
"2018년 08월 08일","119,000","122,000","124,500","118,000","1.21M","-0.83%"
"2018년 08월 07일","120,000","114,000","120,000","113,000","712.33K","5.73%"
"2018년 08월 06일","113,500","113,500","114,500","112,500","189.38K","0.44%"
"2018년 08월 05일","113,000","113,000","113,000","113,000","-","0.00%"
"2018년 08월 03일","113,000","111,500","113,000","111,500","167.76K","1.80%"
"2018년 08월 02일","111,000","112,500","115,000","111,000","310.43K","-1.33%"
"2018년 08월 01일","112,500","112,500","113,500","111,500","275.77K","0.00%"
"2018년 07월 31일","112,500","115,000","116,000","111,500","653.46K","-3.43%"
"2018년 07월 30일","116,500","118,500","119,000","116,000","307.39K","-2.51%"
"2018년 07월 29일","119,500","119,500","119,500","119,500","-","0.00%"
"2018년 07월 27일","119,500","117,500","120,000","116,500","565.33K","1.70%"
"2018년 07월 26일","117,500","118,000","118,500","116,000","260.39K","-0.42%"
"2018년 07월 25일","118,000","117,500","118,000","116,000","307.67K","0.85%"
"2018년 07월 24일","117,000","115,500","118,000","115,000","501.87K","1.30%"
"2018년 07월 23일","115,500","115,000","117,000","113,500","345.78K","0.43%"
"2018년 07월 20일","115,000","114,000","115,500","113,000","184.52K","0.88%"
"2018년 07월 19일","114,000","113,000","115,500","112,500","266.36K","0.88%"
"2018년 07월 18일","113,000","115,000","116,500","112,000","348.13K","-0.88%"
"2018년 07월 17일","114,000","116,000","116,500","113,500","370.96K","-2.15%"
"2018년 07월 16일","116,500","118,000","118,500","115,500","235.14K","-1.27%"
"2018년 07월 15일","118,000","118,000","118,000","118,000","-","0.00%"
"2018년 07월 13일","118,000","118,000","119,000","116,500","300.57K","0.43%"
"2018년 07월 12일","117,500","117,000","118,000","115,500","443.57K","0.86%"
"2018년 07월 11일","116,500","116,000","117,000","115,000","248.66K","-0.43%"
"2018년 07월 10일","117,000","117,500","118,000","116,000","221.71K","-0.43%"
"2018년 07월 09일","117,500","114,500","117,500","114,500","392.49K","2.62%"
"2018년 07월 08일","114,500","114,500","114,500","114,500","-","0.00%"
"2018년 07월 06일","114,500","116,500","117,000","113,000","382.11K","-1.72%"
"2018년 07월 05일","116,500","117,000","118,500","115,500","346.66K","-0.43%"
"2018년 07월 04일","117,000","114,500","118,000","114,000","843.94K","2.63%"
"2018년 07월 03일","114,000","113,500","115,000","112,500","313.57K","2.24%"
"2018년 07월 02일","111,500","115,500","116,500","111,500","414.28K","-2.62%"
"2018년 06월 29일","114,500","113,000","115,500","112,000","578.74K","2.69%"
"2018년 06월 28일","111,500","110,000","112,500","109,000","220.77K","0.45%"
"2018년 06월 27일","111,000","112,500","113,500","110,000","309.34K","-0.89%"
"2018년 06월 26일","112,000","112,500","113,000","111,000","249.29K","-1.75%"
"2018년 06월 25일","114,000","114,000","114,500","112,000","344.82K","0.00%"
"2018년 06월 24일","114,000","114,000","114,000","114,000","-","0.00%"
"2018년 06월 22일","114,000","106,500","114,500","106,500","649.57K","6.54%"
"2018년 06월 21일","107,000","107,500","109,000","106,000","172.38K","-0.93%"
"2018년 06월 20일","108,000","106,000","109,000","106,000","289.83K","1.41%"
"2018년 06월 19일","106,500","107,000","110,500","105,500","249.70K","-0.93%"
"2018년 06월 18일","107,500","109,000","110,000","106,000","404.77K","-1.83%"
"2018년 06월 17일","109,500","109,500","109,500","109,500","-","0.00%"
"2018년 06월 15일","109,500","112,000","112,000","109,000","335.21K","-2.23%"
"2018년 06월 14일","112,000","114,000","114,000","112,000","248.11K","-1.75%"
"2018년 06월 13일","114,000","114,000","114,000","114,000","-","0.00%"
"2018년 06월 12일","114,000","114,000","114,500","113,000","178.99K","0.00%"
"2018년 06월 11일","114,000","113,000","114,500","112,000","250.19K","0.88%"
"2018년 06월 10일","113,000","113,000","113,000","113,000","-","0.00%"
"2018년 06월 08일","113,000","112,000","113,500","110,500","392.46K","1.35%"
"2018년 06월 07일","111,500","112,000","113,500","109,000","354.21K","0.00%"
"2018년 06월 06일","111,500","111,500","111,500","111,500","-","0.00%"
"2018년 06월 05일","111,500","108,000","112,000","107,000","476.15K","3.24%"
"2018년 06월 04일","108,000","104,000","108,500","104,000","431.20K","3.35%"
"2018년 06월 03일","104,500","104,500","104,500","104,500","-","0.00%"
"2018년 06월 01일","104,500","103,500","107,000","103,500","377.36K","0.97%"
"2018년 05월 31일","103,500","104,500","106,000","103,000","466.28K","-0.48%"
"2018년 05월 30일","104,000","107,000","107,500","103,500","596.97K","-3.70%"
"2018년 05월 29일","108,000","108,000","110,000","107,500","316.01K","0.00%"
"2018년 05월 28일","108,000","111,000","111,500","108,000","676.75K","-3.57%"
"2018년 05월 27일","112,000","112,000","112,000","112,000","-","0.00%"
"2018년 05월 25일","112,000","112,000","114,000","111,500","255.91K","-0.88%"
"2018년 05월 24일","113,000","112,000","114,000","112,000","207.38K","0.44%"
"2018년 05월 23일","112,500","113,000","114,500","112,500","283.73K","-0.88%"
"2018년 05월 22일","113,500","113,500","113,500","113,500","-","0.00%"
"2018년 05월 21일","113,500","113,500","114,500","112,500","173.63K","0.00%"
"2018년 05월 20일","113,500","113,500","113,500","113,500","-","0.00%"
"2018년 05월 18일","113,500","118,500","119,000","112,500","811.71K","-2.58%"
"2018년 05월 17일","116,500","117,500","118,500","116,000","333.43K","-0.43%"
"2018년 05월 16일","117,000","114,500","117,000","113,500","464.74K","2.18%"
"2018년 05월 15일","114,500","112,000","115,000","112,000","318.08K","1.33%"
"2018년 05월 14일","113,000","114,500","116,000","111,000","655.03K","-3.42%"
"2018년 05월 13일","117,000","117,000","117,000","117,000","-","0.00%"
"2018년 05월 11일","117,000","117,500","118,000","116,000","346.05K","0.00%"
"2018년 05월 10일","117,000","113,000","118,000","111,000","837.02K","3.54%"
"2018년 05월 09일","113,000","111,000","113,000","110,500","329.70K","0.89%"
"2018년 05월 08일","112,000","112,000","113,000","110,000","328.26K","0.00%"
"2018년 05월 07일","112,000","112,000","112,000","112,000","-","0.00%"
"2018년 05월 04일","112,000","113,000","113,500","111,500","249.45K","-1.32%"
"2018년 05월 03일","113,500","114,500","116,500","113,000","349.95K","-0.87%"
"2018년 05월 02일","114,500","110,500","114,500","109,500","525.16K","3.15%"
"2018년 05월 01일","111,000","111,000","111,000","111,000","-","0.00%"
"2018년 04월 30일","111,000","113,500","114,000","110,000","616.92K","-2.20%"
"2018년 04월 29일","113,500","113,500","113,500","113,500","-","0.00%"
"2018년 04월 27일","113,500","115,000","115,500","112,000","378.35K","-0.44%"
"2018년 04월 26일","114,000","116,500","117,500","113,500","364.89K","-1.30%"
"2018년 04월 25일","115,500","115,500","119,000","113,500","576.02K","0.43%"
"2018년 04월 24일","115,000","112,000","115,500","111,000","471.01K","3.60%"
"2018년 04월 23일","111,000","114,500","114,500","111,000","667.27K","-3.48%"
"2018년 04월 22일","115,000","115,000","115,000","115,000","-","0.00%"
"2018년 04월 20일","115,000","116,500","117,500","113,500","647.34K","-1.29%"
"2018년 04월 19일","116,500","119,000","119,000","116,000","647.84K","-2.51%"
"2018년 04월 18일","119,500","120,000","121,500","118,500","494.06K","1.27%"
"2018년 04월 17일","118,000","117,500","120,000","117,500","397.54K","0.85%"
"2018년 04월 16일","117,000","120,500","120,500","116,500","811.03K","-2.90%"
"2018년 04월 15일","120,500","120,500","120,500","120,500","-","0.00%"
"2018년 04월 13일","120,500","120,500","122,000","119,500","367.34K","0.42%"
"2018년 04월 12일","120,000","122,000","122,500","120,000","364.73K","-1.23%"
"2018년 04월 11일","121,500","124,000","125,000","121,000","375.45K","-0.82%"
"2018년 04월 10일","122,500","121,500","123,500","121,500","321.44K","0.82%"
"2018년 04월 09일","121,500","121,500","122,500","120,000","545.32K","-0.82%"
"2018년 04월 08일","122,500","122,500","122,500","122,500","-","0.00%"
"2018년 04월 06일","122,500","125,000","125,500","122,000","358.93K","-1.61%"
"2018년 04월 05일","124,500","125,000","126,000","124,000","298.35K","0.81%"
"2018년 04월 04일","123,500","129,000","129,000","123,500","720.70K","-3.89%"
"2018년 04월 03일","128,500","127,000","130,500","126,500","481.80K","-0.39%"
"2018년 04월 02일","129,000","132,500","133,500","128,500","453.03K","-2.27%"
"2018년 04월 01일","132,000","132,000","132,000","132,000","-","0.00%"
"2018년 03월 30일","132,000","131,500","133,500","130,000","445.35K","1.93%"
"2018년 03월 29일","129,500","129,500","131,000","126,500","436.23K","0.39%"
"2018년 03월 28일","129,000","129,000","130,500","128,000","461.38K","-1.90%"
"2018년 03월 27일","131,500","134,500","134,500","131,000","397.72K","0.38%"
"2018년 03월 26일","131,000","129,500","132,500","126,500","835.47K","0.38%"
"2018년 03월 25일","130,500","130,500","130,500","130,500","-","0.00%"
"2018년 03월 23일","130,500","135,000","136,000","129,500","1.18M","-5.43%"
"2018년 03월 22일","138,000","137,000","139,000","135,500","566.55K","0.00%"
"2018년 03월 21일","138,000","139,000","140,000","137,500","412.81K","-0.72%"
"2018년 03월 20일","139,000","135,500","140,000","135,000","552.97K","1.09%"
"2018년 03월 19일","137,500","140,000","140,500","136,000","605.72K","-2.48%"
"2018년 03월 18일","141,000","141,000","141,000","141,000","-","0.00%"
"2018년 03월 16일","141,000","141,500","143,000","139,000","1.02M","-0.35%"
"2018년 03월 15일","141,500","137,500","141,500","137,000","947.57K","3.28%"
"2018년 03월 14일","137,000","139,500","140,000","136,000","700.39K","-2.49%"
"2018년 03월 13일","140,500","135,500","141,000","135,000","1.31M","4.07%"
"2018년 03월 12일","135,000","136,000","136,500","134,500","383.29K","0.75%"
"2018년 03월 11일","134,000","134,000","134,000","134,000","-","0.00%"
"2018년 03월 09일","134,000","133,000","135,500","131,000","751.40K","1.52%"
"2018년 03월 08일","132,000","129,500","132,000","128,500","497.46K","1.93%"
"2018년 03월 07일","129,500","133,000","133,500","129,000","595.16K","-2.26%"
"2018년 03월 06일","132,500","126,000","134,000","126,000","1.16M","7.72%"
"2018년 03월 05일","123,000","127,500","128,000","123,000","413.78K","-3.53%"
"2018년 03월 04일","127,500","127,500","127,500","127,500","-","0.00%"
"2018년 03월 02일","127,500","126,500","128,500","124,500","472.04K","-0.39%"
"2018년 03월 01일","128,000","128,000","128,000","128,000","-","0.00%"
"2018년 02월 28일","128,000","130,000","132,500","127,000","773.59K","-2.29%"
"2018년 02월 27일","131,000","124,000","131,000","124,000","1.27M","6.50%"
"2018년 02월 26일","123,000","124,500","124,500","122,500","302.53K","-0.40%"
"2018년 02월 25일","123,500","123,500","123,500","123,500","-","0.00%"
"2018년 02월 23일","123,500","123,500","124,000","122,000","300.33K","0.00%"
"2018년 02월 22일","123,500","124,500","125,000","122,000","304.86K","-0.80%"
"2018년 02월 21일","124,500","123,500","125,500","122,000","395.23K","1.22%"
"2018년 02월 20일","123,000","124,000","124,500","121,500","286.74K","-0.81%"
"2018년 02월 19일","124,000","126,000","126,000","123,000","415.55K","1.22%"
"2018년 02월 18일","122,500","122,500","122,500","122,500","-","0.00%"
"2018년 02월 14일","122,500","119,500","125,000","119,000","856.03K","2.94%"
"2018년 02월 13일","119,000","120,000","121,000","118,500","708.13K","0.85%"
"2018년 02월 12일","118,000","119,000","120,000","116,500","812.37K","0.00%"
"2018년 02월 11일","118,000","118,000","118,000","118,000","-","0.00%"
"2018년 02월 09일","118,000","121,500","124,500","117,000","2.06M","-6.72%"
"2018년 02월 08일","126,500","127,000","130,000","124,500","1.01M","0.00%"
"2018년 02월 07일","126,500","134,000","134,500","126,500","999.84K","-3.44%"
"2018년 02월 06일","131,000","126,500","131,000","125,000","1.75M","-2.60%"
"2018년 02월 05일","134,500","139,500","140,000","134,500","1.52M","-6.27%"
"2018년 02월 04일","143,500","143,500","143,500","143,500","-","0.00%"
"2018년 02월 02일","143,500","142,000","145,000","141,500","1.87M","1.41%"
"2018년 02월 01일","141,500","140,000","142,000","137,500","908.23K","1.07%"
"2018년 01월 31일","140,000","137,500","140,000","135,000","937.88K","1.08%"
"2018년 01월 30일","138,500","139,000","140,500","137,500","638.40K","-0.36%"
"2018년 01월 29일","139,000","141,000","141,500","138,500","704.10K","-0.71%"
"2018년 01월 28일","140,000","140,000","140,000","140,000","-","0.00%"
"2018년 01월 26일","140,000","136,000","141,000","135,000","1.27M","3.70%"
"2018년 01월 25일","135,000","135,000","137,500","134,500","646.52K","0.00%"
"2018년 01월 24일","135,000","136,500","138,000","134,500","758.45K","-1.10%"
"2018년 01월 23일","136,500","135,500","138,000","135,000","959.97K","0.74%"
"2018년 01월 22일","135,500","138,000","139,000","135,000","810.72K","-1.81%"
"2018년 01월 21일","138,000","138,000","138,000","138,000","-","0.00%"
"2018년 01월 19일","138,000","136,000","139,000","134,000","1.13M","1.85%"
"2018년 01월 18일","135,500","134,500","138,500","134,000","1.96M","1.12%"
"2018년 01월 17일","134,000","139,000","139,000","133,000","2.40M","-4.63%"
"2018년 01월 16일","140,500","144,500","145,000","140,000","1.07M","-3.10%"
"2018년 01월 15일","145,000","141,500","147,500","141,500","1.25M","3.20%"
"2018년 01월 14일","140,500","140,500","140,500","140,500","-","0.00%"
"2018년 01월 12일","140,500","145,500","145,500","139,000","1.37M","0.00%"
"2018년 01월 11일","140,500","142,000","146,500","138,000","2.41M","-6.02%"
"2018년 01월 10일","149,500","156,000","158,500","148,000","1.64M","-4.78%"
"2018년 01월 09일","157,000","158,000","160,000","154,500","1.01M","-1.57%"
"2018년 01월 08일","159,500","160,500","162,500","158,000","1.47M","2.24%"
"2018년 01월 07일","156,000","156,000","156,000","156,000","-","0.00%"
"2018년 01월 05일","156,000","157,000","158,000","152,000","1.06M","0.00%"
"2018년 01월 04일","156,000","152,500","159,000","149,500","2.25M","4.70%"
"2018년 01월 03일","149,000","150,500","151,000","145,500","1.15M","1.71%"
"2018년 01월 02일","146,500","140,000","147,000","139,500","1.34M","6.93%"
"2018년 01월 01일","137,000","137,000","137,000","137,000","-","0.00%"
"2017년 12월 28일","137,000","139,500","141,500","134,500","944.40K","-1.79%"
"2017년 12월 27일","139,500","130,000","140,000","129,500","1.56M","10.71%"
"2017년 12월 26일","126,000","130,500","130,500","125,000","725.51K","-2.70%"
"2017년 12월 25일","129,500","129,500","129,500","129,500","-","0.00%"
"2017년 12월 22일","129,500","128,000","130,500","126,500","584.48K","0.39%"
"2017년 12월 21일","129,000","134,000","134,000","129,000","712.31K","-3.37%"
"2017년 12월 20일","133,500","135,000","137,500","133,500","389.23K","-1.48%"
"2017년 12월 19일","135,500","133,500","136,500","131,500","679.30K","0.74%"
"2017년 12월 18일","134,500","138,000","139,500","133,500","1.46M","-5.61%"
"2017년 12월 17일","142,500","142,500","142,500","142,500","-","0.00%"
"2017년 12월 15일","142,500","144,500","145,000","142,000","306.22K","-1.04%"
"2017년 12월 14일","144,000","142,000","145,000","142,000","638.68K","2.13%"
"2017년 12월 13일","141,000","141,000","142,000","138,500","282.39K","0.00%"
"2017년 12월 12일","141,000","139,500","143,500","138,000","439.92K","0.71%"
"2017년 12월 11일","140,000","140,500","140,500","138,000","283.64K","1.08%"
"2017년 12월 10일","138,500","138,500","138,500","138,500","0.73K","0.00%"
"2017년 12월 08일","138,500","137,000","140,500","137,000","563.21K","2.21%"
"2017년 12월 07일","135,500","138,000","139,000","133,000","812.09K","-1.81%"
"2017년 12월 06일","138,000","139,500","143,000","138,000","467.02K","-1.78%"
"2017년 12월 05일","140,500","139,000","141,000","134,000","732.94K","0.72%"
"2017년 12월 04일","139,500","140,500","143,000","138,500","479.65K","-0.36%"
"2017년 12월 03일","140,000","140,000","140,000","140,000","1.25K","0.00%"
"2017년 12월 01일","140,000","136,500","141,000","136,500","864.63K","2.56%"
"2017년 11월 30일","136,500","145,000","145,500","135,000","1.78M","-5.86%"
"2017년 11월 29일","145,000","146,000","146,500","142,000","905.80K","-0.34%"
"2017년 11월 28일","145,500","147,500","148,000","145,000","648.99K","-1.36%"
"2017년 11월 27일","147,500","147,500","151,000","147,000","769.55K","-0.34%"
"2017년 11월 26일","148,000","148,000","148,000","148,000","0.22K","0.00%"
"2017년 11월 24일","148,000","150,000","153,500","146,500","1.15M","-1.00%"
"2017년 11월 23일","149,500","155,000","156,000","149,500","1.17M","-3.24%"
"2017년 11월 22일","154,500","161,000","161,500","153,000","1.71M","-4.04%"
"2017년 11월 21일","161,000","161,500","166,000","160,000","1.24M","0.63%"
"2017년 11월 20일","160,000","158,500","161,000","158,000","710.50K","1.59%"
"2017년 11월 19일","157,500","157,500","157,500","157,500","0.06K","0.00%"
"2017년 11월 17일","157,500","155,500","159,500","154,500","715.38K","1.94%"
"2017년 11월 16일","154,500","154,000","155,500","152,000","418.66K","0.32%"
"2017년 11월 15일","154,000","155,500","156,000","153,500","488.97K","-0.65%"
"2017년 11월 14일","155,000","154,000","156,000","152,500","515.08K","0.65%"
"2017년 11월 13일","154,000","153,000","155,500","152,000","601.75K","0.98%"
"2017년 11월 12일","152,500","152,500","152,500","152,500","0.74K","0.00%"
"2017년 11월 10일","152,500","151,000","156,000","150,000","734.15K","0.00%"
"2017년 11월 09일","152,500","159,500","162,500","149,500","1.63M","-3.17%"
"2017년 11월 08일","157,500","154,500","158,000","154,000","808.03K","2.27%"
"2017년 11월 07일","154,000","153,500","155,000","152,000","478.23K","0.65%"
"2017년 11월 06일","153,000","153,500","154,000","151,500","495.26K","0.33%"
"2017년 11월 05일","152,500","152,500","152,500","152,500","0.69K","0.00%"
"2017년 11월 03일","152,500","151,000","153,000","146,500","622.06K","1.67%"
"2017년 11월 02일","150,000","152,500","153,000","149,000","505.65K","-0.66%"
"2017년 11월 01일","151,000","145,000","151,500","143,000","1.02M","4.86%"
"2017년 10월 31일","144,000","143,000","146,000","142,500","463.58K","1.41%"
"2017년 10월 30일","142,000","144,000","146,500","140,500","650.33K","-1.05%"
"2017년 10월 29일","143,500","143,500","143,500","143,500","6.16K","0.00%"
"2017년 10월 27일","143,500","139,500","143,500","136,500","1.03M","2.50%"
"2017년 10월 26일","140,000","145,500","145,500","139,000","1.89M","-4.11%"
"2017년 10월 25일","146,000","151,500","152,000","145,000","760.26K","-2.67%"
"2017년 10월 24일","150,000","151,000","153,000","150,000","463.84K","-0.66%"
"2017년 10월 23일","151,000","149,000","151,500","147,500","560.26K","0.67%"
"2017년 10월 22일","150,000","150,000","150,000","150,000","0.28K","0.00%"
"2017년 10월 20일","150,000","149,000","151,500","148,000","661.72K","2.04%"
"2017년 10월 19일","147,000","149,000","151,500","145,000","1.06M","-1.01%"
"2017년 10월 18일","148,500","156,500","156,500","147,500","1.63M","-5.71%"
"2017년 10월 17일","157,500","157,000","159,000","153,000","714.67K","0.96%"
"2017년 10월 16일","156,000","150,500","157,000","146,000","1.72M","2.30%"
"2017년 10월 15일","152,500","152,500","152,500","152,500","3.16K","0.00%"
"2017년 10월 13일","152,500","160,000","168,000","151,500","2.52M","-4.39%"
"2017년 10월 12일","159,500","151,500","159,500","151,000","1.30M","5.98%"
"2017년 10월 11일","150,500","149,500","151,500","148,000","521.94K","1.01%"
"2017년 10월 10일","149,000","147,000","149,500","145,500","830.87K","3.47%"
"2017년 10월 09일","144,000","144,000","144,000","144,000","0.12K","0.00%"
"2017년 09월 29일","144,000","140,500","145,000","139,500","747.58K","3.23%"
"2017년 09월 28일","139,500","140,500","141,000","139,000","318.70K","-0.71%"
"2017년 09월 27일","140,500","141,500","142,000","139,500","454.45K","-0.35%"
"2017년 09월 26일","141,000","138,500","141,500","138,500","545.55K","1.81%"
"2017년 09월 25일","138,500","136,000","140,500","134,000","688.79K","0.00%"
"2017년 09월 24일","138,500","138,500","138,500","138,500","2.62K","0.00%"
"2017년 09월 22일","138,500","140,000","142,500","137,000","914.39K","-2.46%"
"2017년 09월 21일","142,000","144,000","144,500","139,500","812.38K","-0.35%"
"2017년 09월 20일","142,500","138,000","144,000","138,000","1.31M","4.01%"
"2017년 09월 19일","137,000","135,000","137,000","132,000","642.55K","1.11%"
"2017년 09월 18일","135,500","136,500","137,500","135,000","712.20K","0.00%"
"2017년 09월 17일","135,500","135,500","135,500","135,500","0.22K","0.00%"
"2017년 09월 15일","135,500","132,500","136,000","131,000","1.14M","2.65%"
"2017년 09월 14일","132,000","129,000","133,000","128,500","2.48M","3.53%"
"2017년 09월 13일","127,500","130,000","130,000","127,000","964.33K","-2.30%"
"2017년 09월 12일","130,500","130,500","131,000","128,500","637.20K","0.00%"
"2017년 09월 11일","130,500","130,000","132,000","129,500","660.70K","0.77%"
"2017년 09월 10일","129,500","129,500","129,500","129,500","0.11K","0.00%"
"2017년 09월 08일","129,500","128,000","130,000","127,500","650.43K","1.97%"
"2017년 09월 07일","127,000","128,000","129,000","126,500","633.60K","-0.78%"
"2017년 09월 06일","128,000","126,000","129,000","125,000","1.08M","1.99%"
"2017년 09월 05일","125,500","121,500","126,000","120,500","1.04M","5.02%"
"2017년 09월 04일","119,500","117,500","122,000","117,500","722.73K","-2.05%"
"2017년 09월 03일","122,000","122,000","122,000","122,000","0.04K","0.00%"
"2017년 09월 01일","122,000","123,000","123,000","120,000","506.83K","-0.81%"
"2017년 08월 31일","123,000","123,000","124,500","122,000","613.06K","0.82%"
"2017년 08월 30일","122,000","122,500","125,000","122,000","1.27M","2.52%"
"2017년 08월 29일","119,000","117,000","120,000","116,500","672.13K","0.85%"
"2017년 08월 28일","118,000","118,000","118,500","116,500","297.17K","0.43%"
"2017년 08월 25일","117,500","117,500","118,500","116,500","409.57K","0.86%"
"2017년 08월 24일","116,500","115,500","118,500","115,500","491.10K","1.30%"
"2017년 08월 23일","115,000","116,500","116,500","114,500","283.59K","-0.43%"
"2017년 08월 22일","115,500","114,500","116,500","113,000","433.30K","1.32%"
"2017년 08월 21일","114,000","114,000","115,000","113,000","256.07K","0.44%"
"2017년 08월 20일","113,500","113,500","113,500","113,500","0.31K","0.00%"
"2017년 08월 18일","113,500","113,000","115,000","112,500","352.58K","-0.87%"
"2017년 08월 17일","114,500","115,500","116,000","113,500","357.45K","0.00%"
"2017년 08월 16일","114,500","114,500","115,000","113,500","543.37K","1.33%"
"2017년 08월 14일","113,000","112,500","114,000","111,000","700.10K","2.73%"
"2017년 08월 13일","110,000","110,000","110,000","110,000","-","0.00%"
"2017년 08월 11일","110,000","107,500","110,500","106,500","776.02K","1.38%"
"2017년 08월 10일","108,500","110,000","111,500","107,000","784.84K","0.00%"
"2017년 08월 09일","108,500","111,000","111,500","107,500","617.05K","-2.25%"
"2017년 08월 08일","111,000","110,500","113,500","110,500","474.55K","0.45%"
"2017년 08월 07일","110,500","111,000","112,500","108,000","674.98K","0.00%"
"2017년 08월 06일","110,500","110,500","110,500","110,500","4.82K","0.00%"
"2017년 08월 04일","110,500","113,500","115,500","110,000","926.51K","-3.49%"
"2017년 08월 03일","114,500","116,500","117,000","112,500","995.46K","0.00%"
"2017년 08월 02일","114,500","113,500","116,500","110,500","2.14M","-2.97%"
"2017년 08월 01일","118,000","121,500","124,500","117,000","2.47M","-1.67%"