,Unnamed: 0,title,time,label,ChangeK
0,4,"종목명 to benefit from strong yen, pay high dividends",2016-06-29 15:26:05,0.0,0.0104017179357975
1,5,"[Hot-Line] “종목명, 외국인 VIP 증가에 실적 양호”",2016-07-19 08:12:04,0.0161943319838056,-0.0020879467378417
2,6,"종목명, 2분기 영업이익 314억원…전년 동기比 44.8%↑",2016-08-05 17:29:04,0.0313725490196079,0.0065314401743139
3,7,마카오 카지노경기 26개월만에 회복…파라다이스·종목명 `들썩`,2016-09-02 16:04:04,-0.026070763500931,0.0106804256319474
4,8,"[Hot-Line] “종목명, 중국인 VIP 정체…내년 성장 동력 부재”",2016-11-07 08:45:07,-0.0466666666666666,0.0078505443148855
5,9,"검찰, ‘최순실·안종범 장애인 펜싱팀 개입 의혹’ 종목명 압수수색",2016-11-09 10:37:04,0.0,-0.0224620390977696
6,10,"""박 대통령, 장애인 펜싱팀 창단에 관여…종목명에 사실상 압력 행사""",2016-11-20 18:40:06,-0.0184757505773671,-0.0043198590029646
7,11,"김종 측 ""종목명 펜싱팀 창단, 대통령 지시…거부할 수 없었다""",2016-12-29 10:40:06,-0.0120772946859903,0.0009730702595374
8,12,"[Hot-Line] 종목명, 경쟁 심화 우려에 신저가",2017-01-11 09:31:04,0.0,0.0146934786582046
9,13,"[Hot-Line] ""종목명, 4분기 영업익 기대치 웃돌듯""",2017-01-12 08:36:04,0.0077519379844961,0.0057681883652513
10,14,카지노 볕드는데 종목명 나홀로 찬바람,2017-02-07 17:37:03,0.0050890585241729,-0.0048813773981302
11,15,"[Hot-Line] ""종목명, 올해 영업이익 22% 감소 전망""…목표가↓",2017-02-23 08:52:02,0.0385542168674699,0.0004840838827324
12,16,[동정] 이기우 그랜드코리아레저(종목명) 사장,2017-02-28 18:03:03,-0.0023419203747072,0.0052638167004017
13,17,[포토] 종목명 장학금 전달식,2017-03-05 18:49:02,-0.0229591836734693,0.0012556137101622
14,18,"[Hot-Line] ""종목명, 올해 하반기부터 실적 개선 가능할 듯""",2017-05-26 08:49:03,-0.0021881838074397,0.0052797639532653
15,19,외국인·기관 카지노 업종 중 종목명만 사들이는 이유는?,2017-07-26 15:54:55,0.0193548387096773,0.0035859289812492
16,20,"종목명, 우수 대학생에 장학금",2017-08-22 17:31:39,-0.0108225108225108,0.0004522937453637
17,21,[유가증권시장 공시] SK케미칼 / 종목명 / 롯데칠성음료,2017-10-12 17:44:05,0.0149572649572649,-0.0004606074913906
18,22,"[Hot-Line] 종목명, 3분기 실적 기대감에 신고가 경신",2017-10-17 09:34:45,-0.01,0.0017419277492976
19,23,종목명·아모레G·오리온…목표가 추월한 사드株,2017-11-05 17:10:43,-0.0088809946714032,-0.0033464266965782
20,24,"2017 종목명문학번역상 수상자 발표, 한국문학의 세계화 기대",2017-11-21 14:51:29,0.015600624024961,0.0011987439394787
21,25,[포토] 종목명 글로벌 장학캠프,2018-01-11 17:22:12,0.0071428571428571,0.0034205458802802
22,26,"[Hot-Line] ""종목명, 4분기 실적 시장 기대치 밑돌 것…중국 관광객 ↓""",2018-01-25 08:39:31,-0.0223642172523961,0.0095468794326241
23,27,"[Hot-Line] ""종목명, VIP 고객 감소 줄어 4분기 실적 부진""…목표가 ↓",2018-02-12 08:19:33,-0.0178217821782178,0.0091421173875452
24,28,[유가증권시장 공시] 키위미디어그룹 / 종목명,2018-08-07 17:33:11,-0.0628683693516699,0.0005608475277174
25,29,[원포인트 투자 레슨] 사드보복 완화로 中관광객↑…파라다이스·종목명 `반짝`,2018-09-28 04:03:35,-0.002,-0.0052473919228432
26,30,"[Hot-Line] 종목명, 4분기 실적 부진에 약세",2019-02-12 09:23:05,-0.0376569037656904,0.0044663901947181
27,31,1300만원 골프접대 받은 종목명임직원,2019-10-10 17:50:25,0.0093023255813953,0.0081157512044089
28,32,코로나19에 파라다이스·종목명 카지노 2주간 문 닫는다,2020-03-23 18:35:02,0.0688073394495412,0.0860124477925106
29,33,"[Hot-Line] “종목명, 코로나19 안정화돼도 실적 회복 더딜 것""…투자의견 `보유` 하향",2020-04-10 08:41:04,-0.0196721311475409,0.0133372492907417
30,34,카지노 양대산맥 파라다이스·종목명 정반대 행보 까닭이…,2020-04-22 10:23:03,0.0067567567567567,0.008923165594709
31,35,"[줌인 이종목] 종목명, 코로나 여파속 깜짝실적",2020-05-11 17:41:03,-0.0361842105263158,-0.0068357857992875
32,36,[단독] 카지노 터줏대감 종목명도 뚫렸다,2020-06-18 11:26:04,-0.014760147601476,-0.0035356805430754
33,37,카지노에 돈 거는 개미…강원랜드·종목명 순매수상위,2020-07-07 17:20:02,0.0119047619047618,-0.0024443732195996
34,38,"[Hot-Line] ""종목명, 코로나 정상화되도 대규모 외인 카지노 공급 부정적""",2020-08-11 08:36:03,0.0115830115830115,0.0135309718415019
35,39,[유가증권시장 공시] 아이에스동서 / 포스코케미칼 / 종목명,2020-09-24 17:45:06,0.0085106382978723,0.0026796709338248
36,40,"[Hot-Line] ""종목명, 내년 3분기부터 점진적 실적 개선 전망""",2020-11-10 08:32:16,0.0763052208835342,0.0023006403697005
37,41,"[Hot-Line] ""종목명, 내년 하반기 실적 리바운드 기대 심리에 주가 상승 중""",2020-11-23 08:28:39,0.0130718954248365,0.0192246281574308
38,42,[유가증권시장 공시] 종목명,2020-11-24 17:34:21,0.0064308681672025,-0.0061961260535873
0,13,"종목명, 이유식 들고 中 간다",2016-06-14 17:08:04,-0.0158582089552238,-0.0016227303605628
1,14,"[Hot-Line] ""종목명, 전부문 호조 지속""",2016-06-21 07:52:03,0.028436018957346,0.0007975064630045
2,15,"[Hot-Line] ""종목명, 화장품 중국·면세점 판매 증가""",2016-07-01 08:06:04,0.0080572963294538,0.0086126679050444
3,16,"종목명, 국내 최초 산양 액상분유 출시",2016-07-11 11:31:08,-0.0354609929078014,0.0129591275589726
4,17,애완용품 시장 진출한 종목명,2016-08-07 13:26:05,0.0347826086956521,0.0065314401743139
5,18,"[Hot-Line] ""종목명, 3분기 양호한 이익 성장 기대""",2016-09-07 08:32:03,-0.0131979695431472,-0.002250219418418
6,19,"종목명 더 히스토리 오브 후(后),창경궁 미디어 아트 전시 개최",2016-09-27 10:09:05,0.0009930486593843,0.0076742740327164
7,20,"종목명, 피부의 자생력을 높여주는 이영애 에센스",2016-09-29 04:15:04,-0.0442655935613681,0.0076275956620712
8,21,"연매출 ‘5조원’ 총알 장전한 종목명, 비화장품으로 ‘영토 확장’",2016-10-24 15:10:04,0.0221483942414175,0.0072503639940975
9,22,"종목명·마크로젠, 소비자 유전체 시장 공동 진출",2016-10-25 14:07:07,-0.0834236186348862,-0.0051617617723039
10,23,"종목명, 존슨앤존슨 오랄케어 아시아사업 인수",2016-11-01 14:15:10,0.0292682926829268,-0.0003983318428543
11,24,"종목명 화장품 ‘후’, 누적매출 1조원 돌파",2016-11-03 15:07:04,0.0390243902439024,0.0024559148558818
12,25,"종목명 빌리프, 프라임 인퓨전 라인 2종 출시",2016-11-29 09:23:06,0.0357142857142858,0.0001314423214564
13,26,"종목명, 총 11명 임원인사 실시…이천구 신임 부사장 승진",2016-12-01 14:23:07,0.0165184243964422,0.0001361344721009
14,27,"종목명, 중화권 겨냥 럭셔리 화장품 승부수",2016-12-05 04:03:04,-0.0012468827930174,-0.0036790638711799
15,28,"종목명, 화장품 덕에 영업익 사상 최대 눈앞",2016-12-27 17:23:07,-0.0035128805620608,-0.0086574837643637
16,29,"[설 선물] 종목명, 머리끝에서 발끝까지…한세트에 담은 피부건강",2017-01-17 04:03:03,0.0,0.0037304075202002
17,30,"종목명, 맞춤형 화장품 시행…CNP차앤박 르메디 출시",2017-01-23 09:14:03,-0.0331428571428571,0.0001839083758898
18,31,"종목명, 사상 최대 실적…연매출 `6조원` 돌파 (종합)",2017-01-24 16:47:03,0.0127462340672073,0.0005711849364342
19,32,"종목명, 반려동물 사료 시장 출사표",2017-02-01 14:46:03,-0.0193401592718999,0.0062440021742469
20,33,"종목명, `튠에이지 세라믹 리프터` 바이럴 영상 SNS화제",2017-02-03 09:50:03,0.0264105642256902,0.0010380934856033
21,34,"종목명 비욘드 `딥 모이스처`, 누적매출 1000억원 돌파",2017-02-09 09:35:03,-0.0213017751479289,0.0003872997509979
22,35,"종목명, `이자녹스 벚꽃 컬렉션 시즌2` 한정판 출시",2017-03-06 11:58:03,-0.0138713745271121,0.0012556137101622
23,36,"종목명, 탈모관리 전문 브랜드 `닥터그루트` 런칭",2017-03-22 14:24:04,-0.0170940170940171,-0.0046272158858345
24,37,"종목명, 20여개국에 K뷰티 전파…`후` 단일브랜드 첫 매출 1조",2017-03-24 04:03:06,0.0048959608323133,-0.0017351614797671
25,38,"종목명, `보닌 얼티밋 파이터` 신규 라인 출시",2017-03-30 09:25:05,-0.0024242424242424,-0.0010798839959749
26,39,"종목명 비욘드, `피토 아쿠아 화이트` 출시",2017-04-06 14:42:02,0.0,-0.0037485700685563
27,40,종목명 `네이처컬렉션` 100호점 돌파,2017-04-13 15:20:03,0.0090206185567009,0.0092536536604748
28,41,"종목명, `더마리프트 비타민 세럼` 출시",2017-04-17 11:30:04,0.0446428571428572,0.0050963649461677
29,42,"종목명 빌리프, `탐스`와 손잡고 협업 한정판 출시",2017-04-24 17:01:11,-0.0217142857142856,0.0106314959959861
30,43,"종목명 후, 경복궁서 `궁중문화캠페인` 개최",2017-04-27 13:27:02,-0.0105386416861826,0.0007336912708508
31,44,"종목명, 1분기 사상 최대 실적…`사드 리스크`에도 굳건",2017-04-28 14:29:02,0.0248520710059172,-0.0018194581802607
32,45,"[Hot-Line] ""종목명, 밸류에이션 매력 높아…조정 시 매수 전략""",2017-05-02 07:44:02,-0.0184757505773671,0.0064522187775142
33,46,"종목명, `케어존 닥터솔루션 선케어 3종` 출시",2017-05-17 10:26:04,0.0245901639344261,-0.000980251172398
34,47,"종목명, 협력사 지원사업에 나선다",2017-05-18 08:47:03,-0.022,-0.0027299569954224
35,48,"[Hot-Line] ""종목명, 면세점·화장품 회복 확인돼야""",2017-06-09 08:36:04,-0.0251004016064256,0.0076663151413711
36,49,"종목명, `이자녹스 듀얼 커버쿠션` 홈쇼핑 출시",2017-06-16 08:45:04,0.0061475409836064,7.62924258363995e-05
37,50,색조라인 강화나선 종목명 `후`…신제품 출시 연이어,2017-06-29 08:38:05,-0.0248262164846077,0.0054982257217466
38,51,"종목명, 디즈니와 협업한 `비욘드 키즈 에코 디즈니 스페셜 에디션` 출시",2017-07-05 08:30:54,-0.010183299389002,0.0032892300565487
39,52,"종목명 시리우스 윌, HACCP인증 간식 6종 출시",2017-07-17 10:04:04,0.0129870129870128,0.0043361573024978
40,53,"종목명 VDL, 알리바바 티몰 입점",2017-07-19 14:22:10,0.017989417989418,0.0016075175748573
41,54,"종목명, `이자녹스 X Sassy du Fleur’ 한정판 출시",2017-07-20 08:37:12,-0.0239085239085239,0.0048973008753057
42,55,"""사드 리스크 피했다""…종목명, 상반기 사상 최대 실적(종합)",2017-07-25 15:25:39,0.0255863539445628,-0.004744027959039
43,56,"종목명 ""면세점 채널 강화""…CNP Rx 면세시장 진출",2017-08-07 09:28:49,0.0,0.0013776322058502
44,57,"홈플러스, 종목명과 손잡고 마누카 허니팩 라인 출시",2017-08-29 15:40:45,-0.0031347962382445,0.0031927607398392
45,58,"종목명, `2017 후 궁중연향 인 베이징` 개최",2017-09-07 09:00:46,0.0010787486515642,0.0113672061741989
46,59,"[Hot-Line] ""종목명, 3분기 실적 컨센서스 부합 전망""",2017-09-08 07:55:33,-0.023706896551724,-0.0010527579020083
47,60,"[Hot-Line] ""종목명, 일회용 생리대 매출 감소…소비자 불신 커져""",2017-09-12 08:29:47,-0.0077092511013215,0.0027086375997109
48,61,"[다이제스트] 종목명, 中서 `후 궁중연향` 행사",2017-09-14 04:13:24,0.036076662908681,0.0074062065196816
49,62,[유가증권시장 공시] 종목명 / 주연테크,2017-09-19 17:41:23,-0.0217864923747276,-0.0015935505978419
50,63,"종목명, 왕후처럼 아름다운 피부 가꿔줄 `후`",2017-09-21 04:03:31,-0.0022271714922048,-0.0023629678781964
51,64,"[Hot-Line] ""종목명, 생활용품·음료 부문 성장세 둔화""",2017-09-29 07:53:59,0.0493273542600896,0.0089881249996752
52,65,종목명 3분기 영업익 2527억원…역대 3분기 최대치,2017-10-24 14:37:44,0.0649717514124292,0.0001766795812705
53,66,"종목명, 태극제약 인수…446억원에 지분 80% 취득",2017-11-02 21:09:24,0.0313315926892949,0.0045593959660632
54,67,"제주개발공사-종목명, 제주 외 위탁판매 계약",2017-11-13 15:38:01,-0.020242914979757,-0.0014662812876892
55,68,`이영애 화장품`에 40억 투자한 종목명…왜?,2017-11-22 14:56:24,-0.0268729641693811,0.003876421223355
56,69,"종목명, `협력회사`와 상생·소통 경영 강화",2017-11-30 08:46:18,-0.0353618421052631,-0.0145369041444612
57,70,[무역의 날 54돌] 4억불 수출탑 / 종목명,2017-12-05 04:11:20,-0.0064829821717989,0.0033778217204787
58,71,"종목명, 숙취해소 음료 시장 공략",2017-12-07 14:21:29,-0.0383048084759576,-0.0050073903313309
59,72,"종목명 더페이스샵, `그린 패키징 공모전 우수상` 수상",2017-12-13 10:07:04,0.0251299826689774,0.0079439451442502
60,73,"종목명, `후 공진향: 미 궁중 팩트 스페셜 에디션` 출시",2017-12-14 09:24:08,0.0160608622147082,-0.0044627476895547
61,74,"종목명 빌리프, 음원업체 `NHN벅스`와 손잡고 디지털마케팅 강화",2017-12-20 14:22:51,-0.0091819699499164,-0.0196487234087088
62,75,"종목명 CNP차앤박, 아이유 새 모델 발탁…""브랜드 입지 강화""",2017-12-22 14:11:17,-0.0075821398483572,0.0044076995741264
63,76,"`사드`도 이겨낸 종목명 후, 지난해 매출 1조4000억 돌파",2018-01-08 09:11:21,0.005181347150259,0.0063102633307419
64,77,"종목명 수려한, 효비담 라인 10주년 맞아 리뉴얼 출시",2018-01-16 09:00:18,-0.0056451612903225,0.0071932716961755
65,78,"종목명, 아시아나와 이색 콜라보",2018-01-22 14:05:49,-0.0128617363344051,-0.0072015994095784
66,79,"종목명, 사드 뚫고 지난해 사상 최대 실적…매출 6조원 돌파(종합)",2018-01-23 14:08:40,-0.021172638436482,0.0137843618086628
67,80,"[Hot-Line] ""종목명, 생활용품·음료 부문 4분기 실적 부진""",2018-01-24 08:19:23,-0.0432612312811979,0.0005518812370557
68,81,"종목명, `빌려쓰는 지구스쿨` 참여 중학교·대학생 기자단 모집",2018-02-02 09:35:39,-0.0235690235690235,-0.0167994834983375
69,82,[유가증권시장 공시] 종목명 / 현대상선,2018-02-13 17:49:46,0.0104463437796771,0.0111223483966693
70,83,"종목명 오휘, 환절기 피부에 영양 보호막",2018-02-22 04:04:05,-0.0073529411764705,-0.0063259620191979
71,84,"[Hot-Line] ""종목명, 고가 브랜드 중국 등 글로벌 수요 확대""",2018-02-27 08:51:29,0.0009009009009008,-0.0006144117592873
72,85,"종목명, 후 `비첩 3-STEP 마스크` 출시",2018-03-06 09:13:05,-0.0201465201465201,0.0153048142350156
73,86,사드가 휩쓴 韓 뷰티업계 판도변화 종목명 3년 만에 화장품 시장 선두,2018-03-08 16:31:09,0.0266903914590748,0.0108380621083692
74,87,"종목명 더페이스샵, 코카콜라를 입다",2018-03-12 08:35:07,0.0086655112651645,0.0100307656148761
75,88,"종목명, 강유미와 함께 `네이처컬렉션 토크` 콘텐츠 협업",2018-03-15 15:24:55,0.0158590308370043,0.002534031407817
76,89,"종목명, 일체형 `오휘 미라클 모이스처 브러싱 클렌저` 출시",2018-03-21 09:41:00,-0.0026019080659149,-0.0002213013757982
77,90,"종목명, 빌리프 아쿠아 밤·모이스춰라이징 밤 미스트 2종 출시",2018-03-22 10:11:01,-0.0095652173913043,0.0044467535338277
78,91,"종목명, `히말라야 핑크솔트 담은 치약` 출시",2018-03-27 10:11:01,0.0201754385964911,0.0061466921564159
79,92,"종목명, VDIVOV `러브 시그널 컬렉션` 출시",2018-03-29 13:42:01,0.0101694915254237,0.0070599546663119
80,93,"[Hot-Line] ""종목명, 1분기 화장품 두자릿수 성장""…목표가↑",2018-04-12 08:02:01,-0.0134281200631911,-0.0006177880951452
81,94,"종목명 더페이스샵, 브랜드 모델에 `GOT7(갓세븐)` 발탁",2018-04-17 08:54:07,0.0227094753328112,-0.0015137274272275
82,95,"[Hot-Line] ""종목명, 고가 화장품 고성장세 유지""…목표가 ↑",2018-04-19 08:42:02,-0.0184615384615384,0.0024678094377197
83,96,"역대 최대실적 달성한 종목명, `후`·`숨`이 이끌었다(종합)",2018-04-24 14:30:02,0.0,-0.0040298182250625
84,97,"종목명, 어린이 건강 뮤지컬 `반짝반짝 페리오` 개막",2018-04-25 09:52:02,-0.0347277032359905,-0.0062211703335303
85,98,"종목명 후, 2018 궁중 문화 캠페인 전개",2018-04-27 11:19:04,0.0326433121019107,0.0067699704821326
86,99,"종목명 ""웅진식품 인수 사실무근…계획도 없어""",2018-05-10 14:55:02,-0.0165289256198346,0.0082569956239986
87,100,"종목명, 궁중 백자의 기품 `후 비첩 순환 에센스 에디션` 출시",2018-05-31 15:30:06,0.0312732688011914,0.0065827012410897
88,101,"종목명 `히말라야 핑크솔트 치약`, 차세대 글로벌 흥행 예고",2018-06-05 16:28:02,0.0282404055032585,0.006854813808788
89,102,"종목명, 홍콩에서 `후(后) 궁중연향` 개최…""글로벌 브랜드 위상""",2018-06-22 10:35:03,0.0213940648723256,0.0082939702001729
90,103,[2018 상반기 히트상품] 종목명 `숨37°로시크숨마 엘릭서크림`,2018-06-26 04:03:03,-0.002061855670103,-0.0029517877692499
91,104,"종목명, 동반성장지수 4년 연속 `최우수`",2018-06-27 15:53:03,-0.0062805303558967,-0.011865791068386
92,105,"[Hot-Line] ""종목명, 프리미엄 사업이 이끈 2분기""…목표가↑",2018-07-11 08:14:05,0.0101010101010101,-0.0059018531921762
93,106,종목명 `펌핑치약`…1500만개 판매 돌파,2018-07-23 13:52:07,0.0015735641227379,-0.0086842431219648
94,107,종목명 `더 히스토리 오브 후` 피부·입술 우아하게…왕후의 품격이 저절로,2018-08-30 04:12:34,0.0128307939053728,-0.0007275483553271
95,108,"[Hot-Line] ""종목명, 면세 채널 이익 기여도 확대…목표가↑""",2018-09-03 08:55:25,-0.0086956521739129,-0.0068233635824207
96,109,[위클리 신상품] 종목명 크림 `숨37°`,2018-09-07 17:08:46,-0.0212071778140293,0.0031030398925144
97,110,"[추석 선물] 종목명, 브랜드별 베스트셀러만 모아 `풍성`",2018-09-13 04:03:05,-0.015820149875104,0.0014499229552915
98,111,[위클리 신상품] 종목명 `케어존…` 세럼,2018-09-14 17:09:15,-0.0152855993563958,-0.0065739199827455
99,112,"[Hot-Line] ""종목명, 中 매출 호조에 힘입어 성장 기대감↑""",2018-10-15 08:37:01,-0.0314748201438849,-0.0077387331413392
100,113,"[Hot-Line] ""종목명, 실적 증가 속도 둔화""…목표가↓",2018-10-19 08:57:56,-0.003700277520814,0.0037005603389022
101,114,"종목명, 3분기 영업익 2775억원…사상 최대 실적",2018-10-23 14:28:18,-0.0242369838420107,-0.0257249418299738
102,115,"종목명, VDL 홀리데이 콜렉션 `골드크러시` 출시",2018-10-26 16:08:50,-0.053393665158371,-0.0153417234204665
103,116,[다이제스트] 종목명 `후` 창덕궁서 궁중문화캠페인,2018-11-01 04:05:48,0.0871647509578543,-0.0025767383945467
104,117,"(주)종목명, 5가지 `출퇴근 시간`중 자유롭게 선택",2018-11-08 04:03:17,0.0060396893874028,0.0067061189478281
105,118,"[Hot-Line] ""종목명, 中 현지에서 양호한 성장…내년도 실적 기대감↑""",2018-11-19 08:48:08,0.0199826238053866,0.0038999031648778
106,119,"종목명, 김홍기 LG 부사장 승진 이동",2018-11-28 15:29:23,0.0103448275862068,0.0041916573753462
107,120,"종목명, 협력회사 최고경영자 아카데미 개최",2018-12-06 09:36:03,-0.024390243902439,-0.0155237052524859
108,121,[2018 하반기 히트상품] 종목명 `유쓰 크리에이터-에이지 넉다운 밤`,2018-12-18 04:03:54,0.000870322019147,-0.004335871747941
109,122,"[Hot-Line] ""종목명, 올 4분기 호실적 달성""",2018-12-24 08:48:03,-0.0082493125572868,-0.0031433477879754
110,123,K뷰티 신화 종목명 `후`…최초 매출 2조원 돌파,2018-12-27 09:31:05,0.0074557315936625,0.0002119964881239
111,124,"종목명 `더페이스샵`, `에이번` 中광저우 공장 인수",2019-01-09 17:40:09,-0.0054694621695533,-0.0006925582900308
112,125,"종목명, 세제 6종 국내 최초 `포장재 재활용 1등급` 인증",2019-01-15 10:10:04,0.043557168784029,0.0158196150599692
113,126,"키움증권, 연 12% 수익률 종목명 ELS 출시",2019-01-16 10:02:04,-0.0034782608695652,0.0042534099549069
114,127,"11번가, 오뚜기·종목명 손잡고 3.1운동 100주년 기부 행사 진행",2019-02-28 11:30:01,-0.0063795853269537,-0.0176079619621035
115,128,"[주총현장] 종목명, 차석용 부회장 사내이사 재선임",2019-03-15 10:13:02,0.0156716417910447,0.0094773693889913
116,129,"[Hot-Line] ""종목명, 분기 최대 매출 달성 기대…목표가↑""",2019-03-26 08:18:02,0.0281995661605205,0.0018369225979548
117,130,"[Hot-Line] ""종목명, 중국 소비 고도화 장기추세""",2019-03-27 08:56:01,-0.0147679324894515,-0.001479864076455
118,131,[다이제스트] 종목명 수려한 `유채꽃 에디션`,2019-04-11 04:05:04,0.0160839160839161,2.249965267231424e-05
119,132,"종목명, 오랄케어 브랜드 모델로 박서준 발탁",2019-04-19 09:14:05,0.003556187766714,0.0010750357889479
120,133,"종목명, `로얄 헤리티지-후` 브랜드 캠페인",2019-05-02 11:10:01,-0.020393811533052,0.0041568130342761
121,134,"종목명, `후` 스페셜 에디션 모은 전시회 개최",2019-05-07 15:07:01,-0.0115606936416184,-0.008801120693489
122,135,"종목명, 신개념 `오휘 파운데이션 쿠션` 출시",2019-05-08 09:38:06,-0.0073099415204678,-0.0041249523614025
123,136,"종목명, 네이처컬렉션 뷰티 페스티벌 실시",2019-05-09 09:42:05,-0.0360824742268041,-0.0304426638694348
124,137,"종목명, 신세계면세점에 `예화담` 첫 단독매장 오픈",2019-05-13 09:21:03,-0.0196523053665911,-0.0137710994397294
125,138,"종목명, 中 구리나자 모델 `숨마 빛 에센스` 출시",2019-05-15 14:14:01,0.0077399380804954,0.0052549381977315
126,139,"종목명, 한정판 에디션 `후 비첩 예찬 세트` 선봬",2019-05-16 14:29:01,0.0099846390168971,-0.0119888796970165
127,140,"종목명, `미래화장품 육성재단` 출범",2019-05-20 10:34:01,0.0086546026750589,-4.382138235858868e-05
128,141,"[화장품] 종목명 `밀리언뷰티`, 코스메틱에 들어온 K댄스…밀레니얼 세대 `취향 저격`",2019-05-23 04:04:12,0.0039001560062401,-0.0025522402133366
129,142,매출 `5%` 더페이스샵 직영몰 중단한 종목명 속내는,2019-06-12 16:02:02,0.0014936519790889,-0.00265564813278
130,143,"종목명, 공정위에 쿠팡 신고",2019-06-17 17:10:10,0.000751879699248,0.0038168396092927
131,144,"[Hot-Line] “종목명, 中 전자상거래법 영향은 제한적""",2019-06-24 08:27:03,-0.0114678899082568,0.0003340018257833
132,145,"종목명, 중고교 폭력 피해자 돕는다",2019-06-28 13:29:03,-0.0045489006823351,-0.0017335502090214
133,146,"종목명 ""휴젤, 인수 계획 없어""",2019-07-08 13:42:10,-0.0139103554868624,-0.0219939277948508
134,147,"종목명, `후 벨벳 립 루즈` 출시…색조 화장품군 확대",2019-08-20 14:29:04,0.0043103448275862,0.0104902189536753
135,148,"종목명, `오휘 더 퍼스트 제너츄어 립스틱` 출시",2019-08-26 10:57:05,-0.0113043478260869,-0.0164194370453459
136,149,"종목명, 울릉도와 친환경제품 `콜라보`",2019-08-28 14:48:04,-0.0052128583840138,0.008568009043766
137,150,"종목명 `후`, 中心 공략 나선다",2019-08-30 14:45:04,0.0207792207792207,0.0177820557436911
138,151,"종목명, 한방화장품부터 고기능성 제품까지 多~",2019-09-05 04:02:18,0.0032232070910556,0.0081567644257083
139,152,"종목명, `다우존스 지속가능경영 월드지수` 2년 연속 편입",2019-09-16 11:01:05,0.0078125,0.0063537089163243
140,153,[위클리 신상품] 종목명 `빌리프 V크림`,2019-09-20 17:14:08,0.0007923930269413,8.602882032193726e-05
141,154,[다이제스트] 종목명 `후 비첩 연향세트`,2019-10-17 04:05:23,-0.0085536547433903,-0.0023478329085278
142,155,종목명 `숨37° 느끼고 체험하고…중국 상하이 전시,2019-11-01 14:20:34,-0.0023790642347343,0.0080250211955479
143,156,"종목명, 중국 최대 쇼핑절 광군제 마케팅 `후끈`",2019-11-03 15:50:33,0.0015898251192367,0.014303418579596
144,157,[위클리 신상품] 종목명 `예화담 에센스 립밤`,2019-11-08 17:04:28,-0.0295291300877893,-0.0061480945536802
145,158,"종목명, `숨37°X김진식 홀리데이 에디션` 4종 출시",2019-11-13 14:14:09,-0.0138549307253463,-0.0086271190296298
146,159,"종목명, 5가지 출퇴근 시간 선택 `유연근무`",2019-11-20 04:03:15,-0.0016460905349794,-0.0129664701239363
147,160,"종목명, 80년대생 여성 임원 나왔다",2019-11-28 18:07:04,-0.0193798449612403,-0.0144624448138772
148,161,"종목명, 럭셔리 화장품 고성장…35개국에 수출",2019-12-05 04:03:19,-0.0087301587301587,-0.0039392637701864
149,162,"종목명 `후 럭셔리 골든 쿠션`, 두드릴수록 화사…촉촉하게 살아나는 `윤광 피부`",2019-12-19 04:03:18,-0.0023640661938534,0.0008201575533535
150,163,"종목명, 왕실의 격조 담은 화장품…귀한분께 선물을",2020-01-16 04:02:10,-0.0119549929676512,0.0076513770419399
151,164,"[밸런타인데이 선물] 종목명, 英 빅토리아 여왕 왕관서 영감얻은 `아이크림`",2020-02-13 04:02:22,0.0035765379113019,-0.0024213593238409
152,165,"종목명, 이번엔 `피지오겔` 인수",2020-02-20 15:56:02,-0.0058309037900874,-0.0148758424049192
153,166,"종목명, `숨` 새 모델로 배우 전지현 발탁",2020-02-24 10:12:03,-0.063049853372434,-0.0387453744106854
154,167,오늘 상무님께 보고는 로봇 과장이 합니다…로봇 `알 파트장` 채용한 종목명,2020-02-26 15:23:02,-0.0131375579598145,-0.0127590597281723
155,168,"종목명, 연꽃 성분 담은 `후 에센스` 출시",2020-03-02 11:08:04,-0.009009009009009,0.0078006652820032
156,169,"종목명, 中서 VIP 마케팅 `성과`…뉴에이본 인수로 美시장도 공략",2020-03-24 04:05:15,0.0731707317073171,0.0860124477925106
157,170,"종목명, 코로나19 피해 80억원 규모 지원",2020-03-30 09:17:06,-0.0081154192966637,-0.000355111110071
158,171,위생용품 덕에…종목명 `깜짝실적`,2020-04-23 17:34:07,-0.0069252077562327,-0.0134326877777304
159,172,"[핫아이템] 종목명 `숨37°워터풀 라인`, 빈틈없이 탄탄한 수분…뜨거운 햇빛에도 `촉촉`",2020-05-21 04:05:23,-0.0028248587570621,0.0043575943058222
160,173,"종목명, 숨 `선-어웨이 벨벳 선스틱` 출시",2020-05-22 14:44:01,-0.0106232294617564,-0.0141019427255957
161,174,"종목명, 피지오겔 아시아·북미 사업권 인수 거래 종결",2020-06-01 15:40:01,0.0051357300073366,0.0107065402623094
162,175,"종목명 `오휘 더 퍼스트 제너츄어`…장에 좋은 유산균, 피부에도 좋대요",2020-06-15 04:03:17,-0.0415094339622641,-0.0475918494902214
163,176,中서 반가운 K뷰티 `승전보`…종목명 `618 쇼핑축제` 매출 188% 증가,2020-06-19 16:06:01,-0.0178710178710178,-0.006813595136026
164,177,위기 속 빛난 종목명…상반기 최대 영업익,2020-07-23 15:13:07,-0.0303687635574837,-0.0055952776522145
165,178,"종목명, 예화담 `물어린 매화 생기 에센스` 출시",2020-07-30 09:41:03,-0.0035971223021582,0.0017012045766564
166,179,"[헬스] 종목명 선물세트, 어머님께 안티에이징 화장품 `센스`",2020-09-24 04:03:12,-0.0254295532646048,-0.0259467689819596
167,180,"[Hot-Line] ""종목명, 생활용품 강점 부각…목표가↑""",2020-09-25 08:19:05,0.0007052186177716,0.0026796709338248
168,181,[부음] 박명석씨(전 종목명 홍보실장) 별세,2020-10-19 17:20:47,-0.0096030729833547,0.0049728227454801
169,182,[다이제스트] 종목명 `메소드 핸드워시`,2020-11-05 04:05:13,0.0166112956810631,0.0239551564365674
170,183,종목명 `다우존스 지속가능경영 월드 지수` 3년 연속 편입,2020-11-15 14:44:13,-0.0088832487309644,0.0197122984332227
171,184,종목명 `후` 주역 이형석 부사장 승진…또 30대 여성임원,2020-11-26 13:19:07,-0.0071059431524548,0.0093674795062419
172,185,"종목명, 아시아 사로잡은 K뷰티…단일브랜드 첫 2조매출",2020-12-08 04:02:14,-0.0038634900193174,-0.0162123411753774
173,186,가맹점 '부축' 나선 종목명,2021-02-01 16:57:55,0.0223785166240408,0.0131783524512527
174,187,"[뷰티] 종목명, 1000만 탈모인 집중! 1000만개 팔린 두피관리 제품",2021-02-25 04:02:46,0.0057766367137355,0.0349618233508191
175,188,"종목명, 럭셔리화장품 中 사로잡아…'피지오겔' 등 앞세워 영토확장",2021-03-24 04:06:01,0.0239202657807309,-0.0027922189700014
176,189,종목명 사상최대 분기매출…中소비 살아나 '대박',2021-04-22 17:51:05,0.0471821756225425,0.0011203888496664
177,190,"[히트상품] 종목명 '숨마 엘릭서 에센스', 30년 발효과학 정수 담아 中서 '완판 행진'",2021-04-29 04:02:05,-0.0122580645161289,-0.0023259383453095
178,191,"시가총액 0.2조→24조, 종목명의 급성장 비결은",2021-05-06 17:22:01,-0.006325110689437,0.0116344990368861
179,192,종목명 친환경 세럼…허브 15종·비타민 다량 함유,2021-05-17 14:49:01,-0.0019723865877712,-0.0059619853343729
180,193,"종목명, 끈적거리는 여름, 마스크에도 안무너져…쓱 바르면 자외선·습기·열기 '3중 보호'",2021-05-20 04:06:14,-0.0006587615283267,-0.003394216868213
0,17,"[Hot-Line] 종목명, 하반기 실적 개선 기대에 ‘강세’",2016-05-25 09:45:08,0.0644768856447688,0.0117821081725393
1,18,"[Hot-Line] ""종목명, 소니 듀얼카메라 사업 철수""…목표가↑",2016-05-26 07:52:04,0.0137142857142857,-0.0017597211860194
2,19,종목명 주가 한달새 22% 급등 왜,2016-05-29 17:35:09,-0.0293785310734463,-0.0010359892515203
3,20,"[Hot-Line] ""종목명, 듀얼카메라 시장 개화 수혜""",2016-06-13 07:44:04,-0.0094117647058823,-0.0191164613454487
4,21,"[Hot-Line] ""종목명, 하반기 북미 글로벌社 듀얼카메라 공급""",2016-06-15 08:37:04,0.0280487804878049,-0.0016227303605628
5,22,"[Hot-Line] ""종목명, 2분기 부진하지만 하반기 기대""…목표가↑",2016-06-17 07:38:04,-0.0156815440289505,0.0007223571879075
6,23,"[Hot-Line] “종목명, 광학솔루션 3분기 흑자전환 기대”",2016-06-27 08:53:06,0.0219922380336352,0.0008362521079774
7,24,"종목명, 옷감처럼 유연한 압력센서 개발",2016-06-29 17:38:05,0.0089628681177977,0.007151031051169
8,25,"[Hot-Line] ""종목명, 2분기 적자전환하지만 곧 반등""",2016-07-06 08:34:04,-0.0213836477987421,-0.0184586684639586
9,26,GM도 감탄한 종목명 車부품,2016-07-18 17:45:07,-0.0164473684210526,-0.0020879467378417
10,27,"종목명, 애플에 카메라 모듈 독점공급 호재",2016-07-25 17:22:03,0.0244173140954495,0.0074640317658511
11,28,"종목명, 베트남 신규법인 설립 추진…228억 출자",2016-07-27 16:15:06,-0.0290635091496233,-0.001950605123044
12,29,"[Hot-Line] “종목명, 차익실현 하기에는 이른 시점”",2016-08-04 08:25:08,0.0121546961325966,0.0026268378614056
13,30,"""종이가격표 사라진다""…종목명, GS수퍼마켓에 ESL 설치",2016-08-18 11:03:05,-0.0332950631458094,0.005734542385321
14,31,"종목명, ‘어린이 과학 캠프’ 개최",2016-08-30 11:09:03,0.0108564535585042,0.0036361916437959
15,32,"[Hot-Line] ""종목명, 듀얼 카메가 실적 반등 이끈다""",2016-09-02 08:28:07,0.0085679314565483,0.0027500531700141
16,33,"종목명, 추석 앞두고 어려운 이웃에 명절 음식 대접",2016-09-09 14:40:08,-0.02460024600246,-0.0125307018120656
17,34,"[Hot-Line] ""종목명, 광학솔루션 실적 큰 폭으로 성장할 듯""",2016-09-20 07:38:04,-0.0251497005988023,0.0049260990074031
18,35,"[Hot-Line] ""종목명, 사업 구조 재편 필요한 시점""",2016-09-27 07:55:07,0.0141206675224647,0.0076742740327164
19,36,"종목명, 일본전산 특허소송서 승소",2016-09-29 17:45:18,-0.0101137800252844,-0.0121282562897441
20,37,"[Hot-Line] ""종목명, 북미 카메라모듈 외 실적 저조""…목표가↓",2016-10-04 08:00:04,-0.0089399744572158,0.0054951737704593
21,38,"종목명, 3분기 영업이익 206억원…전분기 대비 ‘흑자전환’",2016-10-26 17:18:05,-0.0177215189873417,0.005079711366462
22,39,"종목명, 독일 셰플러로부터 `최우수 협력사` 선정",2016-11-06 10:19:05,0.0297542043984475,0.0078505443148855
23,40,"종목명, 전자부품 전시회 ‘일렉트로니카 2016’ 참가",2016-11-09 15:18:04,-0.0063211125158028,-0.0224620390977696
24,41,"[Hot-Line] ""종목명, 광학솔루션 수익 개선 전망""",2016-11-28 08:08:03,0.049738219895288,0.001858758380768
25,42,"종목명, 2017년 임원인사…전무급 승진 1명·상무 승진 2명",2016-12-01 16:22:06,-0.0184956843403205,-0.0066238260869564
26,43,"[Hot-Line] ""종목명, 듀얼 카메라로 4분기 실적 개선""",2016-12-06 08:10:07,0.0247218788627936,0.0134972700892648
27,44,"종목명, 장애 아동·청소년 의료비 지원",2016-12-13 08:53:04,-0.0071599045346062,0.0043112754499283
28,45,"종목명, 편의성·안정성 높인 열전모듈 양산",2017-01-18 09:00:04,0.0056179775280897,-0.0006419697784559
29,46,"종목명, 협력사와 동반성장협약 체결",2017-01-22 09:25:03,0.0078387458006718,0.0001839083758898
30,47,"종목명, 지난해 4분기 영업이익 1178억원…분기 사상 최대(종합)",2017-01-24 16:19:03,0.0806979280261723,0.0005711849364342
31,48,"[Hot-Line] ""종목명 올해 영업익 역대 최대수준…목표가↑""",2017-02-09 08:39:04,0.028436018957346,0.0003872997509979
32,49,"[Hot-Line] ""종목명, 1분기 비수기에도 견조한 실적 전망""",2017-02-23 08:39:03,0.0416666666666667,0.0004840838827324
33,50,"종목명, 본사 LG서울역빌딩으로 이전",2017-03-02 15:09:03,0.0166666666666666,0.0052638167004017
34,51,"종목명, 유로샵 2017 참가…ESL 등 IoT 솔루션 전시",2017-03-06 11:57:02,0.004,0.0012556137101622
35,52,"[Hot-Line] ""종목명, 카메라모듈 투자로 점유율 확대·실적 호조 기대""…목표가↑",2017-03-20 08:36:03,-0.0113636363636363,-0.003497245529024
36,53,"종목명, 협력사 초청 `동반성장 아카데미` 개최",2017-03-22 14:26:01,-0.0108303249097473,-0.0046272158858345
37,54,"[Hot-Line] ""종목명, 주가 추가 상승 가능성 높아""…목표가↑",2017-03-31 08:07:02,-0.0179856115107913,-0.0020372501746183
38,55,"[Hot-Line] ""종목명, 올해 장기 성장국면에 진입""…목표가↑",2017-04-05 08:07:02,0.0073800738007379,-0.0001156818234524
39,56,"[Hot-Line] ""종목명, 2분기 실적 저점…3분기부터 개선""",2017-04-19 08:15:02,0.0112359550561798,-0.0046824512360553
40,57,"[Hot-Line] ""종목명, 듀얼카메라로 주가 추가 상승 기대""",2017-04-20 08:05:04,-0.0074074074074074,0.0050271233130649
41,58,"[Hot-Line] ""종목명, 상반기 실적은 시장 기대치 밑돌 것""",2017-04-27 08:35:02,-0.0509090909090909,0.0007336912708508
42,59,"종목명, 육군 제2기갑여단에 1000만원상당 가전제품 전달",2017-05-28 16:01:05,0.0413533834586465,-0.0009892913648047
43,60,"[Hot-Line] 종목명, 하반기 실적 기대감에 신고가",2017-06-08 09:41:04,0.074468085106383,0.0014533778316165
44,61,"[Hot-Line] ""종목명, 2분기 실적 시장 예상치 부합할듯""…목표가↑",2017-06-15 08:12:04,0.0227272727272727,-0.0046319675532826
45,62,"[Hot-Line] ""종목명 하반기 실적 증가…목표주가↑""",2017-06-20 08:43:04,-0.0122324159021406,-0.0007043409966787
46,63,"[Hot-Line] ""종목명, PCB 사업 수익성 개선 기대""",2017-06-26 08:09:05,0.0769230769230768,0.0042293002545736
47,64,"종목명, 2분기 영업익 325억원…전년 동기比 `흑자전환`",2017-07-26 16:07:47,0.0253968253968253,0.0035859289812492
48,65,"종목명 ""LG 히트가전 안에 나 있다""",2017-07-28 16:05:07,-0.0033222591362126,0.0007163590881942
49,66,"[Hot-Line] ""애플, 시장 예상치 웃돈 실적…종목명 등에 긍정적""",2017-08-02 08:44:50,0.1036789297658862,0.0019273624307323
50,67,"[Hot-Line] ""종목명, 애플향 카메라 관련 매출 급증 예상""",2017-08-03 08:00:32,-0.0151515151515151,-0.0167981887542122
51,68,"[Hot-Line] ""종목명, 카메라·전장으로 최고 주가 갱신 기대""…목표가↑",2017-08-31 08:11:04,0.0027173913043478,-0.0038359972222603
52,69,"[Hot-Line] ""종목명, 사상 최대 하반기 실적 기대""…목표가↑",2017-09-13 08:31:43,-0.0174927113702624,-0.0022363585523613
53,70,"""제가 팀장할게요"" 종목명의 인사실험",2017-09-14 17:32:17,-0.0231213872832369,0.0035371568311994
54,71,"[Hot-Line] ""종목명, 4분기 아이폰 출시 효과 극대화""",2017-09-20 08:12:58,-0.0353982300884956,-0.0015935505978419
55,72,"[Hot-Line] ""종목명, 9월부터 실적 개선 국면""",2017-09-27 08:13:23,0.0230263157894736,-0.0007370531141044
56,73,"[Hot-Line] ""종목명, 실적 개선 추세 이어질듯""…목표가↑",2017-10-12 08:01:58,-0.0090361445783132,0.0067530586268871
57,74,"종목명, 살균·의료用 자외선LED로 日시장 넘본다",2017-10-22 17:28:32,0.0666666666666666,0.0002048611357963
58,75,"종목명, 3분기 영업이익 559억원…전년 동기 대비 171.9%↑",2017-10-25 16:30:52,0.0385756676557864,-0.0047623338014042
59,76,"[Hot-Line] ""종목명, 애플 아이폰X 출시로 4분기 실적 최고치 이를 것""",2017-11-06 08:44:36,-0.0115606936416184,-0.0033464266965782
60,77,"[Hot-Line] ""종목명 4분기 사상 최대 실적 전망""",2017-11-17 08:50:47,0.0303951367781154,0.0062503683113273
61,78,"종목명, 고출력 `100mW` UV-C LED 개발",2017-11-27 10:03:56,-0.0289017341040462,-0.0143534910488921
62,79,"종목명, 2018년도 임원인사 발표…전무1명·상무2명 승진",2017-11-30 17:05:46,0.0031055900621117,-0.0003877469661777
63,80,"종목명, `한국유통대상` 산업부장관 표창",2017-12-07 10:08:15,0.0510204081632652,-0.0050073903313309
64,81,종목명 車모터·센서 올해 가동률 50%도 안돼,2017-12-12 17:44:51,0.0067340067340067,0.0079439451442502
65,82,차기 아이폰에도 납품 유력…종목명 신바람,2017-12-15 16:03:10,0.0,-7.662354195869803e-05
66,83,"[Hot-Line] ""종목명, 4분기 애플 신제품 효과 기대""",2017-12-19 08:27:27,0.0102040816326529,-0.0013497244660973
67,84,"종목명, 홀트일산복지타운서 `일일 산타` 봉사",2017-12-22 08:47:22,0.0359712230215827,0.0044076995741264
68,85,"[Hot-Line] ""종목명, 광학솔루션부문 매출 성장이 실적 견인""",2018-01-10 08:56:43,-0.047923322683706,-0.0041749083086004
69,86,"종목명, `NRF 리테일즈 빅 쇼 2018` 참가",2018-01-15 10:28:23,-0.0102739726027397,0.0029282164973847
70,87,"종목명, `광효율·품질·가격` 3박자 갖춘 LED 패키지 양산",2018-01-18 10:17:22,-0.0209790209790209,0.0001511181031774
71,88,"애플 ""IT부품 주문 줄이겠다"" 삼성디스플·종목명에 통보",2018-01-19 18:07:08,-0.0264150943396226,-0.0072015994095784
72,89,"종목명, 지난해 4분기 영업이익 1412억원…전년比 19.9%↑(종합)",2018-01-23 16:40:49,-0.0268199233716475,0.0005518812370557
73,90,"[BEAR 이 종목] 종목명, 아이폰X 판매부진에 직격탄…주가 한달새 12.1%↓",2018-01-25 17:35:40,0.0039525691699604,0.0048902831119008
74,91,"종목명, 협력사와 공정거래·동반성장 협약",2018-02-07 10:40:30,-0.0122448979591837,-0.0231320129275188
75,92,종목명 `방수 UV LED`…日 공급 5만개 중 불량 無,2018-02-23 16:07:03,0.0155038759689922,0.0025004413384313
76,93,"종목명 박종석 ""UV LED, 혁신적인 광원…생태계 확대 총력""",2018-03-07 14:03:51,-0.0415094339622641,-0.0039768618152715
77,94,"[Hot-Line] ""종목명, UV LED 사업 육성 긍정적""",2018-03-08 08:33:42,0.0118110236220472,0.0130151339879636
78,95,"[Hot-Line] ""종목명, 단기 실적보다 방향성에 주목해야""",2018-03-12 08:15:41,0.0261194029850746,0.0100307656148761
79,96,"[Hot-Line] ""종목명, 상반기 전략 거래선 판매 부진""",2018-03-13 08:58:28,-0.0145454545454545,0.0041744652076338
80,97,"[Hot-Line] ""종목명, 올 상반기는 `보릿고개`""",2018-03-16 08:49:10,-0.0299625468164793,0.0006379797922642
81,98,"[Hot-Line] ""종목명, 올 상반기 실적 부진 예상""…목표가↓",2018-03-20 08:31:33,0.00390625,0.0042383287786766
82,99,"법인세 27억 돌려받은 종목명…대법 ""中에 낸 배당금 수익 공제""",2018-03-22 16:04:01,-0.0513833992094862,-0.0317545570007086
83,100,"[Hot-Line] ""종목명, 스마트폰 수요 부진하나 하이엔드 부품 수요는 증가세""",2018-03-27 08:40:02,0.05,0.0061466921564159
84,101,"[Hot-Line] ""종목명, 실적 상반기 부진·하반기 회복""…목표가↓",2018-04-13 08:27:01,-0.0276679841897232,0.0050599977882515
85,102,1분기 `실적 악몽`…날개 꺾인 LGD·종목명,2018-04-15 17:18:05,0.0650406504065039,0.0009856834766315
86,103,"종목명, 국제전자회로산업전 참가",2018-04-23 10:33:06,-0.0150943396226415,-0.0008964762087746
87,104,"종목명, 1분기 영업익 168억원…전년比 74.8% ↓",2018-04-24 16:36:03,-0.06,-0.0062211703335303
88,105,"종목명, 미·중 UV LED 시장 동시 공략 나선다",2018-05-03 16:05:01,-0.0272373540856031,-0.0104010923710925
89,106,"종목명, 인공지능 양계장 개발한다",2018-05-22 18:13:03,0.0078740157480314,0.0025713501645252
90,107,"박종석 종목명 사장 ""UV LED 시장 넓힐 것""",2018-05-30 14:47:02,0.0034722222222223,-0.0196235511242242
91,108,"종목명, 협력사와 함께 장애인 시설 봉사활동",2018-06-05 08:29:02,0.0099667774086378,0.0024512206978983
92,109,어닝쇼크라더니…종목명 주가 30%↑,2018-06-07 17:42:06,-0.0033112582781457,-0.0076905015826813
93,110,"종목명, 나노 다결정 열전 반도체로 시장 공략 나선다",2018-06-12 10:41:03,0.0337837837837837,-0.0005343092736725
94,111,"종목명, 친환경 반도체 양산체제 돌입",2018-06-21 15:44:03,-0.047945205479452,0.0082939702001729
95,112,종목명 `눈 편안한 LED` 산업통상자원부 장관상 수상,2018-06-26 11:02:03,-0.0275862068965517,-0.0029517877692499
96,113,"종목명, 일본 UV LED 포럼 개최…""깨끗하고 안전한 삶 만든다""",2018-06-28 15:55:05,0.0284697508896796,0.0051377095942413
97,114,"종목명 지속가능경영보고서 발간…""R&D투자 확대·친환경 경영""",2018-07-02 09:30:03,-0.0173010380622837,-0.0234680979763673
98,115,"종목명, `식물생장용 LED` 라인업 구축…""식물 생장 제어한다""",2018-07-05 09:34:04,0.043010752688172,-0.0034915258429499
99,116,"[Hot-Line] ""종목명 2분기 실적 기대 이상…목표가↑""",2018-07-12 08:54:04,0.0160256410256409,0.0019468134859041
100,117,"종목명, `방과 후 아카데미` 지원 확대로 사회공헌활동 활성화",2018-07-18 09:47:04,0.0126582278481013,-0.0033986454119788
101,118,"종목명, 지역 노인 `보양식 나눔` 사회공헌",2018-07-24 11:42:04,0.0387096774193549,0.0047987677826619
102,119,"종목명, 美 UV네일드라이어 업체에 특허침해 소송",2018-07-26 08:56:05,-0.0246153846153845,0.0070522737471498
103,120,이와중에 外人이 찜한 주식…GS건설·종목명·한진칼,2018-08-05 17:02:28,-0.0396341463414634,-0.0005157766973845
104,121,"종목명, 옐로카펫으로 어린이 보행안전 지켜요",2018-08-07 13:55:04,-0.0031746031746031,0.0059741578832277
105,122,"[Hot-Line] ""종목명, 하반기 이익 급상승""",2018-08-24 08:35:30,-0.0352112676056337,0.0046481479648128
106,123,"[Hot-Line] ""종목명, 3D센싱모듈 출하량 올해 3배 ↑""",2018-08-27 08:36:56,0.0364963503649635,0.0026557044943866
107,124,"종목명, 최신 IoT 유통 솔루션 선보인다",2018-08-28 14:52:21,0.0070422535211267,0.0016614047399605
108,125,"[Hot-Line] ""종목명, 환율환경·사업 실적 모두 맑음""",2018-08-31 09:13:17,-0.0103448275862069,0.0067305715822931
109,126,"종목명, 동반성장 아카데미 개최…""협력사와 동반성장 일군다""",2018-09-07 09:58:04,-0.010135135135135,-0.0026359513719353
110,127,"종목명, GM `품질우수상` 수상…전장부품 품질 인정",2018-09-10 09:25:13,-0.0375426621160409,0.0031030398925144
111,128,"종목명, 중국 `열전 반도체` 시장 확대 나선다",2018-09-12 09:04:02,-0.0072463768115942,-0.000122647602492
112,129,"종목명, 추석맞이 `이웃사랑 송편나눔` 봉사활동",2018-09-19 08:46:30,0.0115384615384614,-0.0002252158981473
113,130,"종목명, `어린이 과학체험 교실` 개최",2018-10-02 14:58:49,0.0115384615384614,-0.0125315606043031
114,131,"종목명, 제2기갑여단에 위문품 전달…감사패 받아",2018-10-17 07:54:02,0.024,0.010437594064109
115,132,"종목명, 매출 2조3132억원·영업익 1297억원…역대 3분기 최대",2018-10-24 16:17:47,0.0699588477366255,-0.0163426556914505
116,133,"종목명, 中 열전 반도체 시장 강화…`중국 테크 포럼` 개최",2018-10-26 08:13:40,-0.0307692307692307,-0.0175204886063568
117,134,"종목명, 독일 `일렉트로니카 2018` 참가…첨단 전장부품 대거 출품",2018-11-13 08:39:30,-0.0547945205479452,-0.0044269295250951
118,135,종목명 `협탁 냉장고용 열전 반도체 모듈` 양산 성공,2018-11-19 08:48:10,0.01,0.0038999031648778
119,136,"종목명, 김장나눔 전국 릴레이 사회공헌 활동",2018-11-21 14:21:24,-0.0124352331606217,-0.0028954608102229
120,137,"[Hot-Line] ""종목명, 4분기 실적 하향 조정""…목표가↓",2018-11-22 08:29:02,-0.0062959076600209,-0.0031783958220406
121,138,"종목명, 자동차 외관 돋보이게하는 신개념 LED 조명모듈 개발",2018-11-26 08:20:02,0.05,0.0124132629470348
122,139,"종목명, 2019년 정기 임원인사…정철동 사장 CEO 선임",2018-11-28 15:51:34,-0.0049504950495049,0.0027891430120599
123,140,"[Hot-Line] ""종목명, 고객사 판매 부진으로 실적 하향""…목표가↓",2018-12-04 08:38:03,-0.0242718446601941,-0.0082459717536346
124,141,"""카메라모듈 쏠림현상 심각…종목명만의 신산업 육성""",2018-12-12 17:36:35,-0.012847965738758,0.0062326743284393
125,142,"[Hot-Line] 종목명, 실적 부진 우려에 사흘째 신저가",2018-12-19 09:30:28,0.0011185682326622,0.0081130396205366
126,143,"[Hot-Line] ""종목명 내년 영업환경 녹록지 않을 듯…목표가↓""",2018-12-24 09:07:02,0.0011534025374855,-0.0031433477879754
127,144,"[Hot-Line] “종목명, 4분기 실적은 낮아진 시장 기대치 수준""",2019-01-14 08:44:05,-0.0259009009009009,-0.0053238617044847
128,145,"[Hot-Line] 종목명, 실적 부진 전망에 약세",2019-01-28 09:22:06,-0.0343392299687824,-0.0001974216289202
129,146,"종목명 ""상생협력 통해 근본 강한 회사 만들어 가겠다""",2019-02-18 08:07:29,0.0142857142857142,0.0067391611486569
130,147,"종목명, 스마트폰 3D모듈 양산",2019-02-19 17:26:03,0.0046948356807512,0.0109402430507421
131,148,멀티카메라폰 열풍…삼성전기·종목명 `기대`,2019-03-01 18:27:14,0.0092592592592593,-0.0021772533653654
132,149,"종목명, 車부품·3D센서로 영역 확대",2019-03-19 17:32:07,-0.0148514851485148,-0.000238801522791
133,150,"[Hot-Line] ""종목명, 하반기 영업익 대폭 개선…목표주가 ↑""",2019-03-28 08:42:03,0.0089686098654708,-0.0081654803947758
134,151,"[Hot-Line] ""종목명 하반기 큰폭 성장 기대…목표주가↑""",2019-04-09 08:32:04,0.047008547008547,0.001338985283986
135,152,[위클리 마켓] 삼성물산·종목명 실적발표…현대차·포스코·네이버 IR,2019-04-19 04:04:03,-0.0158102766798419,0.0010750357889479
136,153,"종목명, 5G 통신 기판 선보여",2019-04-23 17:40:04,-0.012295081967213,-0.0087727508150255
137,154,"종목명, 협력사 대표들과 `어린양의 집` 찾아 봉사활동",2019-05-30 09:07:02,-0.0413223140495867,0.0076508428786081
138,155,"[Hot-Line] ""종목명, 미중 무역분쟁 우려보다 주가 반등 노릴 타이밍""",2019-06-12 08:31:02,0.0,-0.001449021888573
139,156,日화이트리스트 배제땐 종목명·현대차 타격,2019-07-15 17:53:25,0.018181818181818,0.004509112735864
140,157,"종목명, 2분기 영업익 188억원…1분기만에 `흑자전환`",2019-07-23 16:01:04,0.0086956521739129,-0.0091127090563767
141,158,종목명 `트리플 카메라`로 최대실적 도전,2019-08-13 17:25:09,0.0566228513650151,0.0065114985676335
142,159,"종목명, 사회공헌활동 프로그램 `방과 후 아카데미` 지원 강화",2019-08-27 08:38:06,0.0360169491525423,0.0043259789620506
143,160,종목명 차량용 조명 개발…고급 전장부품 사업 가속도,2019-08-28 17:47:04,-0.0205549845837615,-0.0039565049196694
144,161,"종목명, `오토모티브 월드 나고야` 첫 참가…""혁신·차별로 경쟁력 입증""",2019-09-16 09:48:06,0.0297029702970297,0.0063537089163243
145,162,"""종목명 비수익사업 혁신할것""…정철동 사장 강한 의지 밝혀",2019-09-20 17:47:05,0.0047393364928909,8.602882032193726e-05
146,163,"종목명, 협력사대표·임원 초청 `2019 동반성장 아카데미` 개최",2019-10-02 17:00:28,0.0043103448275862,-0.005521943792911
147,164,종목명 지속경영보고서…온실가스 배출량 절반 줄여,2019-10-07 17:42:50,-0.0256410256410256,0.0121282368281445
148,165,"종목명, 차량용 5G통신모듈 개발…자율차 부품시장 공략",2019-10-16 17:41:04,-0.0040983606557376,-0.0023478329085278
149,166,"종목명, 광학 끌고·첨단 부품 밀고…영업익 1865억원 43.8%↑",2019-10-29 16:46:13,-0.0513833992094862,-0.0059349073919977
150,167,"종목명, `이웃사랑 김장나눔` 봉사활동",2019-11-22 14:47:00,0.021186440677966,0.0025564546167449
151,168,"[Hot-Line] ""종목명, PCB 사업 영업정지로 내년 400억원 영업적자 감소 전망""",2019-11-29 08:32:00,-0.024,-0.0144624448138772
152,169,"종목명, 통합 마곡시대 개막…본사까지 이전 완료",2019-12-16 11:06:01,0.0,-0.0009676756134084
153,170,"[Hot-Line] ""종목명, 올해 사상 최대 실적 전망""…목표가↑",2020-01-06 08:47:01,0.017921146953405,-0.0098278366628771
154,171,"[특징주] 종목명, 실적 발표 앞두고 신고가",2020-01-29 09:24:03,0.0429042904290428,0.0039325490251589
155,172,"[특징주] 종목명, 깜짝 실적에 이틀 연속 신고가",2020-01-30 09:29:01,-0.0158227848101265,-0.0170596118141708
156,173,[유가증권시장 공시] 종목명 / 대상,2020-02-13 17:42:03,0.0064935064935065,0.0047605542354818
157,174,종목명 구미 공장 코로나19 확진자 발생,2020-03-01 18:45:02,0.0576923076923077,0.0078006652820032
158,175,"종목명, 車조명 성장동력으로 키운다",2020-03-08 17:49:02,-0.0735294117647058,-0.0418827147143929
159,176,종목명 1500억 `코로나 상생금융`,2020-03-30 17:37:08,0.0,0.0218505521508414
160,177,종목명 전장부품 `GM 품질우수상` 선정,2020-04-05 18:42:03,0.1090909090909091,0.0385061585867159
161,178,"종목명 노조, 구미·광주·평택·파주서 코로나 방역",2020-04-17 17:37:05,-0.0188679245283018,-0.0084459599771573
162,179,종목명 영업이익 흑자전환,2020-04-28 17:41:06,-0.0329670329670329,0.0069645638190545
163,180,종목명 기판소재사업 코로나에도 실적반등 이끌어,2020-05-11 17:45:06,0.0441176470588235,-0.0068357857992875
164,181,"종목명 노조, 보훈가족 릴레이 지원",2020-06-05 15:50:01,0.0390879478827361,0.0011091045159588
165,182,"[특징주] 종목명, 실적 기대감에 신고가",2020-06-17 09:30:03,0.0,0.0014031476959124
166,183,"종목명, ’덕분에 챌린지` 동참",2020-06-23 19:10:02,0.024390243902439,0.0142030086438083
167,184,애플 주가 최고치 찍자…종목명 `방긋`,2020-06-29 17:03:05,0.0174927113702623,0.0070934989309043
168,185,종목명 구미 공장 증설…통신반도체기판 생산능력 확대,2020-07-22 17:28:02,-0.0243161094224924,-0.0055952776522145
169,186,5G폰 신작효과…삼성전기·종목명 `방긋`,2020-09-08 17:37:05,0.0246913580246914,-0.0108662913915316
170,187,종목명·하이트진로…`탄소지수` 기대주,2020-09-11 17:32:04,0.0029498525073745,0.013026286991038
171,188,종목명 사회공헌활동…온택트로 취약계층 지원,2020-09-17 17:23:05,-0.0030864197530864,0.002589168762787
172,189,"[Hot-Line] ""종목명, 동종업체 대비 과도한 저평가""",2020-10-08 08:31:07,0.0,0.0021031195271283
173,190,"종목명, OLED핵심소재 국산화…日과 맞짱",2020-10-14 17:34:13,-0.0214723926380367,-0.0080950140987953
174,191,"[Hot-Line] ""종목명, 좋아질 실적…4분기 기대감""",2020-10-29 08:34:43,-0.0246913580246913,-0.0079266639608117
175,192,"종목명, 소재·부품업계 최초 협력사 영업비밀 보호",2020-11-19 14:49:18,0.0488599348534202,0.0006992461914565
176,193,동반성장펀드 2배 늘린 종목명,2020-12-17 17:34:49,-0.0059880239520958,0.000631670911358
177,194,카메라모듈 끌고 전장부품 밀고…종목명 `훨훨`,2020-12-30 17:31:42,0.0547945205479452,0.0247018346168059
178,195,제일기획·종목명·삼성물산…증시 숨고를때 주목해야 하는 종목은,2021-01-12 17:16:30,0.0106951871657754,0.00714665568873
179,196,종목명 5% ↑…깜짝실적에 '애플카' 기대감까지,2021-01-25 17:09:29,0.0665083135391924,-0.0214023512737726
180,197,"'아이폰 눈' 만드는 종목명 ""가즈아~매출 10조""",2021-02-18 17:00:35,0.0849056603773585,0.0067905780350185
181,198,"종목명 ""車에서도 끊김없이 영화 보세요""",2021-03-02 17:53:44,0.0320197044334975,0.0128520178247804
182,199,가상현실서 피트니스 즐기세요…종목명-MS 기술개발 '맞손',2021-03-08 17:29:18,-0.019002375296912,-0.0066719810975224
183,200,中경쟁자 이탈…종목명 매출 10조 벽 뚫는다,2021-03-11 17:19:22,0.0331753554502369,0.0135016566551353
184,201,"거점 오피스 만든 종목명, 제조업계선 이례적",2021-03-18 15:18:53,-0.0161290322580645,0.0060738342904018
185,202,"종목명, 어린이재단에 6억5000만원 후원",2021-03-26 14:49:30,0.0048899755501221,0.0108631470459272
186,203,"[포토] 종목명, 코로나19 의료진 응원",2021-03-31 17:43:18,0.0170316301703163,0.008486251694288
187,204,"AI로 특허 5만건 4시간만에 분석…종목명, 미래기술 선점 나선다",2021-04-06 17:12:52,0.0070754716981131,0.0033033480890602
188,205,"LG·LG디스플레이·종목명·LG유플, '기후변화 대응·물 경영 우수기업' 선정",2021-04-29 09:02:01,-0.0260047281323877,-0.0023259383453095
189,206,[포토] 종목명 체험형 전시관 '이노테크홀' 개장,2021-05-17 17:22:03,0.0025974025974024,0.012292162357923
0,10,"[Hot-Line]""종목명, 가격인상 순조롭게 진행…수익성 개선될듯""",2016-06-07 08:14:04,0.0689655172413792,0.0129869674503266
1,11,"[Hot-Line]""종목명, 하반기 양호한 실적 지속할 것""",2016-06-08 08:28:03,0.0345622119815667,0.0076803144522592
2,12,"[Case Study] 종목명, 세계서 가장 경쟁력 있는 철강사 7년째 1위 비결은…",2016-06-17 04:06:04,-0.0245098039215686,0.0007223571879075
3,13,"[Hot-Line] ""종목명, 3분기까지 실적 개선…주가 조정은 매수 기회""",2016-06-24 07:38:04,-0.0513447432762835,-0.0309405862993003
4,14,"[Hot-Line] ""종목명, 3분기에도 철강사업 실적은 견고할 것""",2016-07-22 08:13:03,0.0185614849187936,-0.0009342939773456
5,15,"[Hot-Line] “종목명, 3분기 영업익 13분기만에 9000억원 웃돌듯”",2016-09-30 08:50:04,-0.0130434782608696,-0.0121282562897441
6,16,"[Hot-Line] “종목명, 4분기부터 일시적 실적 부진 전망”…투자의견 하향",2016-10-27 08:51:04,-0.0201612903225806,0.005079711366462
7,17,종목명 Energy to build and run 300-MW power plants in Botswana,2016-12-07 16:36:04,0.0608365019011407,0.0196697260917793
8,18,"[Hot-Line] ""종목명, 지난해 4분기 실적이 저점이다""",2017-01-11 08:45:05,0.0781563126252504,0.0146934786582046
9,19,종목명 to close its longest-operating blast furnace on govt support,2017-01-23 17:30:04,0.0018484288354898,-0.0001113170930707
10,20,"[Hot-Line] 종목명, 업황 호조 기대감에 신고가",2017-02-14 09:30:03,0.014362657091562,-0.0019627326352911
11,21,"[Hot-Line] ""종목명, 중국 공급 개혁은 시황 측면에서 긍정적""…목표가↑",2017-03-08 08:23:02,0.0069444444444444,0.0006493937433107
12,22,"[Hot-Line] 종목명, 실적 기대감에 사흘째 신고가",2017-03-21 11:20:03,-0.0118043844856661,0.0099071737733846
13,23,"[Hot-Line] “종목명, 1분기 어닝 서프라이즈""…목표가↑",2017-03-31 08:28:02,0.0246478873239437,-0.0020372501746183
14,24,"종목명, Doosan Group join AMCHAM",2017-05-07 14:11:03,0.0,0.0229872839275904
15,25,종목명 Energy wins Vietnamese govt’s approval to build another coal power plant,2017-05-11 15:16:03,0.0018518518518517,0.0115632647820811
16,26,"[Hot-Line] ""종목명, 3분기 실적 개선에 주목""",2017-06-16 08:01:04,0.0091911764705883,7.62924258363995e-05
17,27,"[Hot-Line] 종목명, 하반기 실적 개선 기대감에 신고가",2017-07-11 09:30:32,0.0266666666666666,0.0058351460594248
18,28,"[Hot-Line] ""종목명, 중국 철강업계 구조조정 수혜 예상""",2017-08-29 08:20:28,0.0134529147982063,-0.0023457194806816
19,29,"[Hot-Line] ""종목명, 하반기 실적 개선 기대""…목표가↑",2017-09-04 08:20:17,-0.0057636887608069,-0.0118930137981192
20,30,"[Hot-Line] ""종목명, 중국발 수요 증가와 공급 규제에 주목""",2017-09-15 08:53:07,-0.035548686244204,0.0035371568311994
21,31,"[Hot-Line] ""종목명, 3분기보다 4분기 실적 기대""",2017-09-19 09:08:07,0.0384615384615385,-0.0008931862968205
22,32,"[Hot Line] ""종목명, 4분기 분기기준 사상최대 영업익 달성""",2017-09-21 08:19:39,-0.0261538461538461,-0.0023629678781964
23,33,"[Hot-Line] ""종목명, 3분기 실적 개선세는 4분기까지 계속""",2017-09-27 08:36:27,-0.0126782884310617,-0.0007370531141044
24,34,"[Hot-Line] 종목명, 철강 가격 상승 기대감에 강세",2017-10-16 09:29:12,0.0584615384615385,0.0025994015636476
25,35,"[Hot-Line] ""종목명, 내년에도 견고한 이익 지속될 것""",2017-10-27 08:30:29,0.0286576168929109,0.0064499747058799
26,36,"[Hot-Line] ""종목명, 중국 업계 통합에 월드프리미엄플러스로 대응""",2017-11-22 08:45:57,0.001602564102564,0.003876421223355
27,37,"[Hot-Line] ""종목명, 올해는 성공적이고 내년은 안정적""",2017-11-27 09:04:35,0.00625,-0.0143534910488921
28,38,"[Hot-Line] ""종목명, 철강 부문 필두로 수익성 개선 이어질 것""",2017-11-30 08:40:33,0.0182370820668693,-0.0145369041444612
29,39,"[Hot-Line] ""종목명, 베트남 실적 개선될 것""",2017-12-04 08:45:07,0.0273972602739727,0.0106083480851797
30,40,"[Hot-Line] ""종목명, 철강가격 강세가 주가 상승으로 이어질 것""",2017-12-05 08:44:49,0.0222222222222221,0.0033778217204787
31,41,"[Hot-Line] ""종목명, 4분기 일회성 이익 훼손 가능성↓""",2017-12-12 08:30:59,-0.0015037593984962,-0.0042443991448252
32,42,"[Hot-Line] ""종목명, 올해는 4분기 일회성 비용 영향 크지 않아""",2017-12-13 09:00:34,0.0075301204819278,0.0079439451442502
33,43,"[Hot-Line] ""종목명, 올해도 성장세 지속될 것""",2018-01-02 08:21:43,0.0751879699248121,0.0076434385048913
34,44,"[Hot-Line] ""종목명, 3분기까지 두자릿수의 영업이익 성장 가능""",2018-01-05 08:51:18,0.0013605442176871,0.0125929710966834
35,45,"[Hot-Line] ""종목명, 1분기 실적·업황 다 좋다""…목표가↑",2018-01-10 08:43:20,-0.0132450331125827,-0.0041749083086004
36,46,[2018 증권사 톱픽] ④`왕의 귀환` 종목명 랠리 계속된다,2018-01-11 13:50:17,-0.0161073825503356,-0.004736508850885
37,47,"[Hot-Line] ""종목명, 작년 4분기 실적 아쉽지만 구조조정 효과 본격화될 것""",2018-01-26 09:09:24,0.0076530612244898,0.0048902831119008
38,48,"[Hot-Line] ""종목명, 배터리 소재가 안정적 실적 성장시킬 것""",2018-03-06 08:40:32,0.0,0.0153048142350156
39,49,U.S. court puts brake on AFA application against 종목명,2018-03-13 13:37:00,0.0014164305949009,0.0041744652076338
40,50,"[Hot-Line] ""종목명, 1분기에도 스프레드 개선 지속될 것""",2018-03-20 08:16:15,-0.0072886297376093,0.0042383287786766
41,51,"[Hot-Line] ""종목명, 철강 업황 개선세 둔화될 것""…목표가↓",2018-03-30 08:39:01,-0.0341246290801187,0.0038910266276261
42,52,"[Hot-Line] “종목명, 1분기 호실적 전망…재매수 기회""",2018-04-10 08:25:04,0.036741214057508,0.002724915627744
43,53,"[Hot-Line] 종목명, 삼성바이오로직스 제치고 시총 5위로",2018-04-25 09:42:06,0.0141242937853107,-0.0062211703335303
44,54,"[Hot-Line] ""종목명, 철강 경기 회복과 남북 경협 가능성 기대""",2018-06-05 08:28:04,0.0,0.0024512206978983
45,55,"[Hot-Line] ""종목명, 올해 영업이익 2011년 기록 갱신 가능성""",2018-06-07 08:50:03,0.0439716312056737,0.006854813808788
46,56,"[Hot-Line] ""종목명, 상반기 영업이익 3조 육박할 것""",2018-06-15 08:27:03,-0.0121786197564276,-0.0080214984899524
47,57,"[Hot-Line] ""종목명, 하반기에도 이익 성장 이어질 것""",2018-06-20 08:31:03,0.0073529411764705,0.0101703782778457
48,58,"[Hot-Line] ""종목명, 미·중 무역전쟁 격화 영향 관찰해야""",2018-06-28 08:23:04,-0.0271903323262839,-0.011865791068386
49,59,"[Hot-Line] ""종목명, 미·중 무역분쟁 영향 크지 않아""",2018-07-16 09:04:04,-0.004739336492891,-0.0038556027425891
50,60,"[Hot-Line] ""종목명, 중국 철강재 선물가격 올해 최고치 기록""",2018-07-17 09:04:05,0.0126984126984126,-0.0017680650296832
51,61,"[Hot-Line] ""종목명, 2분기 실적 기대이하지만 하반기 업황 기대""",2018-07-24 08:26:05,0.0252365930599369,0.0047987677826619
52,62,"[Hot-Line] ""종목명, 중국 재정정책 수혜로 하반기 기대돼""",2018-07-31 08:51:05,0.0060882800608828,0.0007630226126633
53,63,"[Hot-Line] ""후판 가격 상승…종목명·동국제강 수혜 예상""",2018-08-29 09:05:14,0.0030257186081694,0.0025660459289018
54,64,"[Hot-Line] ""종목명, 3분기 수익성 개선 의심의 여지 없어""",2018-09-04 08:47:53,-0.0093896713615023,0.0037667225353659
55,65,"[Hot-Line] ""종목명, 호황이 호실적으로 이어져…조정은 매수 기회""",2018-10-24 08:23:28,0.0191570881226053,-0.0040454012646837
56,66,"[Hot-Line] ""종목명, 업황 악화 우려 따른 주가 하락 과도""…목표가↓",2018-12-03 08:49:05,0.0484848484848485,0.0167249235573347
57,67,"[Case Study] ""With 종목명""…고객·지역사회와 상생하는 `기업시민`",2018-12-21 04:05:02,-0.0239520958083832,0.0006649481205955
58,68,"[Hot-Line] ""종목명, 수익성 악화 이어지나 업황 반등 기대도""…목표가↓",2019-01-08 08:42:05,-0.0020325203252032,-0.0058072535169476
59,69,"[Hot-Line] ""종목명, 동절기 이후 철강가격 상승 전망""",2019-01-24 08:35:05,-0.0018867924528301,0.0081070410309787
60,70,"[Hot-Line] ""종목명, 올해 실적 악화되나 밸류에이션 매력 크다""…목표가↑",2019-01-31 08:31:04,-0.0385964912280701,-0.0006118452678726
61,71,"[Hot-Line] ""종목명, 중국 부동산 규제 완화로 철강 가격 상승할 것""",2019-03-06 08:26:04,-0.0019569471624266,-0.0016656718351498
62,72,"[Hot-Line] ""종목명, 1분기 실적 기대이하겠지만 저평가 매력 여전""",2019-03-20 08:42:00,-0.0115606936416184,-0.000238801522791
63,73,"[Hot-Line] ""종목명, 중국 부과 스테인리스 반덤핑관세 영향 미미""",2019-03-25 08:26:03,-0.0231660231660231,-0.0192459109458605
64,74,"[Hot-Line] ""종목명, 예상보다 나은 1분기 실적 전망""",2019-04-08 08:31:02,0.0054545454545453,0.0004480387724801
65,75,"[Hot-Line] ""종목명, 예상보다는 호실적""",2019-04-25 08:22:04,0.0077369439071566,-0.0047841369092016
66,76,"[Hot-Line] ""종목명, 실적 감소해도 저평가 상태""…목표가↓",2019-06-10 08:49:06,0.0128205128205127,0.0131059778016695
67,77,"[Hot-Line] ""종목명, 3분기 저점으로 실적 반등할 것""",2019-09-16 08:30:07,0.0084745762711864,0.0063537089163243
68,78,"[Hot-Line] ""종목명, 모멘텀과 별개로 지나치게 저평가""",2019-09-23 08:33:07,-0.0128205128205127,8.602882032193726e-05
69,79,"[Hot-Line] ""종목명, 업황 아쉽지만 저평가·배당 매력적""",2019-10-10 08:24:27,-0.0045146726862302,-0.0088454372632864
70,80,"[Hot-Line] ""종목명, 4분기도 수익성 개선 쉽지 않아…목표가↓""",2019-10-25 08:18:07,-0.0448430493273542,0.0010691968461251
71,81,"[Hot-Line] ""종목명, 업황·실적 저점 지났다""",2020-01-06 08:43:01,-0.0253164556962025,-0.0098278366628771
72,82,"[Hot-Line] ""종목명, 코로나 타격 예상되나 저평가·배당 매력 있어""",2020-03-04 08:30:04,0.0104166666666667,0.0224313251057011
73,83,"[Hot-Line] ""종목명, 코로나19 사태로 업황 회복 지연""…목표가↓",2020-03-11 08:49:02,-0.005540166204986,-0.0278461445371501
74,84,"[Hot-Line] ""종목명, 상반기 실적 부진 이미 반영돼 주가 매력적""…목표가↓",2020-04-07 08:31:06,0.0031055900621117,0.0177020620306547
75,85,"[Hot-Line] ""종목명, 자사주 매입 등 주주친화정책 긍정적""",2020-04-13 08:22:03,0.0168539325842695,-0.0187778480787417
76,86,"[Hot-Line] ""종목명, 3분기부터 완만한 실적 회복 기대""",2020-04-27 08:22:05,0.0057803468208093,0.0178718004781774
77,87,"[Hot-Line] ""종목명, 2분기 저점으로 실적 개선될 것""",2020-06-19 08:42:02,0.0214477211796246,0.0036747886427319
78,88,"[Hot-Line] ""종목명, 하반기 철강 가격 인상 명분 충분""",2020-06-29 08:26:04,-0.040983606557377,-0.019286498437719
79,89,"[Hot-Line] ""종목명, 3분기부터 점진적 실적 개선 기대""",2020-07-22 08:32:03,0.0313315926892949,-7.63476775010874e-05
80,90,"포스코건설, `with 종목명 스트리트 갤러리` 오픈…건설현장에 구족화가 작품 전시",2020-08-25 11:43:05,0.0075376884422111,0.0158380228448575
81,91,"[Hot-Line] ""종목명, 회복 속도 기대 못 미칠 것""",2020-08-26 08:22:04,-0.0374064837905236,0.0010943741034623
82,92,"[Hot-Line] ""종목명, 3분기 완만한 실적 개선 나타날 것""",2020-09-16 08:25:05,-0.0026385224274406,-0.0031348086641259
83,93,"[Hot-Line] ""종목명, 제품 가격 인상 통해 수익성 개선할 것""",2020-09-22 08:53:05,0.0183246073298428,-0.0237716770989957
84,94,"[Hot-Line] ""종목명, 4분기도 실적 개선 이어질 것""…목표가↑",2020-10-26 08:51:36,-0.009090909090909,-0.0071586220736277
85,95,"[Hot-Line] ""종목명, 예상보다 회복 속도 빨라""…목표가↑",2020-11-25 08:28:03,0.0020449897750511,-0.0061961260535873
86,96,"[Hot-Line] ""종목명, 이익 체력 가장 강한 글로벌 철강사""",2020-11-27 08:20:47,-0.0123711340206185,0.0028714004869485
87,97,"[Hot-Line] ""종목명, 경기 회복 기대가 주가 상승으로 이어질 것""…목표가↑",2020-12-02 08:30:22,0.0183299389002036,0.0158109146815981
88,98,`철강제품 가격` 따라 철강株도 강세…종목명 52주 신고가,2021-01-05 10:01:21,0.043956043956044,0.0156634066693293
89,99,"철강주, 수요 성수기 기대감에 강세…종목명·동국제강 52주 신고가",2021-03-08 10:04:39,0.0222575516693164,-0.0099627602718775
0,12,"종목명, 별동대 `아이콘` 경영진-직원 소통 앞장",2016-05-25 04:03:04,0.0066445182724252,0.0117821081725393
1,13,"[Hot-Line] ""종목명, 2분기 실적 컨센서스 웃돌 것""",2016-06-08 07:49:03,-0.0123456790123457,0.0076803144522592
2,14,"종목명 울산, 창사 이래 첫 최대 보수공사 현장을 가다",2016-06-12 14:15:04,-0.0318471337579617,-0.0191164613454487
3,15,종목명의 전기차 배터리 시장공략 新무기는,2016-06-20 18:39:04,-0.0314685314685314,0.0007975064630045
4,16,"[Hot-Line] “종목명, 2분기 영업익 1조원 웃돌 듯”",2016-07-06 09:04:03,-0.0209059233449477,-0.0184586684639586
5,17,"종목명, 드로잉쇼 새 광고 SNS서 인기",2016-07-11 13:44:04,0.0146520146520146,0.0129591275589726
6,18,"종목명, 中·스페인 등 메이저社와 합작 프로젝트",2016-07-20 04:02:03,0.0068493150684931,-0.0007090391589845
7,19,종목명 ‘어? 부업 덕에’ 역대급 실적,2016-07-22 14:21:10,0.0380622837370241,-0.0009342939773456
8,20,"[Hot-Line]""종목명, 정제마진 방향성이 중요""",2016-07-25 09:13:04,0.0033333333333334,0.0009848980935993
9,21,"무디스, 종목명 신용등급 전망 조정…`안정적→긍정적` 상향",2016-07-26 18:42:04,-0.0133333333333333,-0.001129518008032
10,22,"종목명, 폭염 사고 예방위해 SHE 활동 전개",2016-08-11 13:54:04,-0.0097087378640776,0.0020346046098487
11,23,종목명 ‘드로잉 쇼’ 광고 조회 1천만 돌파,2016-09-01 16:05:06,-0.0067796610169491,0.0027500531700141
12,24,"종목명, 車배터리 기가시대",2016-09-08 17:33:10,0.0066225165562914,-0.0125307018120656
13,25,"종목명, 사내 어린이집 확장…일·가정 양립 지원",2016-09-12 15:06:03,0.0032894736842106,-0.0227639717517897
14,26,"종목명, 어학·인턴경험 안따지고…스펙 최소화",2016-09-30 04:03:04,0.0,-0.0121282562897441
15,27,"[Hot-Line] “종목명, 4분기 이익 정상화 전망”",2016-10-31 08:55:03,-0.0257234726688102,-0.0055610535477085
16,28,"‘임금협상 중재 받는’ 종목명, 노무사 인력충원 왜?",2016-12-15 11:33:05,0.006514657980456,-0.0001079946194602
17,29,"종목명 송년회, 발달장애아동들과 케이크 만들어",2016-12-22 10:56:03,0.0,-0.0010942221842796
18,30,"종목명, 새해 3조원 투자 선언",2017-01-01 17:27:03,0.0034129692832765,-0.0001480053915557
19,31,"[Hot-Line] ""종목명, 올해도 사상 최대 실적""…목표가↑",2017-01-19 08:51:04,0.0,0.001086673021347
20,32,"종목명, 협력사에 10억 전달",2017-01-25 17:59:02,0.0,0.0080554575726783
21,33,"종목명, 다우케미칼 EAA 사업 인수…화학 강화 나서",2017-02-02 09:50:03,0.0157728706624604,-0.0045518198161176
22,34,종목명 1년반만에 부활한 까닭,2017-02-06 17:59:03,-0.0032894736842105,-0.0011791876937364
23,35,`전경련` 해체하나…종목명·텔레콤 탈퇴원 제출,2017-02-16 16:09:04,-0.009493670886076,-0.0006052386094699
24,36,"종목명, 1천억 동반성장PEF 만들고 고부가 가치 제품개발 지원",2017-02-27 04:03:04,0.0032679738562091,-0.0041067830494462
25,37,"종목명, 전기차배터리 생산규모 2배로 증설",2017-03-06 15:13:02,-0.0096463022508038,0.0012556137101622
26,38,"종목명, 고수익 화학 비중확대…영업익 3조 기대",2017-03-14 17:42:05,0.0254777070063694,-0.0003655620492265
27,39,"종목명, 전기차 배터리 최대규모 증설…핵심공정 `스마트팩토리` 적용",2017-03-24 04:04:18,0.0030674846625766,-0.0017351614797671
28,40,종목명 중국 배터리공장 전격 가동중단,2017-03-29 17:10:02,0.00920245398773,-0.0010798839959749
29,41,"[Hot-Line] ""종목명, 1분기 영업이익 고공행진 지속""",2017-04-03 08:23:02,-0.003003003003003,0.0033700254451611
30,42,"10일만에 100만 조회, 종목명 광고 화제",2017-04-17 16:09:04,0.0061919504643963,0.0012582725875294
31,43,"[Hot-Line] 종목명, 1분기 `깜짝실적`에 52주신고가 경신",2017-04-26 09:37:03,0.0176470588235293,0.0050026126088462
32,44,[포토] 종목명 실종아동찾기 3억 전달,2017-05-17 17:29:03,0.0059523809523809,-0.0027299569954224
33,45,"종목명 ""오늘부터 배터리·화학이 센터다""",2017-05-30 17:49:04,-0.0087976539589442,0.0015786929560994
34,46,"[Hot-Line] “종목명, 주가는 바닥…저가 매수 타이밍""",2017-06-16 08:35:06,0.0159744408945687,7.62924258363995e-05
35,47,종목명 `나눔리더스클럽 1호`,2017-06-20 14:18:05,-0.0217391304347825,-0.0007043409966787
36,48,"종목명, 사회적기업 키워 취약계층 일자리 창출",2017-06-27 04:03:07,-0.0031847133757961,0.0013773576487265
37,49,종목명 청춘임팩트,2017-06-29 15:34:06,0.0063492063492063,-0.001615368266846
38,50,"종목명, 2분기 영업이익 4212억원…전년 대비 62.4%↓",2017-07-27 11:14:49,-0.0169014084507042,0.0035859289812492
39,51,"종목명, 배터리-화학 강화 조직개편",2017-08-01 15:41:56,-0.0167130919220055,0.0019273624307323
40,52,"종목명, 배터리연구소 개편…R&D역량 결집",2017-08-31 04:02:20,0.0134408602150537,-0.0038359972222603
41,53,"종목명, `사이매틱스 아트` PR캠페인 공개",2017-09-07 13:30:40,0.0108108108108107,0.0113672061741989
42,54,"[Hot-Line] ""종목명, 유화사업 실적 개선 기대""…목표가↑",2017-09-11 08:40:47,0.0241286863270777,0.006553729622164
43,55,"종목명 노사, 고용세습 없앤다",2017-09-14 21:05:43,-0.0357142857142857,0.0035371568311994
44,56,"키움증권, 연 14% 수익 한국전력·종목명 ELS 판매",2017-09-20 10:29:39,0.0079155672823219,-0.0015935505978419
45,57,"종목명, 이사 60% 외부서 수혈…투명경영으로 주주이익 극대화",2017-09-21 04:04:57,-0.0104712041884816,-0.0023629678781964
46,58,"종목명, 서산시 저소득층 학생에게 PC 300대 지원",2017-09-26 14:44:38,0.0263852242744062,-0.0025541229416502
47,59,"[Hot-Line] 종목명, 3분기 실적 기대감에 신고가",2017-09-29 09:34:06,0.0231362467866322,0.0089881249996752
48,60,"[Hot-Line] ""종목명, 실적 강세 장기화 전망""…목표가↑",2017-10-10 08:22:51,0.0276381909547738,0.0164295599763024
49,61,"종목명, 창사후 최대 실적…딥체인지로 더 큰 그림 그린다",2017-10-19 04:15:27,0.0171568627450979,-0.0039670601629142
50,62,"[Hot-Line] ""종목명, 이익 개선과 배당에 주목…목표가↑""",2017-10-20 08:35:05,-0.0072289156626506,0.0066638009618997
51,63,종목명 발달장애인음악 축제 `그레이트 뮤직페스티벌 개최,2017-10-22 15:27:31,-0.0048543689320388,0.0002048611357963
52,64,종목명 내년 주총부터 전자투표제 도입하기로,2017-11-01 17:33:30,-0.0144578313253012,-0.0039546187182654
53,65,종목명 `착한 캠페인`…광고 클릭할때마다 기부,2017-11-16 17:48:09,0.0382653061224489,0.0062503683113273
54,66,"종목명, 국내 소재·배터리 생산설비에 2000억 추가 투자 결정",2017-11-30 09:53:43,-0.0048192771084337,-0.0145369041444612
55,67,"종목명, 석유개발 성공 현장 베트남서 이사회 개최",2017-12-01 10:04:57,-0.0193704600484261,-0.0003877469661777
56,68,"종목명, 정부부처 2곳서 자원봉사 대표기업 수상",2017-12-08 11:05:22,0.0024691358024691,0.0008204859569977
57,69,소비자와 함께 기업 PR 캠페인 만드는 종목명,2018-01-10 14:17:40,0.0357142857142858,-0.0041749083086004
58,70,"종목명 ""스펙 두려워 말고 면접전형을 즐겨라""",2018-01-22 17:24:16,0.0205128205128204,0.0137843618086628
59,71,"`2년연속 사상 최대` 종목명, 작년 영업이익 3조2343억원",2018-01-31 13:51:21,-0.0261904761904762,-0.0004985041339796
60,72,"[Hot-Line] ""종목명, 작년 4분기 부진하나 정제마진 회복할 것""",2018-02-01 08:44:09,0.0048899755501221,0.0008104852721682
61,73,"종목명 노사, 기본급 1%씩 모아 협력업체 직원들과 나눠",2018-02-05 17:54:24,-0.0277078085642317,-0.0154268851208989
62,74,"종목명 신입사원, 독거노인과 명절음식·덕담 나눠",2018-02-19 16:10:46,-0.010178117048346,-0.0113393333233415
63,75,"종목명, 남중국해 PRMB 지역서 원유탐사 성공",2018-02-21 15:22:43,0.0051413881748072,0.006016174888249
64,76,종목명 CEO에 첫 스톡옵션,2018-03-01 06:03:10,0.0097323600973235,-0.010381729075685
65,77,"종목명, 평창패럴럼픽 선전 기원하며 5000만원 기부",2018-03-06 10:02:53,-0.0191846522781774,0.0153048142350156
66,78,"종목명, 유럽 전기차 시장 공략할 배터리공장 첫 삽",2018-03-08 22:03:21,0.0098765432098766,0.0108380621083692
67,79,"[Hot-Line] ""종목명, 정유 좋지만 비정유도 주목해야""",2018-03-14 08:55:04,0.0071942446043165,-0.0033713953688786
68,80,"종목명, 미국 셰일업체 롱펠로우 인수 계약 체결",2018-03-21 09:05:00,0.0023640661938533,-0.0002213013757982
69,81,"종목명, 헝가리에 유럽 첫 단독공장 착공…글로벌 완성차 시장 교두보 기대",2018-03-23 04:03:22,-0.0187353629976581,-0.0317545570007086
70,82,"종목명, 사랑의열매 주최 `나눔기업대상` 수상",2018-03-26 18:21:01,-0.0117924528301887,0.0061466921564159
71,83,"종목명 기업광고 `혁신의 큰 그림`, 올해의 광고상 수상",2018-04-11 09:59:03,-0.0049261083743842,-0.0026604286977012
72,84,"종목명, 1% 행복나눔기금 소아암 어린이 치료 지원",2018-04-25 16:22:02,0.0051679586563306,0.0109562740080202
73,85,"[Hot-Line] 종목명, 1조원 규모 자사주 매입 소식에 강세",2018-05-02 09:27:01,0.0610687022900764,-0.0038840161146347
74,86,"[Hot-Line] ""종목명, 유가 상승·정제 마진 상승으로 실적 개선""",2018-05-23 08:51:02,-0.0096618357487923,0.0025713501645252
75,87,베트남 맹그로브숲 복원…종목명 MOU 체결,2018-05-24 17:25:07,-0.0098039215686274,-0.0021127087801237
76,88,종목명 남녀고용평등 분야 우수 기업 선정,2018-05-30 16:30:03,0.0351758793969849,0.0058031576326191
77,89,종목명도 경협株? 러시아원유 도입땐 수익 껑충,2018-06-17 17:11:06,-0.0046620046620046,-0.0115638876844845
78,90,"[단독] 종목명, 해외자금 조달 흥행 예감",2018-06-19 17:38:04,-0.0024390243902439,0.0101703782778457
79,91,종목명 석유화학 계열사 고수익 비결은,2018-06-25 17:48:03,0.0048543689320388,-0.0029517877692499
80,92,"[Hot-Line] ""종목명, 유가 따라 2~3분기 실적 희비 갈려""",2018-06-27 08:43:03,-0.0217391304347825,-0.0037814529184121
81,93,"[Hot-Line] ""종목명, 정제마진 반등하나 이익 기대 이하""…목표가↓",2018-07-06 08:35:05,0.0184696569920843,0.0067861476678163
82,94,"[레이더M] 종목명, 5억달러 해외시장서 조달",2018-07-12 13:42:04,0.0,0.0019468134859041
83,95,"종목명의 행복나눔 프로젝트, ""지구의 에너지를 돌려주세요""",2018-07-17 15:57:04,-0.0077720207253886,-0.0033986454119788
84,96,종목명 맹그로브 나무 기부 1만그루 조기마감,2018-07-20 14:52:05,-0.0051413881748072,0.0030232362592368
85,97,"종목명, 2분기 영업이익 8516억원…전년 동기 대비 103%↑",2018-07-27 10:09:04,-0.0173267326732673,0.0025905528239353
86,98,"종목명, 2년 연속 중간배당",2018-07-31 17:44:05,-0.0100755667506297,0.0051454118263489
87,99,"[나눔경영] 종목명, 창업자금·홍보 등 지원…사회적 기업의 산파",2018-08-22 04:02:45,-0.0177215189873417,0.0014404988921044
88,100,"종목명의 새 성장동력, 중국에 차배터리 공장 짓는다",2018-08-24 17:42:51,-0.0025316455696202,0.0026557044943866
89,101,종목명 전기차 배터리 출하량 6위,2018-09-06 14:38:23,-0.0026109660574412,-0.0018151529009006
90,102,"[인재경영] 종목명, 사람중심 혁신…최대 14일 리프레시 휴가",2018-09-20 04:05:08,-0.0148883374689826,0.0064935022713179
91,103,"[Hot-Line] 종목명, 3분기 실적 기대감에 신고가",2018-10-01 09:14:38,0.0372093023255815,-0.0017883310692353
92,104,VR로 제작해 글로벌 눈길 사로잡은 종목명 광고,2018-10-08 14:54:36,-0.029017857142857,-0.0060374073345557
93,105,"종목명 배터리사업, 성장률 업계 최고",2018-10-10 14:12:46,-0.0068965517241379,-0.0111898280381366
94,106,"[Hot-Line] ""종목명, 올 3분기 실적 시장기대치 충족""",2018-10-18 08:42:10,0.004566210045662,-0.0088580679726595
95,107,종목명 울산공장 에너지저장설비 구축,2018-11-01 14:50:57,-0.0515222482435596,-0.0025767383945467
96,108,종목명 중국서 이사회 눈길,2018-11-09 17:43:33,-0.01,-0.0027084865761558
97,109,[유가증권시장 공시] 키움증권 / 종목명 / 현대중공업 등,2018-11-15 17:50:06,0.0180878552971577,0.0117743054679815
98,110,폭스바겐 날개 단 종목명 `훨훨`,2018-11-19 17:46:11,0.0073891625615762,-0.0085596129103585
99,111,"종목명, 가정행복이 기업행복…워라밸 실천",2018-11-22 04:06:05,0.0098280098280099,-0.0031783958220406
100,112,"종목명, VR아트로 `글로벌 일류` 구현",2018-11-23 04:04:19,-0.0243309002433089,-0.0060242862364743
101,113,종목명·CJ중국 사랑받는 기업 대통령상,2018-11-28 17:47:05,0.0025510204081633,0.0027891430120599
102,114,"[Hot-Line] ""종목명, 국제유가 급락에 따른 4분기 실적부진""",2019-01-08 08:32:04,0.0172413793103447,-0.0058072535169476
103,115,[위클리 마켓] 종목명·삼성전기 4분기 실적발표,2019-01-25 04:03:03,0.033426183844011,0.0152445189847736
104,116,"[Hot-Line] ""종목명, 마진 폭락에 배터리 개선도 불확실""…목표가↓",2019-02-01 08:22:08,-0.013262599469496,-0.0006304904815347
105,117,"[청년이 미래다] 종목명, 결재·보고 대폭 축소…신나는 일터로",2019-03-22 04:04:11,0.0025641025641025,0.0009474516270238
106,118,[위클리 마켓] 종목명·현대건설기계 물적분할…포스코케미칼 합병,2019-03-29 04:05:00,-0.0375335120643431,0.0059065943429132
107,119,"[Hot-Line] ""종목명, 하반기로 갈수록 나아질 것""",2019-04-26 08:22:04,-0.0106100795755967,-0.0051083958000457
108,120,[유가증권시장 공시] 미래에셋대우 / 종목명,2019-05-08 17:41:02,-0.0397727272727272,-0.0304426638694348
109,121,"종목명, LG화학에 맞소송",2019-06-02 17:32:06,-0.0060606060606061,0.0127881650591561
110,122,"[Hot-Line] ""종목명, 주가에 악재만 반영돼 상승여력 있어""",2019-06-11 08:44:07,0.0030769230769229,0.0058681246677436
111,123,"와디즈, 종목명과 크라우드펀딩으로 소셜벤처에 투자",2019-06-20 16:15:12,0.0,-0.0026603239804284
112,124,"종목명, 소셜벤처 대상 `상생 크라우드펀딩` 완판",2019-07-01 15:42:09,0.021671826625387,-0.0036248415469721
113,125,"종목명, `사회적 경제 활성화` 공로로 전북도지사 표창",2019-07-04 17:23:05,0.0058309037900874,0.0008820987123252
114,126,"종목명, 내년 IMO 환경 규제 대비한 저유황유 공급 6배↑",2019-07-07 09:28:03,-0.017391304347826,-0.0219939277948508
115,127,"종목명·제주클린에너지, 폐플라스틱·폐비닐 환경문제 해결 맞손",2019-07-12 09:19:04,0.0144927536231884,0.0029221821665448
116,128,"종목명, 마늘로 농가·독거노인 지원",2019-07-16 11:03:03,-0.0057971014492753,0.004509112735864
117,129,"종목명·환경부 ""친환경 사회적기업 육성""",2019-07-24 17:47:07,-0.0254957507082153,-0.0037554957575663
118,130,종목명 노사상생…단협 3주만에 끝냈다,2019-07-29 17:59:09,0.0088757396449703,0.0045332174205532
119,131,"종목명 PR캠페인, 10일만에 조회수 1400만 돌파",2019-08-28 15:56:07,-0.0031948881789137,-0.0039565049196694
120,132,"LG화학, 종목명 향해 ""여론전 그만 두고 소송에 집중하라""",2019-09-03 10:01:09,-0.0181268882175226,-0.0017773806005847
121,133,"종목명, 구직자 질문에 바로 답해줄 챗봇 도입",2019-09-04 11:08:06,-0.0061538461538461,0.0116193747160249
122,134,경찰 `전기차 배터리 기술유출 의혹` 종목명 두 번째 압수수색,2019-09-20 14:56:08,-0.0029585798816568,0.0053692510749698
123,135,"LG화학, 日도레이와 함께 종목명 상대 특허소송 제기",2019-09-30 17:55:13,-0.0030120481927711,0.0045417574840425
124,136,"종목명, LG화학과의 美ITC 소송서 증거 누락해 포렌식 명령받아",2019-10-22 07:30:15,0.0186915887850467,0.0116328713005886
125,137,LG화학-종목명 특허戰 격화,2019-10-28 17:59:28,0.0093167701863354,-0.000434732975447
126,138,"`유가 하락 직격` 종목명, 3분기 영업익 3301억원…전년比 60.5%↓",2019-10-31 09:36:33,0.0062893081761006,0.0015430496854442
127,139,"종목명, 친환경 기업 키운다",2019-11-05 17:41:09,-0.0093167701863353,0.0007047423157449
128,140,"종목명, 사회적 기업 제품 판매",2019-11-12 15:18:52,-0.0031055900621117,0.0079233145971915
129,141,"종목명, 최대 16일 `빅 브레이크` 휴가제도",2019-11-20 04:03:09,-0.0220820189274447,-0.0129664701239363
130,142,"종목명, `1% 행복나눔` 기금 만들어 협력사와 상생",2019-11-25 04:04:25,-0.0098684210526315,0.0102475971948354
131,143,"美ITC조사국, 종목명 증거인멸 정황 인정…""조기패소 판결 적절""",2019-11-27 08:10:00,0.0033444816053511,0.0030640864071085
132,144,"원방테크, 종목명과 800억 원 규모 LOI 체결",2019-12-11 11:43:03,0.0034364261168384,0.0036320862726406
133,145,"종목명, 협력사에게 사무실 무상으로 제공",2019-12-20 04:03:06,0.0098684210526316,0.0034690028022585
134,146,"종목명, 협력사에 상생기금 30억원 전달",2020-01-13 16:46:01,0.0108695652173913,0.0043152763503795
135,147,"[Hot-Line] ""종목명, 성장사업 가치 고려시 추가 하락 제한적""…목표가↓",2020-01-15 08:26:06,-0.0179211469534049,-0.0035285068484399
136,148,"종목명 “세계배터리동맹, ‘지속가능 생태계 조성 위한 10대 원칙’ 발표”",2020-01-27 10:25:03,-0.0384615384615384,-0.0309020028295488
137,149,"김준 종목명 총괄사장 ""아프리카 초원서 살아남을 체력 갖춰야""",2020-01-29 17:17:04,0.0,-0.0170596118141708
138,150,"종목명, 작년 영업이익 1조2693억원…전년 대비 39.6%↓",2020-01-31 16:09:05,-0.05,-6.14093370894242e-05
139,151,"종목명, RMI 가입…배터리 핵심광물 윤리적 구매",2020-02-04 17:41:04,0.046875,0.0035821777427376
140,152,"종목명, 공장내 사무실 지어 무상으로 제공",2020-02-18 04:02:07,0.0,-0.0148472418050749
141,153,"[Hot-Line] ""종목명, 단기 실적 부진 불가피""",2020-02-26 08:21:01,-0.0204081632653061,-0.0127590597281723
142,154,유화공장 산업폐기물을 시멘트로…종목명 재활용 성공,2020-02-28 17:30:07,0.0088495575221239,0.0078006652820032
143,155,"[Hot-Line] ""종목명, 유가 하락으로 1분기 적자 예상""…목표가↓",2020-03-05 08:40:04,-0.017391304347826,0.0125914404286189
144,156,"종목명, 코로나 직격탄 맞은 `전주비빔빵`, 더 힘든 대구 경북에 손길",2020-03-09 15:30:02,0.0141271442986881,0.0041744215004893
145,157,"종목명, 임직원 힘모아 협력사에 상생기금 30억",2020-03-16 04:02:15,-0.0728323699421965,-0.0319400927406322
146,158,"종목명, 전기차 배터리로 성장동력 `충전`…작년 글로벌시장 톱10 최초 진입",2020-03-24 04:04:33,0.1940298507462685,0.0860124477925106
147,159,[Business Inside] 느긋한 LG화학 vs 궁지 몰린 종목명,2020-03-30 17:26:12,0.0104529616724737,0.0218505521508414
148,160,"종목명, 1분기 1조 7752억원 적자…창사이래 최악의 실적",2020-05-06 10:29:04,0.0341261633919338,0.0176166210756121
149,161,"종목명, 사회적 기업 성장에 마중물…지역 살리고 일자리도 창출",2020-05-29 04:05:06,0.0042372881355932,0.0005225122401442
150,162,"[포토] 종목명, 서산 마늘 농가 돕기 캠페인",2020-06-30 14:56:02,0.0076923076923076,0.0070934989309043
151,163,"김준 종목명 사장 ""미래 생존하려면 `그린 성장` 필수""",2020-07-12 14:41:03,0.0038314176245211,0.0166539048947795
152,164,"종목명, 자회사 통해 폴더블폰용 투명필름 만든다",2020-07-19 10:57:02,-0.0160642570281124,-0.0013583516553058
153,165,종목명 노사 `행복경영` 손잡다,2020-07-22 17:27:02,-0.0222222222222222,-0.0055952776522145
154,166,"와디즈, 종목명과 소셜벤처투자 하루만에 27억 모집",2020-07-23 16:12:10,0.0,-0.007106791574414
155,167,"현대·기아차-종목명, 전기차 배터리 산업 협력 `맞손`",2020-09-08 09:00:03,-0.0100334448160535,0.0074195926614022
156,168,"종목명, 美 배터리 공장에 내년 현지인력 1천명 채용",2020-09-23 17:52:05,-0.0641891891891891,-0.0259467689819596
157,169,"종목명, 폐플라스틱 자원화 성공",2020-10-11 17:33:48,0.0276816608996539,0.0049206588705101
158,170,"지동섭 대표 ""종목명, 배터리 분사 검토""",2020-10-21 17:33:40,-0.0144404332129963,-0.00666849045767
159,171,"종목명, 배터리 톱5 `가시권`",2020-11-05 17:09:40,0.0253623188405796,0.0011226995539026
160,172,"종목명, 적자에도 목표주가는 왜 오를까",2020-11-19 17:50:59,0.0,0.002386759225478
161,173,"종목명, 친환경 신생 기업과 ESG 키운다",2020-11-26 16:16:17,0.0257142857142858,0.0028714004869485
162,174,"종목명, 中전기차시장 공략…현지 배터리업체 전격 투자",2020-12-14 17:54:26,0.0081967213114753,-0.0019476805066382
163,175,"이성준 종목명 과기원장, `대한민국 기술대상`산업포장",2020-12-17 18:13:41,-0.0182291666666666,0.000631670911358
164,176,"""일출명소 울산 CLX에 해돋이 보러 오세요"" 종목명 랜선 해맞이",2020-12-24 10:48:06,0.0,0.0170446035759459
165,177,"종목명, 그린본드 1조 조달…미국 배터리 제2공장 투자",2021-01-06 17:24:29,0.0233463035019454,0.0213832484338867
166,178,종목명이 美서 제기한 특허무효심판 기각,2021-01-14 17:39:49,0.0019083969465649,-0.0203274458106262
167,179,종목명 '한끼 나눔 온(溫)택트'로 6만식 나눔 릴레이,2021-02-03 11:47:34,-0.0047244094488189,0.0106141068950849
168,180,"'배터리 소송 완패' 종목명 급락…""저가매수 기회?""",2021-02-15 09:23:19,-0.0421585160202361,0.0149713669159425
169,181,"""이런 노사도""…종목명 임금협상 딱 20분 걸렸다",2021-03-03 17:35:18,-0.0075187969924812,-0.0128122375123248
170,182,"종목명, 북미 셰일오일 사업 정리...탈산소 '속도'",2021-03-07 14:45:14,-0.0496031746031746,-0.0099627602718775
171,183,바이든 상대 LG엔솔 5조 베팅에…LG화학↑ 종목명↓,2021-03-15 10:13:28,-0.0577319587628866,-0.0028417891310773
172,184,"종목명, 한번 충전에 700km 배터리 개발…화재 예방하는 분리막 기술 '으뜸'",2021-03-24 04:05:30,0.0123762376237623,-0.0027922189700014
173,185,'소송 불확실성 해소' 종목명 12%↑…배터리 소재주도 동반 급등,2021-04-12 20:10:54,0.0393996247654784,0.0106806020749228
174,186,"현대차·기아-종목명, '하이브리드카 배터리' 연대",2021-04-16 10:35:34,0.0,0.0013430168126788
175,187,"종목명, 美 조지아공장 일자리 6000개 만든다",2021-04-20 17:07:14,-0.0167597765363128,-0.015226515895954
176,188,"종목명, 1분기 영업익 5025억원…전 사업 실적개선 1년만에 흑자 전환 성공",2021-05-13 10:17:01,-0.0318949343339587,-0.0125091901408781
