,title,time,label,ChangeK
3,박수치는 박성욱 종목명 사장,2016-05-26 17:40:47,0.061111111111111116,0.006187845357279453
4,"고전하는 종목명, '반전' 계기 찾을까",2016-06-03 11:23:27,-0.016042780748663055,0.0003677282395009307
5,"UBS ""삼성전자·종목명 매수 vs LG전자 매도""",2016-06-08 05:36:00,-0.003490401396160525,0.0076803144522592515
6,"[관심주] 종목명, 외인·기관 쌍끌이 매수에 '웃음꽃'",2016-06-09 15:27:53,0.015761821366024442,-0.0014355191029278291
7,종목명 과학인재 응원…로보올림피아드 발대식,2016-06-12 11:00:04,-0.022413793103448265,-0.019116461345448754
8,"종목명, 투자의견 '중립' 유지-하이",2016-06-16 07:45:04,-0.01001669449081799,-0.008553286152864659
9,"종목명 ""하반기 전력효율 높인 차세대 D램 개발""",2016-06-17 10:21:22,-0.021922428330522714,0.0007223571879075852
10,"[특징주] 종목명, D램 가격 상승 반전에 강세",2016-06-20 09:18:03,0.036206896551724155,0.014190626937352846
11,"종목명, 독자 D램기술 `MDS` 표준화 나선다",2016-06-21 14:03:10,-0.008319467554076532,0.0007975064630045825
12,"종목명, 6·25 참전용사 청력검사…보청기 지원",2016-06-22 07:13:02,0.038590604026845554,0.004983106493252842
13,"종목명 사장 ""반도체는 협업사업…자발성이 경쟁력""",2016-06-24 14:54:23,0.0015748031496063408,-0.0309405862993003
14,"종목명, 청주산단 이사장배 스크린골프 우승",2016-06-26 13:44:03,0.007861635220125729,0.0008362521079774421
15,"LIG증권 ""종목명 2분기 실적, 시장기대치 밑돌 듯""",2016-06-28 08:51:32,-0.02808112324492984,0.004862856536164584
16,"종목명, 엔화강세 맞물려 ‘상승세’",2016-06-29 10:24:05,0.020866773675762396,0.010401717935797583
17,"[특징주]종목명, 외인 매수…2%↑",2016-07-04 14:15:07,0.018662519440124425,0.004015509941447393
18,"종목명, D램 업황 개선…감익구간 탈출-교보",2016-07-05 07:45:04,-0.027480916030534375,-0.002731455353159218
19,"삼성전자 ""퇴직 임원 종목명 취업 막아달라"" 가처분 기각",2016-07-07 14:56:42,0.0016339869281045694,0.010731527532183094
20,"[STOCK] 외국인과 D램, 그리고 종목명",2016-07-12 05:50:03,0.0,0.0013527215682078708
21,"종목명 이일우 실장, 충북대병원에 1천만원 기탁",2016-07-14 13:16:12,0.012251148545176171,0.0016055301145965206
22,"종목명, 4GB ‘HBM2’ 공급 시작",2016-07-18 08:21:09,0.001529051987767538,0.0019085169888437559
23,종목명 인사 개편은 노사 협의 '산물',2016-07-19 15:25:28,-0.009160305343511421,-0.0020879467378417393
24,종목명 2분기 영업익 4천528억원…67.1%↓(종합),2016-07-26 09:10:54,-0.013846153846153841,0.007464031765851198
25,"종목명, '행복한 과학기술 공모전'으로 인재 육성",2016-07-27 15:00:30,0.043681747269890714,-0.001129518008032071
26,"[인베스트조선] 무디스 ""종목명, 하반기 추가 회복 예상""",2016-07-27 16:32:15,0.002989536621823552,-0.0019506051230440136
27,[마켓포인트]코스피 외국인 주간 순매수 1위 '종목명',2016-07-31 13:14:03,0.013081395348837122,0.006656140737089311
28,"종목명-매그나칩반도체 직원, 청주 1공장 기숙사 '기묘한 동거'",2016-08-09 00:06:03,0.0028612303290413976,0.006233031052407023
29,"종목명, 국가유공자에 '빛과 소리의 광복' 콘서트",2016-08-10 13:47:58,-0.03566333808844513,0.00042078207429230297
30,"삼성전자·종목명, 2분기 D램 시장 점유율 75% 육박",2016-08-12 14:29:02,-0.012931034482758674,0.0008150731940947953
31,"종목명, 美서 3D 낸드 활용한 저장장치 공개",2016-08-17 15:03:57,-0.004451038575667643,-0.001958242167254709
32,"종목명, 中서 취약계층 이동진료소 운영",2016-08-18 11:04:07,0.017883755588673722,0.0057345423853210065
33,"종목명, 4회 'IT창의과학탐험대' 개최",2016-08-19 12:11:28,0.03660322108345526,0.0003746194353915211
34,인도 반도체 시장 개척…종목명 등 시장개척단 파견,2016-08-22 14:57:09,0.016949152542372836,-0.006847428349061602
35,"종목명, 장애인 고용 위한 자회사형 사업장 설립",2016-08-25 06:00:12,-0.0013986013986013734,-0.0004109905252525081
36,"<특징주> 종목명, D램 수요 회복 기대에 오름세",2016-08-30 09:15:00,0.0013793103448276334,0.0036361916437959163
37,종목명 “어르신 실종예방 위치추적 제품 개발”,2016-08-31 15:41:32,-0.009602194787380003,-0.0009485921299652311
38,"종목명, 美서 메모리 기술 특허 침해로 소송 휘말려",2016-09-02 14:38:04,0.015235457063711877,0.0027500531700141995
39,"""종목명, 상반기보다 하반기가 기대된다"" - 유진",2016-09-05 09:02:02,0.023192360163710735,0.010680425631947488
40,"종목명, 생산현장에 '인공지능' 도입",2016-09-07 10:52:40,-0.0026315789473684292,-0.0022502194184180757
41,"신한금투 ""종목명, 업황 개선 지속…목표주가↑""",2016-09-09 08:36:09,0.006459948320413522,-0.012530701812065614
42,<규모 5.8 지진> 삼성전자·종목명 반도체 일부 장비 멈춰(종합),2016-09-13 14:51:01,0.021621621621621623,0.003956858757877102
43,<규모 4.5 여진> 종목명[000660] 청주공장 장비 일시중단,2016-09-19 21:51:00,0.0012755102040815647,0.004926099007403151
44,"하나금투 ""종목명, 3분기 호실적 달성 전망…목표가↑""",2016-09-21 08:26:00,-0.002547770700636942,0.005074778323608253
45,"NH투자증권 ""종목명, D램값 상승에 목표가↑""",2016-09-22 08:17:18,0.0063856960408683605,0.006733805700095852
46,"종목명, 미래 반도체 기술역량 확보 나선다",2016-09-23 09:10:23,-0.0012690355329949554,0.002132076452393772
47,"키움증권 ""D램 수급개선 내년까지…종목명 목표가↑""",2016-09-27 08:55:34,0.04177215189873418,0.007674274032716477
48,"[특징주]종목명, 실적 개선 기대감에 '52주 신고가'",2016-09-28 09:35:03,0.0012150668286756705,-0.0047313913372303285
49,"실적 기대감 커지는 종목명·네이버, 시총 3위 꿰찰까",2016-09-29 06:05:00,-0.024271844660194164,0.007627595662071274
50,"<특징주> 종목명, 52주 신고가 또 경신",2016-10-06 09:43:24,-0.0011737089201877549,0.005991256210423845
51,"NH투자증권 ""종목명, 하반기 실적 호조""",2016-10-11 08:12:23,0.0,-0.012101211178964455
52,"종목명, 뇌 닮은 미래 반도체 개발 선언",2016-10-13 11:00:00,-0.0072727272727273196,-0.008993346796215329
53,'서프라이즈' 종목명,2016-10-19 17:59:02,0.0,-0.00016657276050635605
54,"[특징주]종목명, 4일만에 상승",2016-10-21 14:57:38,0.022471910112359605,-0.003724383068403947
55,"종목명 3분기 실적, 중국 수요 확대로 기대감 상승",2016-10-24 10:09:02,-0.019536019536019578,0.007250363994097508
56,종목명 실적 개선세…3분기 영업익 7천260억(종합2보),2016-10-25 11:01:51,0.022415940224159492,-0.0051617617723039855
57,"[STOCK] 종목명, 목표주가 5만2000원에서 5만7000원으로 '상향'",2016-10-26 08:44:04,0.045066991473812434,-0.011427631713202269
58,"박성욱 종목명 사장 ""과거보다 더 치열한 반도체 기술혁신 절실""",2016-10-27 22:20:58,-0.01279069767441865,-0.002321972517246973
59,"종목명, 국내 최초 CDP 최고 영예인 '플래티넘 클럽' 진입",2016-10-31 15:24:55,-0.0341578327444052,-0.005561053547708528
60,"이천 종목명 공장서 장비 반입 중 사고 ""1명 사망""",2016-11-03 11:34:57,0.003658536585365857,0.0024559148558818134
61,"[로봇뉴스]종목명, ""단기 우호적 환율과…"" 매수(유지)-SK증권",2016-11-10 12:51:03,0.034047919293821005,0.02257987259219396
62,"종목명, 트럼프 당선에 '어부지리' 기대 - 대신",2016-11-11 08:35:04,-0.028048780487804903,-0.009073165993087051
63,"종목명 노사, ‘사랑의 연탄나눔’ 실시",2016-11-15 16:58:30,0.02896725440806036,0.0061600050933707795
64,"종목명, 내년 영업익 5조원대 전망 ‘상승세’",2016-11-17 10:11:03,0.025703794369644983,0.00045463844067827885
65,[빅데이터MSI]빅데이터MSI 톱5…종목명·CJ제일제당·남양유업·포스코대우·SKC,2016-11-23 09:04:36,0.008196721311475308,0.0022586578397965074
66,"종목명, TSMC서 16나노 메모리 컨트롤러IC 위탁생산",2016-11-28 14:54:07,0.0,0.0018587583807680996
67,"종목명, 주가 '맴맴'해도…증권가, 목표가 올리는 이유",2016-11-29 11:21:03,-0.0046948356807511304,0.00013144232145645418
68,[오후시황] 코스피 강보합···종목명·삼성전자 등 52주 신고가,2016-12-01 13:49:02,0.030303030303030276,0.0001361344721009239
69,삼성전자-종목명 신고가 행진…내년도 IT강세,2016-12-02 08:48:04,0.004524886877828038,-0.006623826086956441
70,"종목명, 3D낸드 48단 생산 돌입",2016-12-05 11:31:46,0.0,-0.0036790638711799994
71,"종목명, 외인 매수세에 52주 신고가 경신",2016-12-06 10:21:03,0.018018018018018056,0.013497270089264823
72,"하나금투 ""종목명 4분기 호실적 전망…목표가↑""",2016-12-07 08:03:47,0.0011061946902655162,0.0010201873575541587
73,<특징주> 종목명 52주 신고가 또 경신,2016-12-08 09:15:08,0.022099447513812098,0.019669726091779305
74,"유진투자 ""종목명, 실적 대폭 호전…목표가↑""",2016-12-09 08:30:42,-0.01621621621621616,-0.003141203980968177
75,"테스, 종목명 중국법인과 25억원 규모 장비 공급 계약",2016-12-12 15:09:03,-0.00439560439560438,0.0012594763022037991
76,'노사문화발전 공로' 종목명 노조위원장 금탑훈장,2016-12-15 15:24:44,-0.005452562704471142,-0.0001079946194602055
77,"종목명, 캄보디아 소외계층 대상 행복 나눔 실천",2016-12-18 11:00:21,-0.026939655172413812,-0.0018851726627878707
78,"종목명, SK하이이엔지와 폐수처리장 수의계약",2016-12-20 11:17:03,0.0,0.0017415342372544274
79,"박성욱 종목명 사장, 부회장 승진",2016-12-21 10:42:11,-0.0033222591362126463,-0.001949117072488904
80,"종목명, 청주에 반도체 공장…2조2천억원 투자(종합)",2016-12-22 07:34:52,0.011111111111111072,-0.0010942221842796807
81,"종목명, 72단 3D 낸드 내년 양산…'테라시대' 연다",2016-12-26 06:25:00,-0.01403887688984884,0.0009086772327677739
82,"박성욱 종목명 부회장 ""오직 기술만이 돌파구""",2017-01-02 09:57:20,0.02460850111856816,-0.0001480053915557944
83,종목명 ‘마의벽’ 주가 5만대 시대 성큼.,2017-01-04 09:14:03,-0.015873015873015928,0.0008170589703835329
84,현대차의 반격…종목명 제치고 시총 2위 탈환,2017-01-04 17:03:03,0.00967741935483879,-0.0018038677249867519
85,"잘나가는 반도체...종목명, 올 상반기 신입사원 두번 채용",2017-01-06 13:51:05,0.022364217252396124,0.00351143082448635
86,"종목명, '세계최대 용량·초저전력' 모바일 D램 출시",2017-01-09 11:00:07,0.03229166666666661,-0.00016596782061650828
87,"종목명, 1조원대 재돌파 넘어 최대 영업익 낼까",2017-01-10 13:36:03,0.004036326942482349,-0.0017864455667241375
88,[이 시각 개장상황] 종목명 5만원대 돌파,2017-01-11 10:52:54,0.0371859296482413,0.014693478658204695
89,"키움증권 ""종목명, 올해 영업익 사상최대…목표가↑""",2017-01-12 08:13:15,-0.019379844961240345,0.005768188365251392
90,"엑셈, 종목명에 '인터맥스' 공급",2017-01-13 08:48:04,-0.005928853754940677,-0.004958869328650195
91,종목명 vs.현대차 증시 넘버2는 누구,2017-01-16 09:14:03,-0.01988071570576544,-0.006076741877131031
92,"S&P, 종목명 장기 신용등급 'BBB-'로 상향",2017-01-20 14:23:34,-0.009072580645161255,-0.003463897387052217
93,"종목명, '2016앤어워드' 소셜미디어 부문 위너 선정",2017-01-24 08:51:40,0.015748031496062964,-0.00011131709307077298
94,"종목명, 투자 7조 확대…72단 3D 개발 공언(종합)",2017-01-26 10:51:03,0.030947775628626717,0.008055457572678337
95,"개미들, 삼성전자·종목명 덕분에 살았다",2017-01-31 05:11:01,0.007504690431519689,-0.007688662032068527
96,"[특징주] 종목명, 5거래일 연속 신고가(종합)",2017-02-01 15:53:38,-0.022222222222222254,-0.00455181981611763
97,종목명-도시바 '사랑과 전쟁',2017-02-07 15:24:04,-0.007448789571694592,-0.0011791876937364831
98,종목명-충북대병원 업무협약,2017-02-08 14:30:39,0.024390243902439046,-0.0048813773981302155
99,"기관·외인, 삼성전자·종목명 공매도했다가 '혼쭐'",2017-02-13 06:01:00,0.014000000000000012,0.0017203307177624527
100,D램 가격 상승에…삼성·종목명 D램 영업이익률 ↑,2017-02-15 14:06:10,-0.011351909184726505,0.004478055064660369
101,"키움증권 ""종목명 최근 하락 과도…매수 기회""",2017-02-17 08:04:35,0.016129032258064502,-0.0006052386094699269
102,"삼성, 작년 반도체 R&D 투자 4위…종목명 10위",2017-02-20 07:02:00,-0.009920634920634885,0.0018311311543761644
103,"종목명, ‘희망나눔 교복지원’ 성금 2천만원 전달",2017-02-22 11:21:31,-0.005893909626719096,0.001750022644121163
104,"종목명 부회장 ""도시바 재입찰 제안오면 검토하겠다""",2017-02-23 11:41:55,-0.007905138339920903,0.0004840838827324667
105,종목명 등 SK그룹 주요 계열사 CEO에 스톡옵션,2017-02-24 07:46:19,-0.05378486055776888,-0.00640993283923752
106,"[특징주] 종목명, 외인 '팔자'에 약세(종합)",2017-02-27 15:54:13,0.01521739130434785,0.0029344590036590734
107,‘도시바 인수’ 고민 깊어지는 종목명,2017-03-03 03:37:02,-0.012578616352201255,-0.011366562725096063
108,[국고처 박문환] 종목상담 - 종목명(000660),2017-03-06 11:33:12,0.047770700636942776,0.001255613710162251
109,"종목명, ""도시바 지분인수 확정된 바 없다""",2017-03-06 17:07:18,-0.011144883485309065,0.0060969468749407785
110,"폭스콘, 종목명에 도시바 공동인수 타진",2017-03-09 11:09:02,0.0,-0.0020758959739044514
111,기술력 강화와 선제적 투자로 반도체 시장 선도하는 종목명,2017-03-10 10:16:03,0.02499999999999991,0.0030080623332302547
112,"종목명, D램 고점 논란 극복…""주가 상승세 지속""",2017-03-13 11:37:53,0.03658536585365857,0.009650267744665264
113,"'낸드 강자' 꿈꾸는 종목명, 삼성 출신을 사장으로",2017-03-16 19:22:04,-0.04883011190233977,0.006743934864736678
114,"[인베스트조선] 종목명, 도시바반도체 인수 목적과 의지는 분명하다",2017-03-20 07:03:02,0.018181818181818077,-0.0034972455290240845
115,종목명 청주 투자 본격화…부대시설 건축허가 신청,2017-03-22 18:15:08,-0.004110996916752319,0.0020384272933251513
116,"종목명 부회장 ""기술경쟁력, 그 어느 때보다 중요""",2017-03-24 15:11:13,0.021671826625387025,-0.0017351614797671555
117,"종목명, 생산직 리더 18명 '기술명장' 선발",2017-03-27 14:00:04,0.024242424242424176,-0.006127406948174374
118,"종목명의 '도시바 베팅'…""D램 이어 낸드도 잡겠다""",2017-03-29 10:40:29,0.009842519685039353,0.001696437819781016
119,"종목명, 서울대 정덕균·김수환 교수 등 우수발명 포상",2017-03-30 09:07:07,-0.007797270955165692,-0.0010798839959749174
120,"종목명, 기술 잠재력 높은 협력사 집중 육성키로",2017-03-31 14:00:07,-0.007858546168958758,-0.0020372501746183103
121,종목명 반도체업계 매출순위 5→3위 복귀,2017-04-03 06:10:02,0.025742574257425765,0.0033700254451611844
122,"""도시바 인수, 마이크론·종목명·WD 3파전 될것""",2017-04-05 11:53:28,-0.013725490196078383,-0.00011568182345245148
123,"[Hot-Line] ""종목명, D램 업황 정점을 지나는 중""…목표가↓",2017-04-07 08:10:03,0.00809716599190291,-0.00047382185576583247
124,"종목명, 세계 최초 72단 3D 낸드 개발…하반기 양산",2017-04-10 14:00:06,-0.016064257028112428,-0.008555865360020731
125,"72단 낸드플래시 개발 성공한 종목명, 3가지 남은과제",2017-04-11 15:40:47,0.003070624360286489,0.002382378118288564
126,"도시바반도체 인수후보 ""종목명·폭스콘 등 4곳 압축""",2017-04-13 10:58:48,0.015306122448979664,0.009253653660474814
127,증시 1분기 최대 거래 종목은 '종목명',2017-04-14 06:00:18,0.0010050251256281673,-0.006390281771117001
128,잘 나가는 종목명 `공매도 주의보`…왜?,2017-04-16 18:28:02,-0.012048192771084376,0.00509636494616772
129,"넷리스트, 종목명와 특허전쟁 앞두고 적대적 M&A 방어에 총력",2017-04-18 11:02:13,0.020325203252032464,0.0012582725875294187
130,"종목명, 도시바 인수 위해 베인캐피털과 손잡은듯",2017-04-19 09:01:43,-0.006972111553784854,-0.004682451236055374
131,"종목명, 올 R&D투자 처음으로 2조 돌파할 듯",2017-04-21 14:01:00,0.011673151750972721,0.007393684817058377
132,종목명 영업이익 2조5천억원…반도체 호황에 역대 최고(종합2보),2017-04-25 10:34:08,0.0,0.010631495995986118
133,"종목명, 청주에 반도체수탁생산 자회사 설립 검토(종합)",2017-04-26 14:34:41,0.024809160305343525,0.005002612608846269
134,"종목명, 청주에 파운드리 자회사 추진 ‘공식확인’",2017-04-27 17:43:59,0.00746268656716409,-0.0018194581802607468
135,"[특징주] 종목명, 실적 기대감에 52주 신고가",2017-05-02 09:27:45,0.025925925925925908,0.006452218777514229
136,D램 가격 한달새 12% 또 올라…삼성·종목명에 청신호,2017-05-03 07:10:01,0.00902527075812265,0.009717691710019905
137,"종목명, 재미·자부심 모두 잡은 어린이날 큰 잔치",2017-05-05 17:40:53,0.017889087656529412,0.02298728392759042
138,"종목명, 글로벌 반도체 톱3 굳힌다(종합)",2017-05-10 11:14:10,-0.02284710017574687,-0.009874514951959568
139,"종목명, 1분기 반도체시장서 매출 3위로 '껑충'",2017-05-11 07:03:46,0.014388489208633004,0.01156326478208114
140,도시바 인수전 새 분수령.. 종목명 막판 뒤집기 가능할까,2017-05-15 09:56:04,0.005424954792043302,0.0020253024730729763
141,파운드리 강화하는 삼성전자·종목명...'영역 확대',2017-05-16 06:30:06,-0.0053956834532373765,0.00204316512790248
142,"[안갯속 도시바 인수전]종목명, 연합전선 구축 가능성…'반전' 이뤄내나",2017-05-18 06:35:07,0.018281535648994485,-0.0027299569954224445
143,"종목명, 도시바 2차 입찰 참여 나서",2017-05-19 10:18:34,-0.026929982046678624,0.0007258603434645572
144,"""종목명, 도시바 인수전 무리하지 않을 것"" - KB",2017-05-22 08:14:23,0.03321033210332103,0.0067949246381433515
145,"한전 경기본부, 종목명와 전력공급설비 사업 MOU",2017-05-23 11:45:45,-0.016071428571428625,0.003346293625932528
146,"종목명, 파운드리 분사",2017-05-24 21:38:03,0.0,0.011042765855781456
147,종목명 “5월엔 엄마아빠 회사에서 놀아요”,2017-05-28 11:57:54,0.014010507880910739,-0.0009892913648047452
148,"박성욱 종목명 부회장 ""협력사 상생에도 딥체인지""",2017-05-30 14:00:10,-0.008635578583765069,-0.003948218257988079
149,"[단독] 삼성·종목명, 28나노 D램 라인 ‘셧다운’…10나노에 '올인'",2017-06-05 14:25:29,-0.017513134851138368,-0.0013070067452748413
150,"""美 브로드컴 승기 잡았다"" ...종목명, 도시바 인수 최종 라운드서 밀리나",2017-06-07 11:44:28,0.007130124777183555,-0.0035802381053575694
151,"美日연합 손잡은 종목명, 도시바戰 승기 잡나",2017-06-09 15:11:05,0.02821869488536155,0.007666315141371172
152,"코스피 시가총액, 올 들어 17.22% 증가...'종목명'의 질주",2017-06-12 06:00:32,-0.013722126929674117,-0.010001227947412428
153,[특징주] 종목명 최고가 경신…사상 첫 6만원 돌파(종합),2017-06-14 09:41:05,0.008503401360544283,-0.000867502439258705
154,[특징주] 종목명 이틀째 사상최고가 경신 행진,2017-06-15 09:16:33,0.021922428330522825,-0.0046319675532826565
155,"1분기 낸드 시장, 종목명 한 계단 상승..마이크론 제쳐",2017-06-16 13:22:05,-0.0016501650165016146,7.62924258363995e-05
156,"거침없는 종목명, 주가 상승세 어디까지",2017-06-20 08:44:06,0.019108280254777066,-0.0007043409966787095
157,"[ET투자뉴스]종목명, ""여전히 양호한 펀더…"" 매수(유지)-KB증권",2017-06-21 09:18:10,0.012499999999999956,-0.004938292651522236
158,"코스피, 보합권 등락…종목명 또 '신고가'",2017-06-22 09:16:05,0.0030864197530864335,0.005446415461119791
159,"종목명, 저소득 참전용사에게 '빛과 소리' 선물",2017-06-22 18:21:01,0.0,0.003472023605501695
160,"종목명, 미래 반도체 혁신 아이디어 공모",2017-06-27 14:00:03,0.0251851851851852,0.001377357648726596
161,[머니S톡] 종목명 어디까지 날까,2017-06-29 06:01:45,0.019345238095238138,0.00549822572174663
162,"종목명 시스템IC 출범, 1년치 연봉 '파격' 인센티브",2017-06-30 09:59:29,-0.016058394160583966,-0.0016153682668460512
163,"[이번주 추천주] IT중심 실적 개선 기대감..AK홀딩스, 종목명 추천",2017-07-02 15:03:35,-0.016320474777448024,0.0011246559924318333
164,"종목명, '도시바메모리 의결권 확보 시도'에 신중론",2017-07-04 11:47:00,-0.007541478129713397,-0.005830059184708691
165,종목명 도시바 인수 혼전 거듭,2017-07-12 13:56:24,-0.0014492753623188692,-0.001765434056761328
166,"日언론 ""종목명, 도시바 반도체 의결권 포기""",2017-07-16 08:42:36,0.0014064697609001975,0.004336157302497812
167,"종목명, 도시바 인수전도 엘피다 전철 밟나",2017-07-18 06:02:13,-0.005617977528089901,0.0003875885373867405
168,"종목명 엔지니어 악성림프종, 산업재해 승인",2017-07-19 15:00:25,0.0028248587570620654,0.0016075175748573312
169,"종목명, 청주에 수해복구성금 5억원 기탁",2017-07-20 11:28:19,0.004225352112676051,0.00489730087530571
170,"[특징주]종목명, 실적 발표 하루 앞두고 최고가 경신",2017-07-24 10:20:47,0.02528089887640439,0.0005999730474361975
171,"종목명, 2분기 영업이익 3조원 돌파…'연 10조원 흑자' 유력(종합)",2017-07-25 08:52:16,-0.03561643835616435,-0.004744027959039054
172,"[ET투자뉴스]종목명, ""무리한 과욕이 아닌…"" 매수(유지)-메리츠종금증권",2017-07-26 10:11:22,-0.051136363636363646,-0.0022090627552310282
173,"종목명 ""올해 D램·낸드 시설투자에 9.6조 투입""(종합)",2017-07-26 17:56:25,0.0239520958083832,0.003585928981249209
174,"SKT 실적발표에 등장한 종목명, 왜?",2017-07-28 10:55:10,-0.05555555555555558,-0.017292611521146584
175,종목명 영업이익률 46%…대기업 중 최고,2017-08-02 06:11:01,0.03816793893129766,0.0019273624307323267
176,"'반도체 슈퍼호황'에 삼성·종목명, 경력직 채용",2017-08-07 11:09:14,0.0015624999999999112,0.0013776322058502988
177,"[특징주]종목명, 외국인 매도세에 '하락'",2017-08-11 09:05:41,-0.04658385093167705,-0.016851246461572322
178,외인 '매수' 힘입어 상승 출발…삼성전자·종목명↑,2017-08-16 09:21:50,0.015360983102918668,0.0060148739940670826
179,[마켓포인트]코스피 주간 개인 순매도 1위 ‘종목명’,2017-08-20 12:19:23,0.0029850746268655914,-0.0014290025877222723
180,"종목명, 반도체 호황 최대실적 반영 임직원에 200% 보너스",2017-08-22 08:50:19,0.014880952380952328,0.004386445010615692
181,"종목명, 도시바 인수 물 건너가나",2017-08-24 18:23:14,0.004405286343612369,0.001123780179266065
182,"[특징주]종목명, 도시바 인수 무산 가능성에 약세",2017-08-28 10:16:09,-0.007309941520467822,-0.0034517243843762424
183,종목명의 `치매노인 구하기`,2017-08-29 20:44:10,0.013313609467455523,0.0031927607398392066
184,"[Hot-Line] ""종목명, 하반기 실적 예상 내에서 순항할듯""",2017-08-31 08:43:31,0.0014598540145984717,-0.0038359972222603567
185,종목명 애플 업고 재역전?…도시바 인수전 막판 혼전,2017-09-01 11:42:32,0.001457725947521915,-0.002327362648502418
186,"[Hot-Line] ""종목명, 3D 낸드 시장서 64GB 수요 증가""",2017-09-04 07:55:27,-0.008733624454148492,-0.011893013798119245
187,"NH투자 ""종목명, 실적 개선 내년까지 지속""",2017-09-06 08:42:33,0.025751072961373467,-0.002922715638154161
188,[이번주 추천주] 펀더멘털 탄탄 종목명·휴젤 노려볼만,2017-09-10 18:03:07,0.016528925619834656,0.006553729622164051
189,"삼성증권, 삼성전자·종목명 종목형 ELS 모집",2017-09-12 13:21:24,0.012195121951219523,0.0027086375997109613
190,[특징주] 종목명 '도시바 인수' 각서 체결에 신고가,2017-09-13 14:18:19,0.01338688085676032,-0.0022363585523613727
191,"“종목명, 도시바메모리 의결권 비율 15%로 제한”",2017-09-17 15:30:22,0.032383419689119064,0.013469802681419063
192,"[Hot-Line] ""종목명, 3·4분기 최대 실적 전망""…목표가↑",2017-09-19 08:25:59,-0.006273525721455453,-0.0008931862968205584
193,"종목명 ""도시바 메모리 인수, 이익 부합하도록 협상""",2017-09-21 14:01:08,0.029739776951672958,-0.0023629678781964536
194,"[특징주] 종목명, 7거래일 연속 최고가 행진",2017-09-25 09:11:54,0.038507821901323736,-0.010845667151464733
195,'진정성 있던 홍보인'..김정수 前 종목명 상무 별세,2017-09-26 14:41:16,0.0,-0.0025541229416502498
196,종목명 '낸드 공세'…내달 2천억원 투입 R&D센터 착공(종합),2017-09-28 11:00:36,0.009708737864077666,0.0002401720428346632
197,시총 1·2위 삼성·종목명 실적 연말까지 '好好',2017-10-05 10:23:01,0.0699638118214716,0.016429559976302466
198,"종목명, 또 52주 신고가",2017-10-11 09:18:30,0.004509582863585049,0.010004828811499333
199,"종목명, 혁신 아이디어 공모전 최우수상 연대 오일권 박사",2017-10-12 09:20:49,-0.006734006734006703,0.006753058626887132
200,"한투증권 ""종목명 내년 수익성↓…투자의견 '중립'""",2017-10-13 08:31:04,-0.027118644067796627,-0.00046060749139065216
201,반도체 '슈퍼호황'에 종목명 3분기 기대감 '쑥쑥',2017-10-15 06:35:03,-0.022067363530778206,0.0025994015636476853
202,"종목명, 임직원 대상 유해 환경물질 노출 연구",2017-10-18 09:39:25,-0.03113772455089825,-0.0005877566269244516
203,"하나금투 ""종목명 주가 하락은 매수 기회""",2017-10-19 08:27:50,-0.023485784919653918,-0.00396706016291426
204,[마켓포인트]코스피 주간 외국인 순매도 1위 '종목명',2017-10-22 10:23:03,0.0431034482758621,0.00020486113579631926
205,"종목명 ""최종 딜이 종료될 때까지 최선 다하겠다""",2017-10-24 14:23:58,-0.03423848878394331,0.00017667958127054462
206,시간당 17억씩 번 종목명…또 '트리플크라운',2017-10-26 08:57:15,-0.0367197062423501,-0.004762333801404228
207,"종목명, 계열사와 437억원 규모 자산양수",2017-10-26 15:35:35,-0.003811944091486663,0.006449974705879935
208,"테스, 종목명와 27억 규모 반도체 장비 공급계약",2017-10-30 14:43:16,0.017857142857142794,0.0021228813434017724
209,종목명-충북대병원 의학교육 지원협약,2017-11-02 14:02:06,-0.022274325908558046,-0.0039546187182654124
210,"종목명, 이천시와 '교복 수선·재활용' 사업",2017-11-07 14:00:06,-0.013173652694610793,-0.0015572117223336956
211,"종목명, 국가품질경영대회서 대통령상 14개 수상",2017-11-09 10:45:10,-0.009615384615384581,-0.0007169072520988307
212,"예스티, 종목명와 70억 규모 공급계약 체결",2017-11-10 09:52:44,-0.004854368932038833,-0.002987613277362411
213,"종목명, 2017 동반성장데이 개최",2017-11-13 14:02:38,0.003658536585365857,-0.004954817531916178
214,"[ET투자뉴스]테스(095610) 수주ㆍ공급계약 - ""종목명과 ...""",2017-11-14 09:41:19,0.013365735115431265,-0.0014662812876892195
215,"""美ITC, 종목명 메모리제품 특허침해 무혐의""",2017-11-15 10:13:54,-0.016786570743405282,-0.003320573312898256
216,"中 마오타이酒, 시총 150조 육박…종목명의 2.5배",2017-11-16 16:35:57,0.012195121951219523,0.006250368311327303
217,삼성 반도체 인텔 잡고 세계1위… 종목명 3위로 급등,2017-11-20 11:44:08,-0.010843373493975905,-0.002494117192625489
218,'반도체 호황'에 삼성·종목명 '역대 최대' 성과급 잔치,2017-11-23 07:37:02,-0.019585253456221197,0.0015036618572503713
219,"3분기 실적 호전기업, 주가도 뛰었다…종목명 89.52%↑",2017-11-27 06:00:09,-0.023501762632197387,-0.014353491048892164
220,"에이디테크, 종목명와 36억원 규모 계약 체결",2017-11-29 10:22:50,-0.002421307506053294,-0.0005131032381295864
221,수공 종목명에 용수공급…반도체 공정 초순수 시장 진출기대,2017-11-30 13:43:38,-0.06796116504854366,-0.014536904144461293
222,"삼성·종목명, 美 ITC 반도체 특허 침해 조사 ""노코멘트""",2017-12-04 08:47:36,0.021963824289405576,0.010608348085179742
223,"에스엠코어, 종목명와 40억 규모 공사 계약 체결",2017-12-12 10:49:26,-0.01143583227445999,-0.004244399144825217
224,"종목명, 충북적십자에 1억 기부",2017-12-13 15:22:28,-0.01285347043701801,0.00794394514425023
225,"코스피, 美 훈풍에 상승 흐름…삼성전자·종목명↑",2017-12-19 09:16:06,0.03886010362694292,-0.0013497244660973795
226,"'성과보상' 종목명, 삼성 출신 정태성 사장에 스톡옵션",2017-12-21 12:14:05,-0.03990024937655856,-0.019648723408708824
227,"[2017 디지털혁신상품] 종목명, 72단 3D 낸드플래시",2017-12-26 13:25:41,-0.03520208604954367,-0.005408618907726925
228,"종목명, '사회적 가치 창출' 조직 신설",2018-01-03 11:00:03,0.015686274509803866,0.007643438504891353
229,"KEB하나은행, 종목명 전량 매각…4000억원 현금화",2018-01-04 08:58:57,-0.007722007722007707,-0.007999733028747347
230,"[투자분석] 씨앤지하이테크, '라이닝시트 국산화'로 주목…삼성전자, 종목명 등이 주고객",2018-01-11 12:10:49,-0.004115226337448541,-0.004736508850885057
231,"""종목명 지금 살까 말까"" 고민 빠진 개미들",2018-01-17 16:34:57,0.014844804318488558,0.0001511181031774722
232,종목명 공장 외벽에 평창 동계올림픽 홍보물 설치,2018-01-21 10:00:04,-0.030013642564802212,-0.00720159940957843
233,"[Hot-Line] ""종목명, 1분기 실적 소폭 줄어들 듯""…목표가↓",2018-01-23 08:51:21,0.002812939521800173,0.013784361808662826
234,"종목명, 노동시간 단축 시험…3월부터 '주 52시간' 적용",2018-01-24 11:22:07,0.015427769985974837,0.0005518812370557402
235,"종목명, 4Q 영업익 4.47조…기록 또 썼다",2018-01-25 07:33:51,0.046961325966850875,0.009546879432624111
236,"[ET투자뉴스]종목명, ""2018년 사상 최…"" BUY(MAINTAIN)-이베스트투자",2018-01-26 15:07:26,-0.00395778364116095,0.004890283111900873
237,"유진테크, 종목명와 148억원 반도체 장비 공급계약",2018-01-29 14:31:29,-0.0026490066225165476,0.009099850436157686
238,종목명 소외계층 올림픽 관람 지원,2018-01-30 15:57:47,0.00547195622435015,-0.0004985041339796714
239,데이터센터 서버용 SSD 개발…종목명 낸드플래시 승부수,2018-02-04 17:39:36,-0.027700831024930705,-0.01332067301498463
240,"종목명, 마이크론 실적 전망 상향에 4% 급등",2018-02-07 09:36:58,0.012820512820512775,-0.023132012927518875
241,[Case Study] 종목명 역대급 실적 뒤엔…`데이터 사이언스` 조직 있었네,2018-02-09 04:05:56,-0.006765899864682012,-0.018213046439668035
242,"[단독] 사상 최대실적 종목명, 성과급 400% 추가지급",2018-02-13 11:13:19,0.04295302013422808,0.004112576814248259
243,"시총 100대 기업, 작년 영업이익 평균 46% 증가…종목명 319% 급증",2018-02-14 08:00:04,-0.0012870012870013214,0.011122348396669368
244,"한미반도체, 종목명와 200억 규모 반도체 제조 장비 공급계약",2018-02-19 09:42:05,-0.014175257731958713,0.008666995339877026
245,후발주자라 얕보지 마라..종목명·마이크론 기업용 SSD 판도 흔든다,2018-02-20 05:01:59,-0.013071895424836555,-0.011339333323341583
246,"종목명, 1,000원(-1.31%) 내린 75,500원에 거래 마감",2018-02-20 15:30:48,0.018543046357615944,0.006016174888249015
247,"사상최대 14조원 이익 종목명, 박성욱 부회장 재선임",2018-02-26 07:10:00,0.002587322121604174,0.002500441338431303
248,"종목명 박성욱 부회장, 사내이사 재선임…내달 28일 주총",2018-02-28 18:40:29,0.0078125,-0.01038172907568502
249,"[단독]종목명, 美넷리스트 D램 특허침해 혐의 벗었다",2018-03-06 15:03:32,0.0523627075351214,0.015304814235015618
250,"[빅데이터MSI]시장심리 톱5, SK·LG전자·NH투자증권·삼성전자·종목명",2018-03-07 09:54:01,0.00364077669902918,-0.003976861815271571
251,"종목명, 직접거래 없는 2차 협력사에도 컨설팅 지원",2018-03-08 14:00:00,0.0096735187424426,0.013015133987963612
252,3월 엔지니어상에 주재욱 종목명 수석·위세황 씰앤팩 대표,2018-03-12 12:00:09,0.019207683073229287,0.010030765614876147
253,"종목명 등 8곳, 유가증권시장 공시 우수법인 선정",2018-03-14 15:33:15,-0.012127894156560126,0.00253403140781705
254,삼성전자·종목명 실적반등 기대 '솔솔'…반도체株 봄기운,2018-03-16 06:35:01,0.0022321428571427937,0.0006379797922642094
255,"[특징주]종목명, 장중 역대 최고가 경신",2018-03-19 09:41:43,0.00111358574610243,-0.007594294326008111
256,"종목명, ‘소방안전 문화 확산 프로젝트’ 진행",2018-03-21 18:13:36,0.002262443438914019,0.00444675353382773
257,"종목명, 200원(0.23%) 오른 88,600원에 거래 마감",2018-03-22 15:30:50,-0.06207674943566588,-0.031754557000708616
258,"""효자 된 입양아""…종목명, 6년만에 그룹 주력 '우뚝'",2018-03-26 06:01:01,0.010830324909747224,0.008407979243251429
259,한국 50대 브랜드 가치 146조원…종목명 최대폭↑,2018-03-27 15:00:04,-0.030952380952380953,0.006146692156415945
260,"박성욱 종목명 부회장 ""본원적 경쟁력 강화하겠다""",2018-03-28 11:14:45,-0.013513513513513487,-0.013364281139738532
261,"종목명, 선임사외이사 제도 도입…투명경영 강화",2018-03-29 13:45:05,0.0,0.0070599546663119295
262,종목명 '산학 우수발명' 최우수상에 서울대 유승주 교수,2018-03-30 14:35:15,0.012453300124533051,0.003891026627626193
263,"박성욱 종목명 부회장, 지난해 급여 19억원",2018-04-02 17:57:15,0.006150061500614923,-0.0007078014787438303
264,[특징주]삼성전자·종목명 외국인 매도에 2% 약세,2018-04-04 14:54:25,-0.017114914425427896,-0.014071999589300832
265,'트럼프 관세'에 삼성·종목명 중국 생산 반도체 제외,2018-04-05 06:01:01,0.031094527363184188,0.01223389794199492
266,"종목명 ""협력사에 반도체 노하우 등 공유""",2018-04-11 15:42:55,0.034482758620689724,-0.000617788095145233
267,"종목명, R&D 실패사례도 상준다",2018-04-13 08:56:43,0.0023809523809523725,0.005059997788251502
268,"세종대 교수· 학생, 종목명 산학연구과제 우수발명 수상",2018-04-16 11:05:16,-0.002375296912114022,0.000985683476631527
269,"키움증권 ""종목명, 2분기 사상 최대 실적""",2018-04-18 08:21:55,0.021739130434782705,0.010681506329594859
270,[특징주]삼성전자·종목명 나란히 '급등',2018-04-19 14:08:44,0.03900709219858145,0.002467809437719737
271,주요 대기업 부담금으로 장애인의무고용 회피…종목명 최저,2018-04-20 08:51:53,-0.03981797497155859,-0.003929857855626828
272,"종목명, 1분기 영업익 4.3조 전분기比 2% 감소(종합)",2018-04-24 08:38:04,-0.027251184834123254,-0.0040298182250625425
273,"종목명, 글로벌 테크 기업중 가장 저평가..목표가↑-NH",2018-04-25 07:57:02,0.0036540803897686658,-0.006221170333530313
274,이천 종목명 인근 3만9천㎡ 뉴스테이 지구 지정,2018-04-30 10:36:37,-0.02985074626865669,0.009220021627171393
275,종목명 '5월 愛 크리스마스' 나눔행사,2018-05-03 15:12:45,-0.002406738868832692,-0.007327599353429637
276,"종목명, 홀몸노인 도우미 '실버프렌드' 무상 지원",2018-05-08 11:30:01,0.006024096385542244,-0.004700543820931213
277,"""장애인 함께 일해요"" 종목명 '행복모아' 준공식",2018-05-10 16:10:57,0.0034965034965035446,0.005498851326171561
278,"“너는 우주로 가라”…종목명 광고, SNS에서 ‘대박’",2018-05-14 08:20:05,-0.008130081300813052,-0.0006456986593194047
279,"종목명, 600원(0.7%) 오른 86,000원에 거래 시작",2018-05-15 09:00:48,-0.00936768149882905,-0.007095834692620984
280,"종목명, 400원(0.47%) 오른 85,000원에 거래 시작",2018-05-16 09:00:47,0.028368794326241176,0.0005206459848914324
281,"종목명 등 韓美日연합, 도시바메모리 인수 확정",2018-05-18 08:03:36,0.01384083044982698,0.004982724272153183
282,"[오전시황] 코스피, 2470선으로 반등…종목명 ‘신고가’",2018-05-23 10:16:03,0.06958473625140282,0.0025713501645252546
283,美반도체 훈풍에 종목명 최고가…삼성전자도 '점프',2018-05-23 16:12:05,-0.007345225603357819,-0.002386778729822958
284,"[빅데이터MSI]시장심리 톱5, 종목명·삼성엔지니어링·코스맥스·신세계·삼성물산",2018-05-25 08:42:45,0.00634249471458781,-0.0021127087801237066
285,"종목명 부회장 ""협력사 지원으로 반도체 생태계 강화""",2018-05-28 10:00:02,-0.007352941176470562,0.007379678006500301
286,"종목명, 도시바 지분 인수 마무리…낸드시장 날개 달았다",2018-06-01 05:31:04,-0.021413276231263434,0.006582701241089728
287,"[단독]종목명, '안전보건환경(SHE) 재단' 설립한다",2018-06-05 03:00:00,0.013363028953229383,0.002451220697898382
288,"종목명, 中 반도체 공장 화재…""D램 생산 차질 없어""",2018-06-07 10:37:33,-0.001098901098901095,0.006854813808788052
289,"종목명, 中과 손잡고 파운드리서도 일낸다",2018-06-08 11:19:46,-0.027502750275027465,-0.007690501582681364
290,"에이디테크놀로지, 종목명에 54억원 규모 IC 공급",2018-06-14 10:02:36,-0.02375565610859731,-0.018369064118312295
291,[특징주]종목명 4%↑…외국인 매수,2018-06-20 13:49:49,0.04399524375743158,0.010170378277845726
292,"종목명, 협력사와 함께하는 '도전 안전 골든벨' 개최",2018-06-21 11:00:05,0.007972665148063829,-0.011032499109890015
293,전기안전대상 개최…종목명 손석우 상무 은탑훈장,2018-06-22 06:00:09,0.011299435028248483,0.008293970200172973
294,"[특징주] 종목명, 실적 모멘텀 약화 분석에 하락",2018-06-25 09:25:36,-0.05251396648044693,0.0002799535079962556
295,"종목명 박성욱, 지난해 ‘CEO 경영평가’ 1위",2018-06-27 08:04:05,0.01067615658362997,-0.0037814529184121426
296,"신한금투 ""종목명 반도체 호황 수혜 지속…목표가↑""",2018-06-29 09:05:46,0.026347305389221587,0.005137709594241313
297,"종목명, ‘행복나눔 사회적 가치 장터’ 개최",2018-07-01 14:43:18,-0.023337222870478458,-0.023468097976367397
298,"종목명, 2차 협력사 CEO 대상 '상생세미나' 개최",2018-07-03 11:00:08,0.028673835125448077,0.000537067795000068
299,"中법원, 마이크론 판매 금지 판결...삼성전자·종목명 영향은",2018-07-04 09:42:34,-0.012775842044134733,-0.003211975293423097
300,“나 다음주에 수출된다” 종목명 의인화 광고 흥행돌풍,2018-07-09 13:34:10,0.02696365767878084,0.005688812529712983
301,"종목명, 연간 영업익 20조 무난…'매수'-한화證",2018-07-10 08:57:06,-0.003424657534246589,0.0036573028352402392
302,"종목명, 中 파운드리 시장 진출",2018-07-10 16:54:19,-0.00572737686139746,-0.005901853192176287
303,[마켓포인트]코스피 주간 외국인 순매수 1위 ‘종목명’,2018-07-15 10:17:10,0.005630630630630629,-0.003855602742589115
304,"종목명, ‘두드림(Do Dream) 장학금’ 전달",2018-07-16 16:45:21,-0.007838745800671898,-0.0017680650296832967
305,"종목명, 기술 혁신 협력사 파격 지원",2018-07-18 14:37:12,0.007900677200902928,-0.0033986454119788734
306,'협력사와 쌍방향 지식공유'…종목명 반도체 아카데미,2018-07-19 11:00:06,0.011198208286674172,-0.0034147126708435893
307,"'반도체 투톱' 삼성전자·종목명, 'AI 플랫폼 강화' 네이버·카카오 주목",2018-07-22 19:10:05,-0.07053469852104666,-0.008684243121964808
308,"[특징주] 종목명 ""낙폭 과도"" 의견에 반등(종합)",2018-07-24 15:37:59,-0.037081339712918715,-0.0031444268722379265
309,"종목명, 분기 '매출 10조·영업익 5조' 시대 열었다(종합)",2018-07-26 09:12:17,0.032298136645962705,0.007052273747149895
310,"종목명, 이천에 새 메모리 반도체 공장…총 15조원 투자(종합)",2018-07-27 10:17:39,0.036101083032491044,0.002590552823935388
311,종목명의 혁신실험…사내벤처 가동,2018-08-01 17:39:00,-0.028037383177570097,-0.0159813598691273
312,"종목명, SK트리켐 D램용 프리커서 사용 늘린다",2018-08-02 17:00:28,0.0012019230769231282,0.007699753932379538
313,"종목명, 1,300원(1.64%) 오른 80,700원에 거래 마감",2018-08-07 15:30:38,-0.01115241635687736,0.0005608475277174563
314,"종목명, 아동 식생활 개선 ‘건강플러스 캠프’ 개최",2018-08-09 13:05:13,-0.022556390977443663,0.0009819939812369949
315,"종목명, 800원(-1.03%) 내린 77,200원에 거래 시작",2018-08-10 09:00:50,-0.03717948717948716,-0.009080970414747425
316,8월 엔지니어상에 종목명 김승환·서린메디컬 김병철씨,2018-08-13 12:00:28,0.003994673768308976,-0.015043033924855842
317,"종목명, 실업·구인난 해소 '청년희망나눔' 프로그램",2018-08-16 15:00:01,-0.015810276679841917,-0.008017080674087573
318,"종목명, 반도체업체 중 매출 성장률 최고",2018-08-22 16:59:40,0.01629072681704269,0.004077727246786456
319,[증시 초점]삼성전자·종목명 주가 '꿈틀'…반도체株 바닥 쳤나?,2018-08-26 11:19:19,0.020782396088019572,0.002655704494386679
320,"종목명, KAIST와 '생중계 화상교육' 석사과정 개설",2018-08-29 11:00:03,0.004854368932038833,0.002566045928901861
321,종목명 '낸드 초격차' 더 벌린다,2018-09-03 17:19:14,0.007444168734491274,0.0037667225353659184
322,"[ET투자뉴스]종목명, ""가격 Risk에 대…"" BUY-삼성증권",2018-09-05 08:43:15,-0.014778325123152691,-0.01034233469500967
323,"상반기 제조업 FDI 152% 급증…종목명, 도시바메모리 지분 인수 영향(종합)",2018-09-06 15:38:26,-0.03680203045685282,-0.0026359513719353966
324,"[단독] 종목명, 中에 종합병원 설립",2018-09-09 17:54:16,0.007905138339920903,0.003103039892514481
325,"종목명, 청주지역 협력사와 '도전 안전 골든벨'",2018-09-11 15:39:04,-0.019582245430809442,-0.000122647602492032
326,"종목명, 맞춤형 컨설팅으로 2차 협력사 성장지원 나선다",2018-09-13 11:49:23,-0.007989347536617841,0.0014499229552915605
327,"삼성전자, 종목명 장초반 동반 강세",2018-09-14 09:06:44,0.04295302013422808,0.014005598859306412
328,[마켓포인트]코스피 기관 주간 순매도 1위 ‘종목명’,2018-09-16 10:01:35,-0.006435006435006385,-0.006573919982745591
329,종목명 청원생명축제 입장권 전달식,2018-09-17 18:07:47,0.010362694300518172,0.002592246657234565
330,"종목명·SKC코오롱PI, 한국IR대상 수상(종합)",2018-09-20 11:16:35,0.0038071065989848663,0.0064935022713179524
331,"종목명, 치매 어르신 실종 예방 공로 '경찰청 감사패' 수상",2018-09-21 10:30:00,-0.030341340075853318,0.006765788517731686
332,"테스, 종목명와 58억 규모 공급계약 체결",2018-09-27 14:09:05,-0.022164276401564487,0.006951188046269596
333,종목명 D램 편중 탈피…다음주 낸드 전용공장 준공식,2018-09-28 13:45:44,-0.02533333333333332,-0.005247391922843292
334,"종목명, '낸드 전용' 청주 M15 준공…총 20조원 순차투자(종합)",2018-10-04 14:53:42,-0.023709902370990243,-0.015189007896338924
335,"키움증권, 종목명 연계 ELS 출시",2018-10-08 13:24:33,0.012802275960170695,-0.006037407334555711
336,"종목명, 새 슬로건 'We Do Technology' 도입",2018-10-10 11:00:00,-0.012640449438202195,-0.011189828038136618
337,"[특징주] 종목명, 고점 논란에 또다시 하락세",2018-10-15 09:20:45,-0.029005524861878462,-0.007738733141339216
338,"테스, 종목명에 149억 반도체 제조장비 공급",2018-10-16 14:38:51,-0.008534850640113834,0.0
339,"종목명, 초중생 대상 'SKHU 행복교실' 운영",2018-10-17 10:11:34,0.010043041606886627,0.010437594064109046
340,"KMH하이텍, 종목명에 IC TRAY 신규제품 공급",2018-10-18 08:55:00,-0.024147727272727293,-0.008858067972659533
341,"종목명, 사회적기업에 중고 PC·노트북 등 기증",2018-10-22 14:12:17,-0.011299435028248594,0.002527501773777363
342,"종목명, 혁신 아이디어 공모전 시상식",2018-10-23 10:10:27,-0.0128571428571429,-0.02572494182997387
343,종목명가 SSD 펌웨어 개발 더 빨리 할 수 있었던 비결?,2018-10-24 01:06:29,-0.0347322720694645,-0.004045401264683779
344,종목명 3분기 영업이익 6.4조원…영업이익률 56.7% '사상 최대',2018-10-25 10:02:06,-0.02998500749625188,-0.016342655691450547
345,종목명 또 실적 신기록…꿈의 영업이익률 57%,2018-10-25 17:41:30,0.03554868624420404,-0.0175204886063568
346,"[Hot-Line] ""종목명, 올 4분기 디램·낸드 ASP 동시 하락""…목표가↓",2018-10-29 08:53:30,-0.0029850746268657025,-0.01534172342046658
347,"종목명, '2022 ECO 비전'... 지속경영 중장기 목표 선언",2018-10-30 08:54:47,0.020958083832335328,0.00933838908966167
348,종목명 공장 덕에 참사면한 설비투자,2018-10-31 17:58:13,0.0014662756598240456,-0.0025767383945467515
349,"삼성전자·종목명, 반도체업황 우려 완화… 장기랠리 이어갈까",2018-11-02 10:26:36,0.06295754026354317,0.03533783842514837
350,"종목명, 세계 최초 4D 낸드 개발…연내 양산 돌입",2018-11-04 10:29:31,-0.02892561983471076,-0.00910309064885495
351,"키움증권, 종목명 기초자산 포함 ELS 출시",2018-11-07 10:51:21,0.009985734664764712,-0.0052307000258458025
352,"종목명, 700원(1%) 오른 70,800원에 거래 마감",2018-11-07 15:31:00,0.029661016949152463,0.0067061189478281324
353,"韓 D램 35년…삼성 이어 종목명, 2세대 10나노시대 개막(종합)",2018-11-12 14:49:58,0.021947873799725626,-0.002708486576155855
354,"종목명, 글로벌 반도체 '톱3' 첫 진입",2018-11-13 14:45:17,-0.03489932885906044,-0.004426929525095158
355,영화 11편 1초에…종목명 차세대 D램,2018-11-15 17:27:21,-0.0042613636363636465,0.011774305467981527
356,"종목명, 파운드리 사업 강화...中법인에 1000만달러 출자",2018-11-19 11:33:00,-0.004279600570613384,0.0038999031648778715
357,[단독] 종목명 中에 사회적기업,2018-11-26 17:35:19,-0.0014104372355430161,0.007873137004223318
358,"삼성전자, 올해 반도체 시설투자 전체 1위…종목명 3위",2018-11-30 14:03:11,-0.02657342657342654,-0.00815476571630147
359,3Q 반도체 1위 삼성전자..종목명 100억弗 첫 돌파,2018-11-30 17:39:12,0.012931034482758674,0.016724923557334792
360,제1회 납세자 축제서 셀트리온·현대차·종목명 등 ‘납세대상’ 수상,2018-12-04 08:01:08,-0.021276595744680882,-0.008245971753634618
361,"하이투자證 ""종목명, 업황 둔화 예상보다 빨라""",2018-12-05 09:22:45,-0.011594202898550732,-0.006167398205403574
362,종목명 신임 사장에 이석희 사업총괄,2018-12-06 14:37:21,-0.032258064516129004,-0.01552370525248592
363,삼성전자 김기남 부회장 승진…종목명 이석희 CEO로,2018-12-06 17:48:18,0.0121212121212122,0.0034176552318818665
364,三電ㆍ종목명 빼면 10대 그룹 상장사 영업익 감소,2018-12-09 06:09:01,-0.019461077844311392,-0.010584061208501638
365,[전문]이석희 종목명 신임대표 취임사,2018-12-11 10:03:28,-0.009160305343511421,-0.0003992949544147084
366,"종목명, 발달장애 계층에 '배회감지기' 무상 지원",2018-12-12 08:49:13,0.02003081664098616,0.014418183128894979
367,"종목명, 내년 1분기까지 실적둔화 지속…목표가↓-NH",2018-12-17 08:42:06,0.006472491909385036,0.0008264335678767054
368,"최태원, 종목명 새 반도체공장서 ""새로운 성장신화 써달라""(종합)",2018-12-19 14:09:23,-0.013093289689034338,0.008113039620536666
369,"숲과나눔, 종목명 지원으로 '일환경건강센터' 설립",2018-12-20 09:44:02,-0.028192371475953548,-0.009005007700236378
370,종목명마저 6만원 붕괴…고난의 반도체 투톱,2018-12-21 06:05:36,0.023890784982935065,0.0006649481205955876
371,[국고처 김종철] 종목상담 - 종목명(000660),2018-12-24 08:46:53,0.006666666666666599,-0.0031433477879754257
372,"""종목명, 내년 1분기가 업황의 변곡점…목표주가↓""",2018-12-26 08:54:39,-0.004966887417218513,-0.013138622132551125
373,종목명 이석희의 실험…엔지니어 정년 없앤다,2018-12-27 17:30:09,-0.017857142857142905,0.006211718545528155
374,"종목명 ""기업가치 100조 향해 거듭나자""",2019-01-02 10:03:05,0.0016528925619834212,-0.01520795202783376
375,"[공시+]유니셈, 종목명와 50억 규모 장비 공급 계약 체결",2019-01-04 10:04:09,0.010398613518197486,0.00830117339958747
376,"공학한림원, 이석희 종목명 사장 등 정회원 42명 선정",2019-01-07 12:00:16,0.006861063464836947,0.013356535754259324
377,<삼성전자 ‘어닝 쇼크’>삼성전자·종목명·LG디스플레이… 올 전자업계 ‘먹구름’,2019-01-08 11:41:19,0.008517887563884052,-0.0058072535169476636
378,잔치 끝난 반도체...종목명도 실적 '먹구름',2019-01-09 13:48:59,0.07432432432432434,0.019473917359424497
379,"[Hot-Line] ""종목명, 4분기 영업익 예상치 밑돌 전망""…목표가↓",2019-01-10 08:35:03,0.02672955974842761,-0.000692558290030898
380,"구미상의 ""종목명 반도체 특화 클러스터 유치해야""",2019-01-11 06:00:00,-0.003062787136294043,0.005956554043687667
381,"종목명, 전일 대비 약 4% 하락한 62,500원",2019-01-14 11:00:50,-0.04608294930875578,-0.005323861704484734
382,"[ET투자뉴스]종목명, ""하강국면 시작, 하…"" 매수(유지)-IBK투자증권",2019-01-16 10:35:00,0.012499999999999956,0.004253409954906973
383,종목명 구미 유치 전략회의에서 인사말하는 장세용 구미시장,2019-01-16 16:57:26,0.0015432098765431057,0.0004558002731738231
384,"""실패해도 좋아"" 종목명 사내벤처 실험",2019-01-17 17:48:07,-0.0046224961479198745,0.008172510283438461
385,"종목명, 행복나눔기금 30억 기탁",2019-01-21 16:30:00,-0.005970149253731294,-0.0032194551731933307
386,구미시 종목명 유치에 경북도·칠곡군·농협 등 합세,2019-01-22 17:38:00,0.0030030030030030463,0.004726674240104645
387,"종목명, 반도체 둔화에 올해 투자 축소",2019-01-24 10:35:19,0.0553892215568863,0.008107041030978701
388,"역대급 인센티브 쏜 종목명, 삼성전자 넘을까",2019-01-24 16:47:15,0.0581560283687943,0.015244518984773636
389,"[빅데이터MSI]시장심리 톱5, LG생활건강·종목명·삼성전자·대우조선해양·기아차",2019-01-28 09:06:14,-0.03753351206434319,-0.00019742162892022463
390,"종목명, 협력사 인센티브 확대",2019-01-29 08:40:00,0.022284122562674202,0.002783290251053616
391,종목명 본사에 '임시정부 수립 100주년' 홍보물,2019-01-30 11:26:44,0.034059945504087086,0.010460868972907322
392,"[수출 재도약] 종목명, 금융·기술·경영지원으로 사회적 책임 선도",2019-01-31 04:03:21,-0.026350461133069825,-0.0006118452678726127
393,"종목명 생산직 노조, 1700% 성과급 지급안 'OK'",2019-01-31 17:11:16,0.02706359945872805,-0.0006304904815347401
394,"[한경로보뉴스] 전일, 외국인 거래소에서 삼성전자(+0.43%), 종목명(+2.71%) 등 순매수",2019-02-07 08:34:20,0.010540184453228019,-1.8170967799990834e-05
395,구미형 일자리?…지역·정치권 여론전에 속타는 종목명,2019-02-11 13:00:00,0.008163265306122547,0.0016903290770418078
396,[단독] 이천 R&D·용인 D램·청주 낸드…종목명 '반도체 삼각벨트' 뜬다,2019-02-13 17:41:42,0.015748031496062964,0.01106987945445681
397,"이석희 종목명 ""반도체 클러스터 부지 결정된 것 없다""",2019-02-15 11:59:01,-0.046511627906976716,-0.013370177096265534
398,"""종목명 반도체 천안으로"" 천안시의회 아이스버킷 챌린지",2019-02-18 14:30:50,0.012195121951219523,0.006739161148656914
399,"종목명, 국내 최초 '폐기물 매립 제로' 인증 획득",2019-02-19 15:06:02,-0.01338688085676043,-0.00237913702380832
400,"종목명, 120조 반도체 클러스터 '경기 용인' 공식 요청(상보)",2019-02-21 11:21:51,0.013210039630118908,-0.0004933705847562919
401,주가 상승에도 또다시 공매도 폭격 맞는 三電·종목명,2019-02-24 15:16:00,-0.016949152542372836,0.0009235861914369536
402,"[단독]종목명, 독일서 '넷리스트' 특허침해 ""무혐의""",2019-02-28 06:00:00,-0.05020352781546811,-0.01760796196210357
403,"종목명, 1.7조 자체 발전소 짓는다",2019-03-04 22:54:01,-0.005706134094151216,-0.005217574821810178
404,"IBK證 ""종목명, 확인되지 않은 수요 개선…목표가↓""",2019-03-06 08:24:13,-0.022955523672883782,-0.0016656718351498734
405,"[뒤끝작렬]종목명, 왜 굳이 발전소 만들려 할까?",2019-03-07 04:21:01,0.0,-0.004509127853514094
406,"예탁원 ""3월 3째주 종목명 등 197개사 주총 전자투표""",2019-03-11 10:07:50,-0.0014992503748125774,0.0003088540582296684
407,"[특징주] 까뮤이앤씨, 종목명 신공장 공사 계약에 급등",2019-03-12 09:19:51,0.016516516516516422,0.008923732812064156
408,"신한금투 ""종목명, 2분기부터 재고 감소 전망""",2019-03-13 08:28:59,-0.013293943870014813,-0.004065502311561442
409,"한화證 ""종목명, 하반기 회복에 기대""",2019-03-18 08:26:21,-0.004405286343612369,0.0015531764634186818
410,"숲과나눔, 종목명와 함께 민간 최초로 공익 산업보건센터 설립",2019-03-19 14:00:00,0.002949852507374562,-0.0008579406230720954
411,"종목명, '제7회 산학연구과제 우수발명 포상식' 개최",2019-03-20 15:18:15,0.03676470588235303,-0.0002388015227910989
412,"[주총 2019] 이석희 종목명 사장 ""실력이 중요…기술 개발에 박차""",2019-03-22 11:42:04,0.0026350461133068936,0.0009474516270238098
413,"종목명, 차세대 기업용 SSD 표준 'ZNS' 업계 최초 시연",2019-03-25 14:04:03,-0.042049934296977676,-0.01924591094586059
414,종목명 용인 반도체공장 급물살…정부 첫 관문 통과(종합),2019-03-27 15:11:58,0.009628610729023324,-0.001479864076455062
415,종목명 이사회 의장에 박정호…대표이사·의장 분리,2019-03-27 15:49:08,-0.01498637602179842,-0.008165480394775826
416,"종목명, 1.2조 투입 `용인 반도체 클러스터` 지원",2019-03-28 17:28:02,0.026279391424619547,0.005906594342913296
417,"[ET투자뉴스]종목명, ""아픈만큼 성숙하다…"" BUY(유지)-BNK투자증권",2019-04-01 11:36:05,0.032345013477088846,0.012897881507207831
418,"삼성전자·종목명, 지난해 반도체 `연구개발비` 역대 최대",2019-04-02 08:17:03,-0.0026109660574412663,0.004104591141811387
419,"'성과급 1700%' 종목명, 직원당 영업이익 '8억'",2019-04-03 09:35:38,0.04581151832460728,0.011983432153002127
420,"종목명, 협력사 접촉 늘려 소통 강화한다",2019-04-06 02:02:07,-0.013924050632911356,0.00044803877248011936
421,"KB증권 ""종목명, 하반기 수급개선 기대…목표가↑""",2019-04-12 08:09:34,-0.003826530612244916,0.004050462246218078
422,"종목명, 18일 中우시 메모리반도체 확장팹 C2F 준공",2019-04-15 11:50:11,0.020486555697823317,0.004222137145172056
423,'가치있는 동행' 종목명 장애인 사업장 '눈길',2019-04-17 15:20:26,-0.0024875621890547706,-0.0012185153371458979
424,"종목명, 중국 우시 확장팹 C2F 준공...D램 생산능력 확대(종합)",2019-04-18 14:36:08,-0.012468827930174564,-0.014301624091239473
425,종목명 中공장 증설…D램 주도권 굳히기,2019-04-18 17:31:08,0.03282828282828287,0.0010750357889479645
426,[마켓포인트]코스피 주간 외국인 순매수 1위 '종목명',2019-04-21 10:26:01,-0.0158924205378973,0.0002256165070553262
427,"""반도체가 지역 특산품?""...종목명, 새 기업광고 공개",2019-04-24 11:00:00,-0.030864197530864224,-0.008772750815025598
428,"종목명, 1분기 영업익 1조3665억원…전년比 69%↓",2019-04-25 08:41:01,0.021656050955414008,-0.004784136909201653
429,"종목명 ""실패했던 당신께 이 상을 드립니다""",2019-04-26 11:43:01,-0.01995012468827928,-0.00510839580004574
430,"종목명, 올해 기술혁신기업에 디지털프론티어 등 선정",2019-04-29 14:00:00,0.01781170483460559,0.017032855351033938
431,"종목명 ""반도체 혁신 아이디어 응모하세요""",2019-05-01 15:34:01,0.021518987341772045,0.0041568130342761744
432,"""반도체도 이천 특산품?"" 종목명 광고 또 대박",2019-05-07 15:05:04,-0.006218905472636815,-0.00880112069348904
433,"종목명, 1,200원(-1.5%) 내린 78,700원에 거래 시작",2019-05-08 09:00:48,0.005006257822277815,-0.004124952361402534
434,"종목명, 셀 하나에 더 많은 정보 담는 '고성능 저장장치' 개발 막바지",2019-05-09 14:21:08,-0.0535491905354919,-0.03044266386943484
435,"종목명 들어서는 이천, 지역 부동산시장 불황 없다",2019-05-10 14:28:05,-0.021052631578947323,0.0028686966148177007
436,30대 기업 작년 연봉 7.1%↑.. 종목명 26.4% 올라 1위,2019-05-13 08:34:02,-0.012096774193548376,-0.013771099439729428
437,"종목명, 1,300원(-1.77%) 내린 72,200원에 거래 시작",2019-05-14 09:00:50,0.014965986394557929,0.0013612623250427447
438,"종목명, 산업혁신운동 시즌2 출범식…“상생협력”",2019-05-15 14:09:08,-0.0013404825737265424,0.005254938197731596
439,"제이티, 종목명에 장비 공급 계약",2019-05-20 14:09:17,-0.009776536312849138,-4.382138235858868e-05
440,"종목명, 삼성전자 제치고 대기업 평가 1위…네이버 2위로",2019-05-22 11:08:02,-0.019914651493598834,0.0017514163735596888
441,"종목명, 900원(-1.31%) 내린 68,000원에 거래 마감",2019-05-23 15:30:51,-0.00588235294117645,-0.0069334325714622835
442,"종목명, 학교 찾아가는 반도체 교육 확대",2019-05-30 10:00:00,-0.00302571860816947,0.007650842878608177
443,[마켓포인트]코스피 주간 외국인 순매도 1위 '종목명',2019-06-02 10:26:04,0.019908116385911168,0.012788165059156142
444,"종목명, '화웨이' 이슈로 2Q 실적 부진… 목표가↓-이베스트",2019-06-04 09:04:03,-0.022522522522522515,-0.00042562417887603843
445,"유진證 ""종목명, 하반기 실적 회복 지연…목표가↓""",2019-06-07 09:12:03,0.004608294930875667,0.0015562105608137866
446,"종목명, 반도체 AI 역량 강화…세계적 데이터전문가 영입",2019-06-10 11:00:36,0.021406727828746197,0.013105977801669555
447,"키움증권 ""종목명 3분기 영업익 1조원으로 올라설 것""",2019-06-13 08:39:58,-0.0334855403348554,-0.002655648132780075
448,"종목명, 2,200원(-3.35%) 내린 63,500원에 거래 마감",2019-06-13 15:30:59,-0.006299212598425252,-0.0036801894114345535
449,"종목명, 협력사 임직원 자녀 장학금 전달",2019-06-18 14:01:15,-0.004709576138147598,0.003816839609292799
450,"""종목명, 4분기 적자 전환할 것""...해외 IB 경고 나왔다",2019-06-19 10:47:10,0.05993690851735023,0.01242194895171611
451,"종목명, PEF 앞세워 파운드리 업체 인수하려는 배경은",2019-06-25 06:03:16,-0.002989536621823663,-0.002205765251842462
452,"종목명, 세계 최초 `128단 4D 낸드`양산..시장 지각 변동 예고(종합)",2019-06-26 14:51:06,0.03298350824587715,9.90766626765005e-05
453,종목명 `6세대 낸드`로 기술벽 뛰어넘었다,2019-06-26 17:41:12,0.018867924528301883,0.005876932593755768
454,"종목명, 30개 협력사와 함께 환경문제 해결 나선다",2019-07-01 14:00:00,0.007194244604316502,-0.00041308490095326444
455,"무디스 ""日수출규제, 三電·종목명 신용도에 부정적""",2019-07-03 10:13:30,-0.03221288515406162,-0.012252476298503567
456,"종목명, 500원(0.72%) 오른 69,600원에 거래 시작",2019-07-04 09:00:49,0.01591895803183796,0.006063854294674265
457,"한투증권 ""종목명, 메모리 수요 회복 중…'매수'""",2019-07-05 08:56:37,-0.02564102564102566,0.0008820987123252522
458,"종목명, 2분기 실적 부진 전망..목표가 하향-유진",2019-07-09 08:15:06,0.035608308605341144,-0.005881246921880079
459,"[특징주] 종목명·삼성전자, 낸드플래시 감산설에 강세",2019-07-10 09:50:54,0.044412607449856756,0.0032894255467057487
460,"NH투자 ""메모리 수요 개선…종목명 목표주가↑""",2019-07-11 08:27:31,0.03566529492455417,0.0105888189573069
461,"""올해 D램 시설투자 28% 감소""...삼성·종목명 하반기 더 줄이나",2019-07-12 06:02:24,-0.01059602649006619,0.002922182166544829
462,"김동섭 종목명 사장, 반도체 소재 확보 위해 日 출국",2019-07-16 17:52:22,-0.019710906701708275,-0.009058973043305829
463,이석희 사장 日 출장길 종목명 공급망 점검,2019-07-21 20:36:04,0.02083333333333326,-0.0004870313355334055
464,"종목명, 1,300원(1.66%) 오른 79,700원에 거래 시작",2019-07-23 09:00:50,0.005102040816326481,0.0038741258749543928
465,외국인 7일간 코스피 1조원 순매수…三電·종목명 집중,2019-07-23 19:48:10,-0.015228426395939132,-0.009112709056376733
466,"종목명, 2분기도 어닝쇼크…D램·낸드 '감산'",2019-07-25 09:44:03,0.020618556701030855,-0.003755495757566396
467,"종목명, 감산으로 실적 바닥 앞당겨져…목표가↑-유진",2019-07-26 08:20:04,0.007575757575757569,-0.003962424356585115
468,"무디스, 종목명 등급전망 '안정적'에서 '부정적'으로 하향",2019-07-31 08:34:25,-0.025348542458808576,-0.006930957593015208
469,"종목명, 1,600원(-2.08%) 내린 75,300원에 거래 시작",2019-08-01 09:00:59,0.01040312093628093,-0.0035613261344471514
470,"일본 수출 규제에도, 외국인들 삼성전자·종목명 샀다",2019-08-05 04:42:41,-0.009198423127463884,-0.02559894745187008
471,"종목명, 지역 아동 식생활 개선 ‘건강플러스 캠프’ 개최",2019-08-08 10:17:36,-0.013642564802182844,0.005707685576658017
472,"종목명, `풀HD영화 124편 1초만에 처리` 초고속 D램 내놔",2019-08-12 17:34:04,0.0,-0.008474575202205403
473,상반기 코스피 결산…삼성전자·종목명 어닝쇼크에 순이익 `뚝`,2019-08-19 14:29:04,-0.017015706806282727,0.006605530238306345
474,"삼성전자, 브랜드가치 하락에도 '단연 1위'…종목명 '껑충'",2019-08-27 06:51:00,0.01671309192200554,0.0043259789620506695
475,"신한금투 ""종목명, 4분기 실적 턴어라운드 예상…매수의견""",2019-08-29 08:31:46,0.0,-0.003956504919669479
476,"종목명, 이천시에 행복장학 성금 1억6000만원 전달",2019-09-02 18:37:55,-0.0077319587628865705,-0.0017773806005847437
477,"KB證 ""종목명, 불확실성 완화로 주가 반등""",2019-09-05 08:44:12,0.03750000000000009,0.00815676442570834
478,'이천시-종목명 상생협력' 정책공모전 개최,2019-09-16 10:58:12,-0.03753026634382561,0.006353708916324363
479,"미세먼지 충북대책위 ""청주시민 종목명 LNG발전소 반대""",2019-09-18 14:43:12,0.010075566750629816,0.004073015318743822
480,"청주 시민단체 이어 주민도 ""종목명 LNG 발전소 반대""",2019-09-19 11:17:06,0.0311720698254363,0.004645761684485716
481,[마켓포인트]코스피 기관 순매수 1위 `종목명`,2019-09-22 10:15:16,0.007299270072992803,8.602882032193726e-05
482,"[충북소식] 종목명·청주시기업인협의회, 공예비엔날레 파트너십 협약",2019-09-24 08:30:03,0.007246376811594235,0.0044653096614237775
483,"인텔, 삼성전자·종목명 안방서 차세대 메모리 전략 발표",2019-09-26 15:39:39,-0.02280912364945975,-0.011853386693274626
484,"미래에셋대우 ""종목명, 업황 회복 전망…목표가↑""",2019-09-30 09:11:02,0.00982800982800991,0.00640027583147651
485,[2단] 동탑산업훈장에 피승호 종목명 전무,2019-10-01 15:00:29,-0.0024330900243308973,0.004541757484042508
486,"日정부, 종목명에 기체불화수소 수출허가…규제 후 두번째",2019-10-02 10:58:40,-0.030487804878048808,-0.01954714272429192
487,"[특징주] 종목명, 삼성전자 등 액체 불화수소 국산화 가속에 관련업체 급등",2019-10-04 11:40:33,0.010062893081761004,-0.005521943792911044
488,"미세먼지 충북대책위 ""종목명 LNG 발전소 건립 철회하라""",2019-10-08 11:00:00,0.007471980074719831,0.012128236828144567
489,"종목명, ‘글로벌 뉴스룸’으로 소통 강화 나선다",2019-10-10 11:00:00,-0.023485784919653918,-0.00884543726328646
490,"종목명, 'LNG발전소 건립' 주민설명회",2019-10-11 15:19:26,0.012658227848101333,0.008115751204408994
491,"종목명 광고, 유튜브 조회 1200만",2019-10-14 18:39:33,0.008695652173912993,0.0003724581776631819
492,"유진투자 ""종목명 4분기 실적 개선 전망…목표주가↑""",2019-10-16 09:20:48,0.014778325123152802,0.007088467849790003
493,종목명 11개월만에 신형 D램 개발,2019-10-21 17:08:48,0.020645161290322678,0.011632871300588654
494,"종목명, 협력사와 '실종 방지용 GPS' 기부",2019-10-23 09:00:40,-0.017699115044247815,-0.0039447304165496355
495,"종목명, 13분기만에 흑자 5천억원 하회…생산·투자 조절(종합)",2019-10-24 09:09:42,0.029601029601029616,0.002422256210454554
496,"종목명 효과…용인 처인, 땅값 5.17% 올라 ‘전국 최고’",2019-10-24 18:14:02,0.03624999999999989,0.0010691968461251644
497,"종목명, 과학 꿈나무와 ‘하인슈타인 비전뷰’ 해외탐방",2019-10-29 14:37:07,0.0012062726176116367,-0.0004347329754470497
498,"종목명, 혁신 아이디어 공모전 시상식 개최",2019-11-05 11:00:00,0.0047225501770955525,0.00582089485607673
499,"충북시민단체, 종목명 LNG발전소 건립 공청회 요구",2019-11-08 15:03:19,-0.015550239234449759,-0.0032924925600514854
500,"종목명, 청주 LNG발전소 건립 공청회 22일 개최",2019-11-11 09:58:02,-0.012150668286755817,-0.006148094553680261
501,대학생·직장인의 기업평판은…삼성전자·종목명·LG전자 순,2019-11-13 05:31:00,0.0024038461538462563,-0.00862711902962987
502,종목명 '과학인재 육성' 행복 IT존 구축,2019-11-14 15:42:34,0.021582733812949728,0.018718924788441393
503,"종목명 ""128단 1Tb 4D 낸드 탑재한 5G 스마트폰 나온다""",2019-11-20 16:51:02,-0.021765417170495738,-0.013513244631914056
504,"'난항' 종목명 전력 지중화사업, 해결 실마리",2019-11-24 14:16:17,0.0,0.010247597194835478
505,종목명 청주 스마트에너지센터 건립 난항,2019-12-02 13:03:01,-0.0049443757725586845,0.001896569414148841
506,"'메모리 전문가' 진교원, 종목명 사장 승진…'낸드 사업' 구해낼까",2019-12-05 14:29:00,0.014157014157014203,-0.003939263770186496
507,"[특징주] 삼성전자·종목명, 외인 매수에 장 초반 1%대 강세",2019-12-09 09:41:21,0.001240694789081953,0.0032662313230586992
508,"NH證 ""종목명, 내년도 실적 개선 전망…매수의견""",2019-12-10 08:24:43,0.0,0.004476622908916816
509,"종목명, 중국서도 '행복경영'…현지 병원·학교·교통 투자",2019-12-13 09:11:00,0.05395683453237421,0.015392846511568692
510,韓 반도체 비상한다...삼성전자.종목명 사흘째 신고가,2019-12-17 10:14:12,0.04740406320541757,0.012697475379633616
511,코스피로 돌아온 외국인…삼성전자·종목명만 올랐다,2019-12-18 06:16:23,0.0021551724137931494,-0.00041896907950611517
512,"삼성전자·종목명, 5일째 장중 신고가...어디까지 가나",2019-12-19 09:51:24,0.006451612903225712,0.0008201575533535177
513,"종목명, '10나노급 LPDDR4 D램' 환경성적표지 인증",2019-12-20 09:34:58,0.014957264957264904,0.0034690028022585917
514,"종목명, '제2회 혁신특허포상 시상식' 개최",2019-12-23 15:02:04,-0.004210526315789442,-0.00021321807406782245
515,[부고]손상수(종목명 담당)씨 부친상,2019-12-26 13:15:01,0.010660980810234477,0.0035842771590199884
516,"이석희 종목명 대표 ""원가경쟁력·전략시장 확보로 위기 넘자""",2020-01-02 11:30:57,0.006376195536663021,-0.010238116186039314
517,"[CES2020]'반도체 굴기' 종목명 ""메모리 중심의 세상 만든다""",2020-01-07 17:01:02,0.036170212765957555,-0.011137455328626089
518,삼성전자-종목명 경영진 '대박'…웃지 못하는 CEO,2020-01-14 17:38:04,-0.022885572139303534,-0.0035285068484399718
519,"KB證 ""종목명, 2분기부터 실적 개선 진입…목표가↑""",2020-01-17 08:37:03,-0.0020161290322581182,0.001120979935976596
520,"종목명, 올해 PS는 없지만...특별기여금 400% 지급",2020-01-30 16:24:01,-0.005319148936170248,-0.013496270949720723
521,"유진證 ""종목명, 주가 조정시 매수 추천""",2020-02-03 08:30:46,0.012834224598930577,-6.14093370894242e-05
522,안성 '오폐수 방류 반대'…종목명 반도체클러스터 조성 난항,2020-02-05 11:14:15,0.006179196704428458,0.0035821777427376134
523,"종목명, 임직원 참여 행복나눔기금 10년간 224억원 기부",2020-02-07 14:00:00,-0.011940298507462699,-0.00717702919443286
524,"종목명, 사상 최대 1조600억 회사채 발행…배경은?",2020-02-11 12:07:10,0.010121457489878471,0.010017876904770961
525,"[단독]종목명, 1590억 들여 11년만에 '연수원' 짓는다",2020-02-13 06:00:00,0.020000000000000018,-0.0024213593238409103
526,"종목명·삼성전자우, 업황 기대감에 '쑥'…장중 사상 최고가",2020-02-14 15:12:04,0.02450980392156854,0.004760554235481829
527,"종목명, 신입사원 확진의심자 접촉에 800여명 자가격리",2020-02-20 09:10:29,0.004830917874396157,-0.0067139387647028315
528,"종목명, 작년 연구개발비 3조2천억원…역대 최대",2020-02-27 12:43:15,-0.019027484143763207,-0.010535652378109717
529,"예스티, 종목명 PCO 장비 수주",2020-03-02 14:23:02,0.04778156996587035,0.007800665282003294
530,"종목명, 전 직원 발열체크 등 방역 강화…자가격리자 800여명 격리해제",2020-03-03 15:09:19,0.007600434310532034,0.005812712017354782
531,"[클릭 e종목]""종목명, D램 가격 상승…수익성 개선 전망""",2020-03-04 07:54:02,0.016163793103448176,0.022431325105701116
532,"종목명, 직원이 집필한 전문도서로 반도체 지식 공유",2020-03-10 11:00:00,-0.03779697624190059,0.0041744215004893
533,"종목명, 코로나 의료진에 5억원어치 물품 지원",2020-03-11 10:00:01,-0.04040404040404044,-0.027846144537150175
534,"주총 앞둔 삼성·종목명, 우한코로나에 긴장… ""좌석간격 띄고, 전자투표 독려""",2020-03-13 11:14:14,-0.0036231884057971175,-0.03428500679187507
535,"종목명 이천사업장, 첫 코로나19 확진…감염 우려 없어 정상운영",2020-03-15 15:29:02,-0.023030303030303068,-0.03194009274063225
536,"현대차證 ""종목명, 2분기도 디램가격 상승 전망""",2020-03-17 08:51:45,-0.002481389578163795,-0.024736739075522762
537,"중국 우시市, 종목명에 마스크·방호복 지원",2020-03-18 10:06:03,-0.09079601990049746,-0.04857572939296362
538,"종목명 주총...""불확실성에 대비할 수 있는 체력 강화""",2020-03-20 11:27:35,0.08405797101449286,0.07444225452331588
539,"눈물로 팔았던 매그나칩, 종목명가 투자자로 나선 이유",2020-03-23 06:03:17,-0.07219251336898391,-0.05343681110846121
540,"한화투자 ""종목명, 과매도 구간 일단락…주가 상승 기대""",2020-03-25 08:49:09,0.07369758576874208,0.058876898766703656
541,"종목명, '사회적 가치 창출' 협력사에 인센티브",2020-03-30 11:31:24,0.004801920768307433,-0.0003551111100710269
542,50대 기업 중 연봉킹 ‘종목명’…삼성전자는 5위,2020-04-01 08:25:36,-0.05882352941176472,-0.03942692142467752
543,"유명호 유니락 대표 ""삼성전자·종목명에 고성능 밸브 공급""",2020-04-02 15:15:06,0.020408163265306145,0.02337642240793647
544,"03일, 외국인 거래소에서 KODEX MSCI Korea TR(0.00%), 종목명(-0.5%) 등 순매수",2020-04-03 18:36:03,0.04396984924623126,0.03850615858671591
545,"종목명, 최신 기업용 SSD 'PE8000' 시리즈 공개",2020-04-08 10:39:54,-0.015151515151515138,-0.009026080947919457
546,청주 흥덕 '종목명 LNG발전소' 핵심 이슈 떠올라,2020-04-09 15:14:41,0.00591715976331364,0.016086161425627132
547,"종목명, 고려대와 `반도체 인재` 키운다",2020-04-12 17:23:06,-0.03210463733650415,-0.01877784807874172
548,"유진투자 ""하반기 메모리 가격 하락 전망…종목명 목표가↓""",2020-04-14 08:39:00,0.011056511056511065,0.017154470373135222
549,"[대학가 산책] 고려대, 종목명와 반도체공학과 내년 신설 등",2020-04-16 15:15:03,-0.012150668286755817,-5.390182564624091e-06
550,"[특징주] 삼성전자·종목명, 외국인 매수에 주가 급등",2020-04-17 09:55:35,0.03444034440344401,0.030941259441393143
551,"종목명, 중소 협력사에 코로나19 극복 지원 나서",2020-04-19 10:00:00,-0.024970273483947647,-0.008445959977157358
552,"[TF매매동향] 외인·기관, '삼성전자·종목명' 모두 팔았다",2020-04-20 16:26:34,-0.008536585365853666,-0.009998093169878985
553,"""반도체 가격, 3년 만에 최대 상승 기대…종목명 최선호""",2020-04-22 08:08:04,0.03198031980319804,0.00892316559470907
554,"[특징주] 종목명, 깜짝실적에도 주가는 약세",2020-04-23 09:43:08,-0.015494636471990453,0.00979877950838759
555,"`한숨 돌린` 종목명…""진짜 위기는 2분기부터""",2020-04-23 17:32:07,-0.014527845036319653,-0.013432687777730434
556,"""수익 줄어드는데 돈 나갈 일 많아"".. 순부채 7.6조까지 치솟은 종목명",2020-04-26 07:01:03,0.014742014742014753,0.01787180047817749
557,"종목명, CDP '물 경영' 부문 대상",2020-04-28 14:01:09,0.009685230024213176,0.0058873114736832655
558,"신한금투 ""종목명, 반도체 상승 사이클 유지""",2020-05-06 08:59:43,0.01728395061728394,0.017616621075612127
559,"종목명, AI로 반도체 성능개선 한다",2020-05-12 14:01:05,0.014201183431952646,-0.006835785799287564
560,'코로나에도 선방'…삼성·종목명 D램 점유율↑,2020-05-14 11:55:45,-0.03588516746411485,-0.007967389868912322
561,반도체로 번진 美中갈등…삼성전자·종목명 영향은?,2020-05-18 07:11:01,-0.009768009768009733,0.005100429544273588
562,美 화웨이 제재에 삼성전자·종목명 반사이익 볼까,2020-05-19 14:23:01,0.019728729963008673,0.022456133279391555
563,"종목명 장애인사업장 근로자, 체계적 건강관리 받는다",2020-05-28 14:16:04,0.03071253071253066,-0.0013095274045721306
564,"메리츠證 ""종목명, 3분기 NAND사업 턴어라운드 전망""",2020-06-01 08:25:51,0.025766871165644245,0.017481327561860383
565,반도체 업황 악화에도 고용 늘린 종목명의 'SV 경영',2020-06-04 11:38:02,-0.011273957158962844,0.0019468709827665798
566,6월 엔지니어상에 종목명 이인노·금성볼트공업 옥영두,2020-06-08 12:00:13,0.006637168141592875,0.001109104515958803
567,종목명 반도체 공장에 환경부 공무원 초청한 까닭은,2020-06-10 17:15:05,-0.025330396475770955,-0.00861228702964667
568,[특징주] 시총상위주 약세…삼성전자·종목명 4% 급락,2020-06-12 09:24:02,-0.037288135593220306,-0.02043384237608703
569,美는 멀고 中은 쫓아오는데···韓선 삼성-종목명 각자도생,2020-06-15 14:40:02,-0.03755868544600938,-0.04759184949022144
570,"""종목명, '최악의 수요부진' 잘 이겨낼 것""-SK증권",2020-06-16 09:16:03,0.04146341463414638,0.052801383604295093
571,"반도체, 대면 ‘울고’ 비대면 ‘웃고’…삼성전자·종목명 2분기 ‘맑음’",2020-06-17 16:29:04,-0.00691244239631339,-0.0035356805430754035
572,"'이사회 중심 경영' 종목명, 사외이사진 역할도 대폭 강화",2020-06-19 07:00:00,-0.009280742459396807,0.003674788642731963
573,"""의료진을 응원합니다"" 종목명 #덕분에챌린지 동참",2020-06-22 09:40:49,-0.005854800936768156,-0.006813595136026085
574,종목명도 코로나19 극복 헌혈 캠페인 동참,2020-06-24 14:03:16,0.022592152199762294,0.014203008643808301
575,"종목명, 소·부·장 육성 4기 기술혁신기업 선정",2020-06-30 14:00:50,0.017942583732057482,0.007093498930904385
576,"'1초에 영화 124편 저장' 종목명, 초고속 고대역폭 D램 양산",2020-07-02 11:01:05,-0.010550996483001174,0.01360904099627036
577,"종목명, 2·4분기 최대 2조원대 영업이익 예상",2020-07-06 08:50:02,0.007025761124121788,0.016502442124044503
578,"文대통령, 종목명 방문 '소부장 2.0 전략' 발표",2020-07-09 12:10:08,-0.008363201911589013,0.004178101371469456
579,"[단독]종목명 ""지방세 400억도 공제해달라"" 소송…대법원行",2020-07-13 06:00:00,0.0024154589371980784,0.01665390489477958
580,종목명시스템IC 청주 M8 공장 중국行,2020-07-14 14:17:41,-0.001204819277108471,-0.0011207157781020216
581,"충북NGO, 한범덕 시장에 종목명 발전소 토론회 제안",2020-07-15 11:39:08,0.0012062726176116367,0.008366775708462226
582,"종목명, '노사가 함께' 지역농가 지원",2020-07-16 10:00:00,-0.0036144578313253017,-0.008229274057998226
583,삼성전자 선방했는데… 종목명 2분기 실적 향방은,2020-07-21 06:04:15,0.02311435523114347,0.01393418600799512
584,종목명도 '깜짝실적' 내나…2분기 영업익 2조원대 넘본다(종합),2020-07-22 15:27:33,-0.010701545778834753,-7.63476775010874e-05
585,"'코로나 특수' 종목명, 2분기 깜짝실적…영업익 1.9조 [종합]",2020-07-23 09:04:02,-0.009615384615384581,-0.00559527765221457
586,"종목명, 2Q 실적 호조에도 하반기 가격 둔화 전망-유진",2020-07-24 08:52:03,0.01577669902912615,-0.007106791574414073
587,"[마켓인사이트]무디스 ""종목명 올 2분기 영업실적 개선, 신용도에 긍정적""",2020-07-27 09:51:04,-0.010752688172043001,0.007916674150207914
588,"종목명, 자폐인 자립지원 사회적기업과 제휴",2020-07-28 15:00:06,0.0036231884057971175,0.017643079866263234
589,"종목명 ""이천 죽당천에 수달이 찾아왔어요""",2020-07-29 14:41:17,0.001203369434416457,0.002733694888917171
590,"문유진 종목명 부사장, ‘스테이 스트롱’ 캠페인 동참",2020-07-30 11:21:56,0.02524038461538458,0.0017012045766564565
591,김 빠진 D램·낸드…삼성전자·종목명 '먹구름' 예보,2020-08-03 05:30:00,-0.012077294685990392,0.0007423953876595224
592,시총 2위 종목명 자리 넘보는 LG화학·삼바·네이버,2020-08-09 13:01:19,0.00992555831265518,0.014759707846448311
593,"종목명, 시총 '부동의 2위' 위태…LG화학 등 맹추격",2020-08-12 06:07:11,-0.0036900369003689537,0.005656073975024878
594,"종목명, 사내벤처 통해 창업아이템 발굴한다",2020-08-13 06:00:00,-0.0037037037037036535,0.0021295992728429525
595,"이석희 종목명 사장, 상반기 보수 18억원 받아",2020-08-14 17:16:01,-0.026184538653366562,-0.024610694227642504
596,코스피 급락하고 주가 떨어져도…종목명 담은 개미들,2020-08-19 09:43:13,-0.03969270166453265,0.005237986343976653
597,[단독] 종목명 이천사업장서 코로나 확진자 발생,2020-08-20 08:22:22,-0.04266666666666663,-0.036567932156985505
598,"종목명 ‘시총 3위’ 추락...""빠질만큼 빠졌다"" VS ""화웨이 공급중단 우려""",2020-08-20 17:54:05,0.03760445682451263,0.01335408069020061
599,"종목명, 지금 사도 될까?",2020-08-24 11:13:57,0.01342281879194629,0.010952051790652284
600,종목명 '가치 상승' 위해 낸드솔루션이 달린다,2020-08-25 07:05:00,0.019867549668874274,0.01583802284485758
601,"종목명, 도시바메모리 투자 적중했다",2020-08-26 15:26:05,0.023376623376623273,0.0010943741034623589
602,"[시그널] 연초 1兆 현금 채운 종목명, 5억달러 외화채권 발행",2020-08-31 18:20:04,0.0013315579227697327,0.010050911061517898
603,"정부, RE100 내년부터 시행 확정·삼성전자·종목명 참여 주목",2020-09-02 11:27:08,0.003989361702127603,0.006307619625429028
604,"종목명, 이천캠퍼스 협력사 직원 코로나19 확진 판정",2020-09-04 15:27:18,0.0,-0.011540508005747241
605,"[단독]종목명, 오늘부터 유연근무제 정착 위한 실험 나선다",2020-09-07 11:09:15,-0.003811944091486663,0.00674336366515349
606,"""종목명 LNG발전소 반대"" 충북 환경단체 첫 온라인 집회",2020-09-09 14:20:52,-0.026448362720403074,-0.010866291391531613
607,"종목명 청주공장 화학물질 누출…""유해성분 아냐""",2020-09-10 11:10:38,-0.009055627425614499,0.00870015720393913
608,"영진전문대, 종목명에 10명 합격",2020-09-14 09:15:09,0.020408163265306145,0.013026286991038027
609,"종목명, 추석 맞아 전직원에 90억원 쏜다",2020-09-15 19:47:05,-0.004884004884004867,-0.0031348086641259654
610,"종목명, 차세대 D램 개발 박차…EUV 전문가 모집",2020-09-18 06:30:00,0.018248175182481674,0.002589168762787031
611,"[특징주] 종목명, D램 가격 상승 기대감에 오름세",2020-09-24 09:17:33,0.00837320574162681,-0.02594676898195969
612,"종목명 투자한 키옥시아, IPO 백지화... 美·中 갈등 여파",2020-09-28 09:07:35,-0.004825090470446325,0.012853329397934932
613,"유진테크, 종목명와 190억 규모 장비 공급 계약",2020-09-29 15:23:30,0.018181818181818077,0.008582810964325782
614,"종목명, 차세대 고성능D램 세계 첫 출시",2020-10-06 17:47:08,0.004819277108433662,0.008893038535659814
615,"SK그룹 과제 | 돈 많은 종목명, M&A 한계 뚜렷…지배구조 정리·배터리 분쟁 해소 시급",2020-10-08 09:17:23,-0.005995203836930418,0.002103119527128383
616,'맏형' 삼성전자 이어 종목명도 '깜짝 실적' 전망,2020-10-12 11:22:13,0.031363088057901,0.004920658870510186
617,"종목명, 'IDC DX 어워드'서 디지털 트랜스포머 부문 수상",2020-10-13 10:38:43,0.03157894736842115,-0.00024132411078880978
618,"KB證 ""종목명, 서버 D램 수요 변화 시작""",2020-10-14 08:20:08,-0.019274376417233507,-0.009433419854971703
619,"종목명 공장 방류수, 법 기준보다 훨씬 깨끗",2020-10-19 15:07:05,0.016412661195779554,0.0022250242087329397
620,"인텔 메모리 품은 종목명, 단숨에 '낸드 2위' 점프 [종합]",2020-10-20 09:45:33,-0.01730103806228378,0.0049728227454801655
621,종목명가 이천에 제과제빵 공장 짓는다?,2020-10-21 15:01:54,-0.016431924882629123,0.005279063209771673
622,"[이슈분석]종목명, 인텔 낸드 인수…기대효과와 우려는?",2020-10-26 14:01:30,-0.008343265792610244,-0.007158622073627718
623,"종목명, 'TOF 이미지센서' 시장 뛰어든다",2020-10-27 15:15:31,-0.007211538461538436,-0.005576077789119505
624,"이석희 종목명 사장 “인텔 낸드 인수가, 절대 비싼 거 아니다”",2020-10-29 18:13:21,-0.022031823745410017,-0.025581634694807343
625,"[단독] '10조 M&A' 이끈 이석희 종목명 CEO, 컨콜서 '직접 소통' 나선다",2020-11-02 10:01:22,-0.003754693366708417,0.01456013560059688
626,"KB證 ""종목명, 3년만에 최대 실적 전망…목표가↑""",2020-11-03 08:17:43,0.022613065326633208,0.01875962917833851
627,"종목명, 3분기 영업이익 1조2996억원... 전년比 175% 늘어(종합)",2020-11-04 08:43:03,0.02211302211302213,0.005978726095674514
628,"이석희 사장 ""종목명 낸드 매출 5년 내 3배로""",2020-11-04 17:10:16,0.03485576923076916,0.023955156436567426
629,종목명 10조 인텔 낸드 쇼핑 ‘적정가 맞아?’,2020-11-06 05:40:00,0.0023228803716608404,0.0011226995539026507
630,"종목명, '2020년 산학연구과제 우수발명' 포상",2020-11-09 14:00:33,-0.0034762456546929554,0.012704304158907442
631,종목명 '정년 없는 반도체 기술 전문가' 1호 탄생,2020-11-12 10:04:38,0.012643678160919603,-0.0041233047253369515
632,"종목명, 높아진 서버 DRAM 경쟁력…목표가↑-SK",2020-11-17 08:24:19,0.0010204081632652073,-0.0015257889036904837
633,"종목명, 장중 10만원 돌파…7거래일 연속 상승",2020-11-18 09:11:01,-0.0010193679918450993,0.0025559700098398697
634,국가품질경영대회 산업포장에 최정산 종목명 부사장,2020-11-19 15:29:12,0.0020408163265306367,0.0006992461914565595
635,"""삼성·종목명 3분기 D램 매출, 전 분기보다 소폭 감소""",2020-11-20 06:30:01,-0.014256619144602856,0.002386759225478041
636,"삼성전자·종목명, 장중 나란히 3%대 급등",2020-11-23 09:49:33,0.03305785123966931,0.019224628157430868
637,"[빅데이터MSI]시장심리 톱5,삼성전자·CJ·SK·종목명·삼성중공업",2020-11-24 08:28:15,-0.014000000000000012,0.005828778826886927
638,종목명 '행복 IT Zone'...하트-하트재단과 과학 인재 육성 사업 펼쳐,2020-11-27 14:57:53,-0.006036217303822977,0.002871400486948561
639,코로나에 멈춘 종목명 中 공장… “메모리가격 급등 우려”,2020-11-30 10:59:13,-0.013157894736842146,-0.01599037907821632
640,종목명 中 충칭 공장 1일 재가동…전 직원 코로나19 음성 판정,2020-12-01 09:26:27,0.03076923076923066,0.016558965841152018
641,"박정호-이석희 투톱 체제된 종목명, 어떻게 달라지나",2020-12-03 14:25:23,0.022935779816513735,0.007593732854062507
642,美 마이크론 정전에 삼전·종목명 급등…들어가도 될까?,2020-12-04 11:11:07,0.03139013452914807,0.013066433888527795
643,"종목명, 마이크론 이어 176단 낸드 개발",2020-12-07 11:05:32,0.026086956521739202,0.005121818173852377
644,종목명도 최고층 '176단 낸드' 쌓았다,2020-12-07 17:31:51,-0.025423728813559365,-0.0162123411753774
645,"""D램 가격 뜬다""…삼성전자·종목명 목표가도 'UP'",2020-12-10 09:12:13,-0.03319502074688796,-0.0032698632519410076
646,기보·종목명 혁신 창업 활성화 협약,2020-12-18 09:34:21,-0.008368200836820106,0.0006316709113580732
647,"종목명도 애자일 도입…""시장 변화에 효과적 대응""",2020-12-22 07:00:00,-0.030172413793103425,-0.01618410796107561
648,"초호황 기대감, 삼전·종목명 신기록 쓰나",2020-12-24 11:21:40,0.01724137931034475,0.01704460357594595
649,"[신년사] 박정호 종목명 부회장 ""경쟁자와도 손잡고 협업해야""",2021-01-04 14:58:14,0.06329113924050622,0.024701834616805973
650,"종목명, 기본급 100% '생산성 격려금' 지급",2021-01-05 14:59:34,0.03571428571428581,0.015663406669329305
651,"[특징주]코스피 3000시대, 삼성전자·종목명 '신고가' 축포",2021-01-06 09:30:59,0.003831417624521105,-0.007476871128772378
652,"종목명 시총 100조 돌파, 2등 DNA 버린다",2021-01-07 14:02:54,0.026717557251908497,0.021383248433886726
653,"종목명, 메모리반도체 업황 회복 기대…목표가 14%↑-한국투자證",2021-01-08 08:37:45,0.026022304832713727,0.039746939882438825
654,용인 종목명 산업단지 방류수 갈등 봉합…상반기 착공,2021-01-11 15:00:00,-0.036231884057971064,-0.0011833020577709519
655,"[증시신상품] 한투증권, 네이버·종목명 주식 기반 ELS",2021-01-12 12:35:46,-0.03007518796992481,-0.007146373723633026
656,"종목명, ESG 경영 강화 위해 10억달러 규모 그린본드 발행",2021-01-14 08:55:11,-0.018796992481203034,0.000520883711375264
657,종목명 '미래 투자금' 3.3조 조달,2021-01-19 18:13:10,0.0,0.0070780938166083995
658,청주 종목명·보은 한화 코로나19 확진자 발생(종합),2021-01-25 14:42:30,0.05058365758754868,0.021766368386809454
659,삼성·종목명 반도체기술 中유출…협력사 17명 기소,2021-01-26 16:13:22,-0.003875968992248069,-0.005652308105414394
660,"""D램·낸드 양날개 활짝""…종목명, 2년 만에 영업익 '5조' 복귀 (종합)",2021-01-29 11:55:02,-0.004065040650406471,-0.03025043140963124
661,"종목명, EUV D램 공장 M16 준공",2021-02-01 13:45:44,0.020408163265306145,0.026987366164520354
662,최태원 연봉 반납 공언…종목명 'PS 논란' 왜?,2021-02-02 12:00:34,0.040000000000000036,0.013178352451252762
663,최태원 이어 이석희도…종목명 성과급 불만 달래기(종합),2021-02-03 00:00:00,0.0,0.010614106895084907
664,종목명 '성과급 논란' 달랬지만…삼성·LG까지 번져,2021-02-05 10:01:08,0.020000000000000018,0.010713942600125259
665,'성과급' 마지막 관문 남긴 종목명…막판 변수는,2021-02-08 15:26:38,-0.019607843137254943,-0.009417936154526019
666,"카카오·네이버, 자사주 성과급… ‘뭇매’ 종목명와는 다른 행보",2021-02-09 05:08:23,0.0040000000000000036,-0.0021253827011987747
667,"종목명, NAND 업황 턴어라운드 기대감…목표주가↑-키움",2021-02-15 09:05:06,0.04761904761904767,0.014971366915942586
668,낸드 시황 턴어라운드 조짐...종목명 '인텔 인수' 성과 기대,2021-02-16 06:00:00,0.0037878787878788955,0.005163647918652758
669,"국내 기업 실적, 반도체 빼면 시체…삼성·종목명 제외 시 영업익 ↓",2021-02-17 09:33:01,-0.018867924528301883,-0.009332180510550847
670,"[특징주]삼성전자·종목명, 美 금리 인상 경계심에 동반 약세",2021-02-23 09:26:08,0.0146520146520146,-0.0031365896582514763
671,"[특징주] 종목명, 반도체 업황 회복 기대에 강세…외국인 매수",2021-02-25 09:09:03,0.09191176470588225,0.0349618233508191
672,"종목명 1등, 한진칼이 최하점",2021-02-26 05:07:59,-0.047138047138047146,-0.027983440812153204
673,"[단독] '성과급 논란' 종목명, 이번엔 인사평가 소송",2021-03-02 13:37:16,0.021201413427561766,0.010262422709589769
674,"""NAND 시장, 올해 변동폭 커...삼성전자·종목명에겐 도약 기회""",2021-03-03 13:24:00,0.01730103806228378,0.012852017824780404
675,삼성전자 42% 종목명 29%…한국 D램 따라올 자가 없다,2021-03-05 14:51:04,-0.014084507042253502,-0.005661257325180191
676,종목명 주가 오를까…업계 최대 용량 모바일D램 양산,2021-03-08 17:31:01,0.007380073800737907,-0.006671981097522428
677,"슈퍼사이클 올라탄 반도체…""삼성·종목명 성장 기대""",2021-03-11 06:59:57,0.03007518796992481,0.018788903696164594
678,"종목명, 인텔 낸드사업부 인수 美 심사 절차 매듭",2021-03-12 09:45:23,0.021897810218978186,0.013501656655135363
679,"""종목명, 실적 개선되지만 '금리 상승' 주가에 부담 줄수도 """,2021-03-15 07:49:06,-0.025000000000000022,-0.0028417891310773546
680,"종목명 ""D램 10나노 공정 진입·낸드 600단 적층 가능""",2021-03-22 09:45:39,0.0,-0.0013390451685516558
681,"최태원 회장, 지난해 종목명 연봉 30억…“급여 반납 이행”",2021-03-23 08:31:32,-0.021739130434782594,-0.010120367718465806
682,핸드볼팀 집단감염 관련…청주 종목명 직원 860명 '음성',2021-03-25 16:34:02,0.015037593984962516,0.01086314704592728
683,"박정호 부회장, 종목명 대표이사 선임",2021-03-30 18:02:50,-0.014869888475836479,-0.002794813680781716
684,외국인 사자에 종목명 4.15% 강세,2021-04-01 10:22:21,0.060377358490566024,0.008486251694288072
685,"애플, '탄소 중립' 에너지 프로젝트 시작…""종목명 등 韓기업 참여""",2021-04-01 15:37:18,0.003558718861210064,0.008227034982914105
686,"종목명, 다양성·포용성 문화 확산 본격화",2021-04-05 09:42:25,0.014184397163120588,0.0025796803114865874
687,"종목명, 美넷리스트와 특허분쟁 합의…""로열티내고 협력하기로""",2021-04-07 09:32:07,0.0034965034965035446,0.0033033480890602984
688,"삼성전자·종목명, 1분기 시총 1·2위...CCTV종목 선전도",2021-04-12 11:01:23,-0.017857142857142905,0.001184657502396158
689,"'영화 2000편 저장' 종목명, 업계 최고 성능 기업용 SSD 양산",2021-04-15 10:15:39,0.0036496350364962904,0.0037551126639019383
690,"공정위, 종목명-인텔 낸드 인수 심사…""가급적 신속 진행""",2021-04-21 12:00:10,-0.04332129963898912,-0.01522651589595403
691,"종목명, 시스템 반도체도 넘보나…""파운드리 투자 확대""",2021-04-23 06:02:08,-0.003759398496240629,0.001120388849666476
692,종목명 파운드리 확장설 '솔솔'…韓 협력사 기대감↑,2021-04-26 09:29:01,-0.007547169811320753,0.011458356943631731
693,"[단독]종목명, 내년 세계 최고층 238단 낸드 출시한다",2021-04-27 06:47:02,0.026615969581748944,-0.0006558157906783046
694,"'코로나 수혜' 종목명, 1분기 영업익 1조3244억 [종합]",2021-04-28 08:59:01,-0.03703703703703709,-0.010558481263275632
695,"'반도체 호황' 제대로 탄 종목명…""2분기는 더 좋다""",2021-04-28 17:36:01,0.0,-0.002325938345309586
696,"D램값 한달새 26% 수직상승…삼성·종목명, 슈퍼호황 시작",2021-04-30 14:59:04,-0.01538461538461533,-0.008257524389345017
697,"종목명, '사회문제 해결 아이디어' 공모",2021-05-03 09:39:41,0.02734375,-0.006563238294502782
698,"종목명, 266억 원 지방세 납부",2021-05-04 12:11:01,0.0038022813688212143,0.006449912482746845
699,"[단독]삼성·종목명·마이크론, 'D램 담합' 혐의로 피소",2021-05-06 09:43:37,-0.022727272727272707,0.004149437312586768
700,"종목명, 사회적 가치 창출 실적 발표…경제간접 기여 5조3700억원",2021-05-10 10:25:05,0.0038610038610038533,0.016295539471562925
