접수번호,사업연도,종목코드,보고서코드,계정명,개별연결구분,개별연결명,재무제표구분,재무제표명,당기명,당기일자,당기금액,당기누적금액,전기명,전기일자,전기금액,전기누적금액,전전기명,전전기일자,전전기금액,계정과목정렬순서
20160525000132,2015,019170,11011,유동자산,CFS,연결재무제표,BS,재무상태표,제 30 기,2015.12.31 현재,"218,856,872,846",,제 29 기,2014.12.31 현재,"211,321,483,076",,제 28 기,2013.12.31 현재,"200,308,709,462",1
20160525000132,2015,019170,11011,비유동자산,CFS,연결재무제표,BS,재무상태표,제 30 기,2015.12.31 현재,"191,873,367,079",,제 29 기,2014.12.31 현재,"197,973,961,228",,제 28 기,2013.12.31 현재,"198,046,017,037",3
20160525000132,2015,019170,11011,자산총계,CFS,연결재무제표,BS,재무상태표,제 30 기,2015.12.31 현재,"410,730,239,925",,제 29 기,2014.12.31 현재,"409,295,444,304",,제 28 기,2013.12.31 현재,"398,354,726,499",5
20160525000132,2015,019170,11011,유동부채,CFS,연결재무제표,BS,재무상태표,제 30 기,2015.12.31 현재,"184,244,913,884",,제 29 기,2014.12.31 현재,"180,509,225,369",,제 28 기,2013.12.31 현재,"152,631,584,428",7
20160525000132,2015,019170,11011,비유동부채,CFS,연결재무제표,BS,재무상태표,제 30 기,2015.12.31 현재,"31,623,975,374",,제 29 기,2014.12.31 현재,"37,271,843,717",,제 28 기,2013.12.31 현재,"54,937,818,333",9
20160525000132,2015,019170,11011,부채총계,CFS,연결재무제표,BS,재무상태표,제 30 기,2015.12.31 현재,"215,868,889,258",,제 29 기,2014.12.31 현재,"217,781,069,086",,제 28 기,2013.12.31 현재,"207,569,402,761",11
20160525000132,2015,019170,11011,이익잉여금,CFS,연결재무제표,BS,재무상태표,제 30 기,2015.12.31 현재,"162,242,882,403",,제 29 기,2014.12.31 현재,"162,881,584,660",,제 28 기,2013.12.31 현재,"163,498,299,113",17
20160525000132,2015,019170,11011,자본총계,CFS,연결재무제표,BS,재무상태표,제 30 기,2015.12.31 현재,"194,861,350,667",,제 29 기,2014.12.31 현재,"191,514,375,218",,제 28 기,2013.12.31 현재,"190,785,323,738",21
20160525000132,2015,019170,11011,매출액,CFS,연결재무제표,IS,손익계산서,제 30 기,2015.01.01 ~ 2015.12.31,"195,950,486,358",,제 29 기,2014.01.01 ~ 2014.12.31,"220,291,937,934",,제 28 기,2013.01.01 ~ 2013.12.31,"215,962,840,334",23
20160525000132,2015,019170,11011,영업이익,CFS,연결재무제표,IS,손익계산서,제 30 기,2015.01.01 ~ 2015.12.31,"4,235,609,236",,제 29 기,2014.01.01 ~ 2014.12.31,"19,251,751,472",,제 28 기,2013.01.01 ~ 2013.12.31,"24,811,385,996",25
20160525000132,2015,019170,11011,법인세차감전 순이익,CFS,연결재무제표,IS,손익계산서,제 30 기,2015.01.01 ~ 2015.12.31,"2,165,476,530",,제 29 기,2014.01.01 ~ 2014.12.31,"13,506,716,402",,제 28 기,2013.01.01 ~ 2013.12.31,"19,674,790,815",27
20160525000132,2015,019170,11011,당기순이익,CFS,연결재무제표,IS,손익계산서,제 30 기,2015.01.01 ~ 2015.12.31,"1,476,677,921",,제 29 기,2014.01.01 ~ 2014.12.31,"3,354,194,148",,제 28 기,2013.01.01 ~ 2013.12.31,"5,485,452,078",29
20160525000132,2015,019170,11011,유동자산,OFS,재무제표,BS,재무상태표,제 30 기,2015.12.31 현재,"210,815,696,508",,제 29 기,2014.12.31 현재,"205,917,940,926",,제 28 기,2013.12.31 현재,"196,845,360,276",2
20160525000132,2015,019170,11011,비유동자산,OFS,재무제표,BS,재무상태표,제 30 기,2015.12.31 현재,"191,723,249,006",,제 29 기,2014.12.31 현재,"195,954,823,734",,제 28 기,2013.12.31 현재,"195,593,397,583",4
20160525000132,2015,019170,11011,자산총계,OFS,재무제표,BS,재무상태표,제 30 기,2015.12.31 현재,"402,538,945,514",,제 29 기,2014.12.31 현재,"401,872,764,660",,제 28 기,2013.12.31 현재,"392,438,757,859",6
20160525000132,2015,019170,11011,유동부채,OFS,재무제표,BS,재무상태표,제 30 기,2015.12.31 현재,"182,659,569,739",,제 29 기,2014.12.31 현재,"179,115,865,108",,제 28 기,2013.12.31 현재,"151,627,439,506",8
20160525000132,2015,019170,11011,비유동부채,OFS,재무제표,BS,재무상태표,제 30 기,2015.12.31 현재,"31,623,975,374",,제 29 기,2014.12.31 현재,"37,271,843,717",,제 28 기,2013.12.31 현재,"54,925,104,027",10
20160525000132,2015,019170,11011,부채총계,OFS,재무제표,BS,재무상태표,제 30 기,2015.12.31 현재,"214,283,545,113",,제 29 기,2014.12.31 현재,"216,387,708,825",,제 28 기,2013.12.31 현재,"206,552,543,533",12
20160525000132,2015,019170,11011,이익잉여금,OFS,재무제표,BS,재무상태표,제 30 기,2015.12.31 현재,"151,446,018,099",,제 29 기,2014.12.31 현재,"152,424,407,498",,제 28 기,2013.12.31 현재,"153,595,236,543",19
20160525000132,2015,019170,11011,자본총계,OFS,재무제표,BS,재무상태표,제 30 기,2015.12.31 현재,"188,255,400,401",,제 29 기,2014.12.31 현재,"185,485,055,835",,제 28 기,2013.12.31 현재,"185,886,214,326",22
20160525000132,2015,019170,11011,매출액,OFS,재무제표,IS,손익계산서,제 30 기,2015.01.01 ~ 2015.12.31,"185,478,014,927",,제 29 기,2014.01.01 ~ 2014.12.31,"209,583,526,314",,제 28 기,2013.01.01 ~ 2013.12.31,"206,471,348,564",24
20160525000132,2015,019170,11011,영업이익,OFS,재무제표,IS,손익계산서,제 30 기,2015.01.01 ~ 2015.12.31,"3,725,437,863",,제 29 기,2014.01.01 ~ 2014.12.31,"19,995,620,470",,제 28 기,2013.01.01 ~ 2013.12.31,"23,192,697,810",26
20160525000132,2015,019170,11011,법인세차감전 순이익,OFS,재무제표,IS,손익계산서,제 30 기,2015.01.01 ~ 2015.12.31,"1,559,623,724",,제 29 기,2014.01.01 ~ 2014.12.31,"12,890,863,433",,제 28 기,2013.01.01 ~ 2013.12.31,"16,287,189,185",28
20160525000132,2015,019170,11011,당기순이익,OFS,재무제표,IS,손익계산서,제 30 기,2015.01.01 ~ 2015.12.31,"1,136,528,865",,제 29 기,2014.01.01 ~ 2014.12.31,"2,795,502,764",,제 28 기,2013.01.01 ~ 2013.12.31,"2,482,949,076",30
20160516001449,2016,019170,11013,유동자산,CFS,연결재무제표,BS,재무상태표,제 31 기1분기말,2016.03.31 현재,"215,576,544,621",,제 30 기말,2015.12.31 현재,"218,856,872,846",,,,,1
20160516001449,2016,019170,11013,비유동자산,CFS,연결재무제표,BS,재무상태표,제 31 기1분기말,2016.03.31 현재,"189,243,901,964",,제 30 기말,2015.12.31 현재,"191,873,367,079",,,,,3
20160516001449,2016,019170,11013,자산총계,CFS,연결재무제표,BS,재무상태표,제 31 기1분기말,2016.03.31 현재,"404,820,446,585",,제 30 기말,2015.12.31 현재,"410,730,239,925",,,,,5
20160516001449,2016,019170,11013,유동부채,CFS,연결재무제표,BS,재무상태표,제 31 기1분기말,2016.03.31 현재,"176,182,998,824",,제 30 기말,2015.12.31 현재,"184,244,913,884",,,,,7
20160516001449,2016,019170,11013,비유동부채,CFS,연결재무제표,BS,재무상태표,제 31 기1분기말,2016.03.31 현재,"33,706,545,214",,제 30 기말,2015.12.31 현재,"31,623,975,374",,,,,9
20160516001449,2016,019170,11013,부채총계,CFS,연결재무제표,BS,재무상태표,제 31 기1분기말,2016.03.31 현재,"209,889,544,038",,제 30 기말,2015.12.31 현재,"215,868,889,258",,,,,11
20160516001449,2016,019170,11013,이익잉여금,CFS,연결재무제표,BS,재무상태표,제 31 기1분기말,2016.03.31 현재,"162,418,166,042",,제 30 기말,2015.12.31 현재,"162,242,882,403",,,,,17
20160516001449,2016,019170,11013,자본총계,CFS,연결재무제표,BS,재무상태표,제 31 기1분기말,2016.03.31 현재,"194,930,902,547",,제 30 기말,2015.12.31 현재,"194,861,350,667",,,,,21
20160516001449,2016,019170,11013,매출액,CFS,연결재무제표,IS,손익계산서,제 31 기1분기,2016.01.01 ~ 2016.03.31,"47,704,254,474","47,704,254,474",제 30 기1분기,2015.01.01 ~ 2015.03.31,"50,560,406,885","50,560,406,885",,,,23
20160516001449,2016,019170,11013,영업이익,CFS,연결재무제표,IS,손익계산서,제 31 기1분기,2016.01.01 ~ 2016.03.31,"2,291,261,234","2,291,261,234",제 30 기1분기,2015.01.01 ~ 2015.03.31,"1,751,120,644","1,751,120,644",,,,25
20160516001449,2016,019170,11013,법인세차감전 순이익,CFS,연결재무제표,IS,손익계산서,제 31 기1분기,2016.01.01 ~ 2016.03.31,"274,470,202","274,470,202",제 30 기1분기,2015.01.01 ~ 2015.03.31,"219,247,585","219,247,585",,,,27
20160516001449,2016,019170,11013,당기순이익,CFS,연결재무제표,IS,손익계산서,제 31 기1분기,2016.01.01 ~ 2016.03.31,"164,410,345","164,410,345",제 30 기1분기,2015.01.01 ~ 2015.03.31,"-35,369,888","-35,369,888",,,,29
20160516001449,2016,019170,11013,유동자산,OFS,재무제표,BS,재무상태표,제 31 기1분기말,2016.03.31 현재,"207,181,723,435",,제 30 기말,2015.12.31 현재,"210,815,696,508",,,,,2
20160516001449,2016,019170,11013,비유동자산,OFS,재무제표,BS,재무상태표,제 31 기1분기말,2016.03.31 현재,"189,821,122,548",,제 30 기말,2015.12.31 현재,"191,723,249,006",,,,,4
20160516001449,2016,019170,11013,자산총계,OFS,재무제표,BS,재무상태표,제 31 기1분기말,2016.03.31 현재,"397,002,845,983",,제 30 기말,2015.12.31 현재,"402,538,945,514",,,,,6
20160516001449,2016,019170,11013,유동부채,OFS,재무제표,BS,재무상태표,제 31 기1분기말,2016.03.31 현재,"174,624,280,122",,제 30 기말,2015.12.31 현재,"182,659,569,739",,,,,8
20160516001449,2016,019170,11013,비유동부채,OFS,재무제표,BS,재무상태표,제 31 기1분기말,2016.03.31 현재,"33,706,545,214",,제 30 기말,2015.12.31 현재,"31,623,975,374",,,,,10
20160516001449,2016,019170,11013,부채총계,OFS,재무제표,BS,재무상태표,제 31 기1분기말,2016.03.31 현재,"208,330,825,336",,제 30 기말,2015.12.31 현재,"214,283,545,113",,,,,12
20160516001449,2016,019170,11013,이익잉여금,OFS,재무제표,BS,재무상태표,제 31 기1분기말,2016.03.31 현재,"151,767,389,616",,제 30 기말,2015.12.31 현재,"151,446,018,099",,,,,19
20160516001449,2016,019170,11013,자본총계,OFS,재무제표,BS,재무상태표,제 31 기1분기말,2016.03.31 현재,"188,672,020,647",,제 30 기말,2015.12.31 현재,"188,255,400,401",,,,,22
20160516001449,2016,019170,11013,매출액,OFS,재무제표,IS,손익계산서,제 31 기1분기,2016.01.01 ~ 2016.03.31,"44,789,581,179","44,789,581,179",제 30 기1분기,2015.01.01 ~ 2015.03.31,"49,966,401,889","49,966,401,889",,,,24
20160516001449,2016,019170,11013,영업이익,OFS,재무제표,IS,손익계산서,제 31 기1분기,2016.01.01 ~ 2016.03.31,"2,156,477,315","2,156,477,315",제 30 기1분기,2015.01.01 ~ 2015.03.31,"2,683,031,313","2,683,031,313",,,,26
20160516001449,2016,019170,11013,법인세차감전 순이익,OFS,재무제표,IS,손익계산서,제 31 기1분기,2016.01.01 ~ 2016.03.31,"423,972,977","423,972,977",제 30 기1분기,2015.01.01 ~ 2015.03.31,"1,308,992,371","1,308,992,371",,,,28
20160516001449,2016,019170,11013,당기순이익,OFS,재무제표,IS,손익계산서,제 31 기1분기,2016.01.01 ~ 2016.03.31,"321,371,517","321,371,517",제 30 기1분기,2015.01.01 ~ 2015.03.31,"997,949,108","997,949,108",,,,30
20160816000569,2016,019170,11012,유동자산,CFS,연결재무제표,BS,재무상태표,제 31 기반기말,2016.06.30 현재,"244,506,692,307",,제 30 기말,2015.12.31 현재,"218,856,872,846",,,,,1
20160816000569,2016,019170,11012,비유동자산,CFS,연결재무제표,BS,재무상태표,제 31 기반기말,2016.06.30 현재,"185,344,671,459",,제 30 기말,2015.12.31 현재,"191,873,367,079",,,,,3
20160816000569,2016,019170,11012,자산총계,CFS,연결재무제표,BS,재무상태표,제 31 기반기말,2016.06.30 현재,"429,851,363,766",,제 30 기말,2015.12.31 현재,"410,730,239,925",,,,,5
20160816000569,2016,019170,11012,유동부채,CFS,연결재무제표,BS,재무상태표,제 31 기반기말,2016.06.30 현재,"161,279,699,114",,제 30 기말,2015.12.31 현재,"184,244,913,884",,,,,7
20160816000569,2016,019170,11012,비유동부채,CFS,연결재무제표,BS,재무상태표,제 31 기반기말,2016.06.30 현재,"33,697,991,587",,제 30 기말,2015.12.31 현재,"31,623,975,374",,,,,9
20160816000569,2016,019170,11012,부채총계,CFS,연결재무제표,BS,재무상태표,제 31 기반기말,2016.06.30 현재,"194,977,690,701",,제 30 기말,2015.12.31 현재,"215,868,889,258",,,,,11
20160816000569,2016,019170,11012,이익잉여금,CFS,연결재무제표,BS,재무상태표,제 31 기반기말,2016.06.30 현재,"164,793,831,710",,제 30 기말,2015.12.31 현재,"162,242,882,403",,,,,17
20160816000569,2016,019170,11012,자본총계,CFS,연결재무제표,BS,재무상태표,제 31 기반기말,2016.06.30 현재,"234,873,673,065",,제 30 기말,2015.12.31 현재,"194,861,350,667",,,,,21
20160816000569,2016,019170,11012,매출액,CFS,연결재무제표,IS,손익계산서,제 31 기반기,2016.01.01 ~ 2016.06.30,"51,507,920,499","99,212,174,973",제 30 기반기,2015.01.01 ~ 2015.06.30,"46,862,802,732","97,423,209,617",,,,23
20160816000569,2016,019170,11012,영업이익,CFS,연결재무제표,IS,손익계산서,제 31 기반기,2016.01.01 ~ 2016.06.30,"985,334,674","3,276,595,908",제 30 기반기,2015.01.01 ~ 2015.06.30,"-892,029,106","859,091,538",,,,25
20160816000569,2016,019170,11012,법인세차감전 순이익,CFS,연결재무제표,IS,손익계산서,제 31 기반기,2016.01.01 ~ 2016.06.30,"3,064,069,032","3,338,539,234",제 30 기반기,2015.01.01 ~ 2015.06.30,"-2,071,585,670","-1,852,338,085",,,,27
20160816000569,2016,019170,11012,당기순이익,CFS,연결재무제표,IS,손익계산서,제 31 기반기,2016.01.01 ~ 2016.06.30,"2,394,937,554","2,559,347,899",제 30 기반기,2015.01.01 ~ 2015.06.30,"-1,993,675,460","-2,029,045,348",,,,29
20160816000569,2016,019170,11012,유동자산,OFS,재무제표,BS,재무상태표,제 31 기반기말,2016.06.30 현재,"235,187,476,278",,제 30 기말,2015.12.31 현재,"210,815,696,508",,,,,2
20160816000569,2016,019170,11012,비유동자산,OFS,재무제표,BS,재무상태표,제 31 기반기말,2016.06.30 현재,"185,980,158,078",,제 30 기말,2015.12.31 현재,"191,723,249,006",,,,,4
20160816000569,2016,019170,11012,자산총계,OFS,재무제표,BS,재무상태표,제 31 기반기말,2016.06.30 현재,"421,167,634,356",,제 30 기말,2015.12.31 현재,"402,538,945,514",,,,,6
20160816000569,2016,019170,11012,유동부채,OFS,재무제표,BS,재무상태표,제 31 기반기말,2016.06.30 현재,"159,364,711,850",,제 30 기말,2015.12.31 현재,"182,659,569,739",,,,,8
20160816000569,2016,019170,11012,비유동부채,OFS,재무제표,BS,재무상태표,제 31 기반기말,2016.06.30 현재,"33,697,991,587",,제 30 기말,2015.12.31 현재,"31,623,975,374",,,,,10
20160816000569,2016,019170,11012,부채총계,OFS,재무제표,BS,재무상태표,제 31 기반기말,2016.06.30 현재,"193,062,703,437",,제 30 기말,2015.12.31 현재,"214,283,545,113",,,,,12
20160816000569,2016,019170,11012,이익잉여금,OFS,재무제표,BS,재무상태표,제 31 기반기말,2016.06.30 현재,"153,585,234,478",,제 30 기말,2015.12.31 현재,"151,446,018,099",,,,,19
20160816000569,2016,019170,11012,자본총계,OFS,재무제표,BS,재무상태표,제 31 기반기말,2016.06.30 현재,"228,104,930,919",,제 30 기말,2015.12.31 현재,"188,255,400,401",,,,,22
20160816000569,2016,019170,11012,매출액,OFS,재무제표,IS,손익계산서,제 31 기반기,2016.01.01 ~ 2016.06.30,"47,955,934,643","92,745,515,822",제 30 기반기,2015.01.01 ~ 2015.06.30,"43,907,500,931","93,873,902,820",,,,24
20160816000569,2016,019170,11012,영업이익,OFS,재무제표,IS,손익계산서,제 31 기반기,2016.01.01 ~ 2016.06.30,"576,329,434","2,732,806,749",제 30 기반기,2015.01.01 ~ 2015.06.30,"-1,306,058,295","1,376,973,018",,,,26
20160816000569,2016,019170,11012,법인세차감전 순이익,OFS,재무제표,IS,손익계산서,제 31 기반기,2016.01.01 ~ 2016.06.30,"2,464,380,962","2,888,353,939",제 30 기반기,2015.01.01 ~ 2015.06.30,"-2,577,685,274","-1,268,692,903",,,,28
20160816000569,2016,019170,11012,당기순이익,OFS,재무제표,IS,손익계산서,제 31 기반기,2016.01.01 ~ 2016.06.30,"1,817,844,862","2,139,216,379",제 30 기반기,2015.01.01 ~ 2015.06.30,"-2,406,160,190","-1,408,211,082",,,,30
20161114000618,2016,019170,11014,유동자산,CFS,연결재무제표,BS,재무상태표,제 31 기3분기말,2016.09.30 현재,"240,622,096,067",,제 30 기말,2015.12.31 현재,"218,856,872,846",,,,,1
20161114000618,2016,019170,11014,비유동자산,CFS,연결재무제표,BS,재무상태표,제 31 기3분기말,2016.09.30 현재,"182,256,116,533",,제 30 기말,2015.12.31 현재,"191,873,367,079",,,,,3
20161114000618,2016,019170,11014,자산총계,CFS,연결재무제표,BS,재무상태표,제 31 기3분기말,2016.09.30 현재,"422,878,212,600",,제 30 기말,2015.12.31 현재,"410,730,239,925",,,,,5
20161114000618,2016,019170,11014,유동부채,CFS,연결재무제표,BS,재무상태표,제 31 기3분기말,2016.09.30 현재,"152,770,185,404",,제 30 기말,2015.12.31 현재,"184,244,913,884",,,,,7
20161114000618,2016,019170,11014,비유동부채,CFS,연결재무제표,BS,재무상태표,제 31 기3분기말,2016.09.30 현재,"36,588,500,749",,제 30 기말,2015.12.31 현재,"31,623,975,374",,,,,9
20161114000618,2016,019170,11014,부채총계,CFS,연결재무제표,BS,재무상태표,제 31 기3분기말,2016.09.30 현재,"189,358,686,153",,제 30 기말,2015.12.31 현재,"215,868,889,258",,,,,11
20161114000618,2016,019170,11014,이익잉여금,CFS,연결재무제표,BS,재무상태표,제 31 기3분기말,2016.09.30 현재,"164,434,642,626",,제 30 기말,2015.12.31 현재,"162,242,882,403",,,,,17
20161114000618,2016,019170,11014,자본총계,CFS,연결재무제표,BS,재무상태표,제 31 기3분기말,2016.09.30 현재,"233,519,526,447",,제 30 기말,2015.12.31 현재,"194,861,350,667",,,,,21
20161114000618,2016,019170,11014,매출액,CFS,연결재무제표,IS,손익계산서,제 31 기3분기,2016.01.01 ~ 2016.09.30,"48,781,566,699","147,993,741,672",제 30 기3분기,2015.01.01 ~ 2015.09.30,"46,537,361,939","143,960,571,556",,,,23
20161114000618,2016,019170,11014,영업이익,CFS,연결재무제표,IS,손익계산서,제 31 기3분기,2016.01.01 ~ 2016.09.30,"2,092,029,464","5,368,625,372",제 30 기3분기,2015.01.01 ~ 2015.09.30,"724,954,203","1,584,045,741",,,,25
20161114000618,2016,019170,11014,법인세차감전 순이익,CFS,연결재무제표,IS,손익계산서,제 31 기3분기,2016.01.01 ~ 2016.09.30,"27,961,349","3,366,500,583",제 30 기3분기,2015.01.01 ~ 2015.09.30,"250,792,727","-1,601,545,358",,,,27
20161114000618,2016,019170,11014,당기순이익,CFS,연결재무제표,IS,손익계산서,제 31 기3분기,2016.01.01 ~ 2016.09.30,"-363,198,924","2,196,148,975",제 30 기3분기,2015.01.01 ~ 2015.09.30,"50,883,258","-1,978,162,090",,,,29
20161114000618,2016,019170,11014,유동자산,OFS,재무제표,BS,재무상태표,제 31 기3분기말,2016.09.30 현재,"232,740,029,583",,제 30 기말,2015.12.31 현재,"210,815,696,508",,,,,2
20161114000618,2016,019170,11014,비유동자산,OFS,재무제표,BS,재무상태표,제 31 기3분기말,2016.09.30 현재,"183,710,113,836",,제 30 기말,2015.12.31 현재,"191,723,249,006",,,,,4
20161114000618,2016,019170,11014,자산총계,OFS,재무제표,BS,재무상태표,제 31 기3분기말,2016.09.30 현재,"416,450,143,419",,제 30 기말,2015.12.31 현재,"402,538,945,514",,,,,6
20161114000618,2016,019170,11014,유동부채,OFS,재무제표,BS,재무상태표,제 31 기3분기말,2016.09.30 현재,"151,512,942,353",,제 30 기말,2015.12.31 현재,"182,659,569,739",,,,,8
20161114000618,2016,019170,11014,비유동부채,OFS,재무제표,BS,재무상태표,제 31 기3분기말,2016.09.30 현재,"36,588,500,749",,제 30 기말,2015.12.31 현재,"31,623,975,374",,,,,10
20161114000618,2016,019170,11014,부채총계,OFS,재무제표,BS,재무상태표,제 31 기3분기말,2016.09.30 현재,"188,101,443,102",,제 30 기말,2015.12.31 현재,"214,283,545,113",,,,,12
20161114000618,2016,019170,11014,이익잉여금,OFS,재무제표,BS,재무상태표,제 31 기3분기말,2016.09.30 현재,"154,005,662,566",,제 30 기말,2015.12.31 현재,"151,446,018,099",,,,,19
20161114000618,2016,019170,11014,자본총계,OFS,재무제표,BS,재무상태표,제 31 기3분기말,2016.09.30 현재,"228,348,700,317",,제 30 기말,2015.12.31 현재,"188,255,400,401",,,,,22
20161114000618,2016,019170,11014,매출액,OFS,재무제표,IS,손익계산서,제 31 기3분기,2016.01.01 ~ 2016.09.30,"45,743,256,683","138,488,772,505",제 30 기3분기,2015.01.01 ~ 2015.09.30,"44,584,654,022","138,458,556,842",,,,24
20161114000618,2016,019170,11014,영업이익,OFS,재무제표,IS,손익계산서,제 31 기3분기,2016.01.01 ~ 2016.09.30,"2,084,306,479","4,817,113,228",제 30 기3분기,2015.01.01 ~ 2015.09.30,"691,191,052","2,068,164,070",,,,26
20161114000618,2016,019170,11014,법인세차감전 순이익,OFS,재무제표,IS,손익계산서,제 31 기3분기,2016.01.01 ~ 2016.09.30,"567,356,156","3,455,710,095",제 30 기3분기,2015.01.01 ~ 2015.09.30,"-133,450,527","-1,402,143,430",,,,28
20161114000618,2016,019170,11014,당기순이익,OFS,재무제표,IS,손익계산서,제 31 기3분기,2016.01.01 ~ 2016.09.30,"420,428,088","2,559,644,467",제 30 기3분기,2015.01.01 ~ 2015.09.30,"-342,951,539","-1,751,162,621",,,,30
20170331000351,2016,019170,11011,유동자산,CFS,연결재무제표,BS,재무상태표,제 31 기,2016.12.31 현재,"235,778,453,111",,제 30 기,2015.12.31 현재,"218,856,872,846",,제 29 기,2014.12.31 현재,"211,321,483,076",1
20170331000351,2016,019170,11011,비유동자산,CFS,연결재무제표,BS,재무상태표,제 31 기,2016.12.31 현재,"180,709,884,876",,제 30 기,2015.12.31 현재,"191,873,367,079",,제 29 기,2014.12.31 현재,"197,973,961,228",3
20170331000351,2016,019170,11011,자산총계,CFS,연결재무제표,BS,재무상태표,제 31 기,2016.12.31 현재,"416,488,337,987",,제 30 기,2015.12.31 현재,"410,730,239,925",,제 29 기,2014.12.31 현재,"409,295,444,304",5
20170331000351,2016,019170,11011,유동부채,CFS,연결재무제표,BS,재무상태표,제 31 기,2016.12.31 현재,"167,017,657,148",,제 30 기,2015.12.31 현재,"184,244,913,884",,제 29 기,2014.12.31 현재,"180,509,225,369",7
20170331000351,2016,019170,11011,비유동부채,CFS,연결재무제표,BS,재무상태표,제 31 기,2016.12.31 현재,"32,621,868,334",,제 30 기,2015.12.31 현재,"31,623,975,374",,제 29 기,2014.12.31 현재,"37,271,843,717",9
20170331000351,2016,019170,11011,부채총계,CFS,연결재무제표,BS,재무상태표,제 31 기,2016.12.31 현재,"199,639,525,482",,제 30 기,2015.12.31 현재,"215,868,889,258",,제 29 기,2014.12.31 현재,"217,781,069,086",11
20170331000351,2016,019170,11011,이익잉여금,CFS,연결재무제표,BS,재무상태표,제 31 기,2016.12.31 현재,"146,603,546,836",,제 30 기,2015.12.31 현재,"162,242,882,403",,제 29 기,2014.12.31 현재,"162,881,584,660",17
20170331000351,2016,019170,11011,자본총계,CFS,연결재무제표,BS,재무상태표,제 31 기,2016.12.31 현재,"216,848,812,505",,제 30 기,2015.12.31 현재,"194,861,350,667",,제 29 기,2014.12.31 현재,"191,514,375,218",21
20170331000351,2016,019170,11011,매출액,CFS,연결재무제표,IS,손익계산서,제 31 기,2016.01.01 ~ 2016.12.31,"194,147,337,499",,제 30 기,2015.01.01 ~ 2015.12.31,"195,950,486,358",,제 29 기,2014.01.01 ~ 2014.12.31,"220,291,937,934",23
20170331000351,2016,019170,11011,영업이익,CFS,연결재무제표,IS,손익계산서,제 31 기,2016.01.01 ~ 2016.12.31,"9,568,467,815",,제 30 기,2015.01.01 ~ 2015.12.31,"4,235,609,236",,제 29 기,2014.01.01 ~ 2014.12.31,"19,251,751,472",25
20170331000351,2016,019170,11011,법인세차감전 순이익,CFS,연결재무제표,IS,손익계산서,제 31 기,2016.01.01 ~ 2016.12.31,"-3,703,166,743",,제 30 기,2015.01.01 ~ 2015.12.31,"2,165,476,530",,제 29 기,2014.01.01 ~ 2014.12.31,"13,506,716,402",27
20170331000351,2016,019170,11011,당기순이익,CFS,연결재무제표,IS,손익계산서,제 31 기,2016.01.01 ~ 2016.12.31,"-18,598,232,774",,제 30 기,2015.01.01 ~ 2015.12.31,"1,476,677,921",,제 29 기,2014.01.01 ~ 2014.12.31,"3,354,194,148",29
20170331000351,2016,019170,11011,유동자산,OFS,재무제표,BS,재무상태표,제 31 기,2016.12.31 현재,"227,441,097,949",,제 30 기,2015.12.31 현재,"210,815,696,508",,제 29 기,2014.12.31 현재,"205,917,940,926",2
20170331000351,2016,019170,11011,비유동자산,OFS,재무제표,BS,재무상태표,제 31 기,2016.12.31 현재,"181,910,787,401",,제 30 기,2015.12.31 현재,"191,723,249,006",,제 29 기,2014.12.31 현재,"195,954,823,734",4
20170331000351,2016,019170,11011,자산총계,OFS,재무제표,BS,재무상태표,제 31 기,2016.12.31 현재,"409,351,885,350",,제 30 기,2015.12.31 현재,"402,538,945,514",,제 29 기,2014.12.31 현재,"401,872,764,660",6
20170331000351,2016,019170,11011,유동부채,OFS,재무제표,BS,재무상태표,제 31 기,2016.12.31 현재,"165,505,940,379",,제 30 기,2015.12.31 현재,"182,659,569,739",,제 29 기,2014.12.31 현재,"179,115,865,108",8
20170331000351,2016,019170,11011,비유동부채,OFS,재무제표,BS,재무상태표,제 31 기,2016.12.31 현재,"32,621,868,334",,제 30 기,2015.12.31 현재,"31,623,975,374",,제 29 기,2014.12.31 현재,"37,271,843,717",10
20170331000351,2016,019170,11011,부채총계,OFS,재무제표,BS,재무상태표,제 31 기,2016.12.31 현재,"198,127,808,713",,제 30 기,2015.12.31 현재,"214,283,545,113",,제 29 기,2014.12.31 현재,"216,387,708,825",12
20170331000351,2016,019170,11011,이익잉여금,OFS,재무제표,BS,재무상태표,제 31 기,2016.12.31 현재,"136,842,085,842",,제 30 기,2015.12.31 현재,"151,446,018,099",,제 29 기,2014.12.31 현재,"152,424,407,498",19
20170331000351,2016,019170,11011,자본총계,OFS,재무제표,BS,재무상태표,제 31 기,2016.12.31 현재,"211,224,076,637",,제 30 기,2015.12.31 현재,"188,255,400,401",,제 29 기,2014.12.31 현재,"185,485,055,835",22
20170331000351,2016,019170,11011,매출액,OFS,재무제표,IS,손익계산서,제 31 기,2016.01.01 ~ 2016.12.31,"182,275,831,595",,제 30 기,2015.01.01 ~ 2015.12.31,"185,478,014,927",,제 29 기,2014.01.01 ~ 2014.12.31,"209,583,526,314",24
20170331000351,2016,019170,11011,영업이익,OFS,재무제표,IS,손익계산서,제 31 기,2016.01.01 ~ 2016.12.31,"9,000,764,284",,제 30 기,2015.01.01 ~ 2015.12.31,"3,725,437,863",,제 29 기,2014.01.01 ~ 2014.12.31,"19,995,620,470",26
20170331000351,2016,019170,11011,법인세차감전 순이익,OFS,재무제표,IS,손익계산서,제 31 기,2016.01.01 ~ 2016.12.31,"-3,074,256,467",,제 30 기,2015.01.01 ~ 2015.12.31,"1,559,623,724",,제 29 기,2014.01.01 ~ 2014.12.31,"12,890,863,433",28
20170331000351,2016,019170,11011,당기순이익,OFS,재무제표,IS,손익계산서,제 31 기,2016.01.01 ~ 2016.12.31,"-17,556,296,183",,제 30 기,2015.01.01 ~ 2015.12.31,"1,136,528,865",,제 29 기,2014.01.01 ~ 2014.12.31,"2,795,502,764",30
20170515002115,2017,019170,11013,유동자산,CFS,연결재무제표,BS,재무상태표,제 32 기1분기말,2017.03.31 현재,"224,126,818,783",,제 31 기말,2016.12.31 현재,"235,778,453,111",,,,,1
20170515002115,2017,019170,11013,비유동자산,CFS,연결재무제표,BS,재무상태표,제 32 기1분기말,2017.03.31 현재,"178,450,973,246",,제 31 기말,2016.12.31 현재,"180,709,884,876",,,,,3
20170515002115,2017,019170,11013,자산총계,CFS,연결재무제표,BS,재무상태표,제 32 기1분기말,2017.03.31 현재,"402,577,792,029",,제 31 기말,2016.12.31 현재,"416,488,337,987",,,,,5
20170515002115,2017,019170,11013,유동부채,CFS,연결재무제표,BS,재무상태표,제 32 기1분기말,2017.03.31 현재,"152,177,881,600",,제 31 기말,2016.12.31 현재,"167,017,657,148",,,,,7
20170515002115,2017,019170,11013,비유동부채,CFS,연결재무제표,BS,재무상태표,제 32 기1분기말,2017.03.31 현재,"34,295,353,154",,제 31 기말,2016.12.31 현재,"32,621,868,334",,,,,9
20170515002115,2017,019170,11013,부채총계,CFS,연결재무제표,BS,재무상태표,제 32 기1분기말,2017.03.31 현재,"186,473,234,754",,제 31 기말,2016.12.31 현재,"199,639,525,482",,,,,11
20170515002115,2017,019170,11013,이익잉여금,CFS,연결재무제표,BS,재무상태표,제 32 기1분기말,2017.03.31 현재,"147,898,761,426",,제 31 기말,2016.12.31 현재,"146,603,546,836",,,,,17
20170515002115,2017,019170,11013,자본총계,CFS,연결재무제표,BS,재무상태표,제 32 기1분기말,2017.03.31 현재,"216,104,557,275",,제 31 기말,2016.12.31 현재,"216,848,812,505",,,,,21
20170515002115,2017,019170,11013,매출액,CFS,연결재무제표,IS,손익계산서,제 32 기1분기,2017.01.01 ~ 2017.03.31,"46,637,588,454","46,637,588,454",제 31 기1분기,2016.01.01 ~ 2016.03.31,"47,704,254,474","47,704,254,474",,,,23
20170515002115,2017,019170,11013,영업이익,CFS,연결재무제표,IS,손익계산서,제 32 기1분기,2017.01.01 ~ 2017.03.31,"3,193,880,615","3,193,880,615",제 31 기1분기,2016.01.01 ~ 2016.03.31,"2,291,261,234","2,291,261,234",,,,25
20170515002115,2017,019170,11013,법인세차감전 순이익,CFS,연결재무제표,IS,손익계산서,제 32 기1분기,2017.01.01 ~ 2017.03.31,"1,808,028,378","1,808,028,378",제 31 기1분기,2016.01.01 ~ 2016.03.31,"274,470,202","274,470,202",,,,27
20170515002115,2017,019170,11013,당기순이익,CFS,연결재무제표,IS,손익계산서,제 32 기1분기,2017.01.01 ~ 2017.03.31,"1,297,131,075","1,297,131,075",제 31 기1분기,2016.01.01 ~ 2016.03.31,"164,410,345","164,410,345",,,,29
20170515002115,2017,019170,11013,유동자산,OFS,재무제표,BS,재무상태표,제 32 기1분기말,2017.03.31 현재,"216,758,928,219",,제 31 기말,2016.12.31 현재,"227,441,097,949",,,,,2
20170515002115,2017,019170,11013,비유동자산,OFS,재무제표,BS,재무상태표,제 32 기1분기말,2017.03.31 현재,"180,672,969,313",,제 31 기말,2016.12.31 현재,"181,910,787,401",,,,,4
20170515002115,2017,019170,11013,자산총계,OFS,재무제표,BS,재무상태표,제 32 기1분기말,2017.03.31 현재,"397,431,897,532",,제 31 기말,2016.12.31 현재,"409,351,885,350",,,,,6
20170515002115,2017,019170,11013,유동부채,OFS,재무제표,BS,재무상태표,제 32 기1분기말,2017.03.31 현재,"150,982,712,488",,제 31 기말,2016.12.31 현재,"165,505,940,379",,,,,8
20170515002115,2017,019170,11013,비유동부채,OFS,재무제표,BS,재무상태표,제 32 기1분기말,2017.03.31 현재,"34,295,353,154",,제 31 기말,2016.12.31 현재,"32,621,868,334",,,,,10
20170515002115,2017,019170,11013,부채총계,OFS,재무제표,BS,재무상태표,제 32 기1분기말,2017.03.31 현재,"185,278,065,642",,제 31 기말,2016.12.31 현재,"198,127,808,713",,,,,12
20170515002115,2017,019170,11013,이익잉여금,OFS,재무제표,BS,재무상태표,제 32 기1분기말,2017.03.31 현재,"137,803,529,999",,제 31 기말,2016.12.31 현재,"136,842,085,842",,,,,19
20170515002115,2017,019170,11013,자본총계,OFS,재무제표,BS,재무상태표,제 32 기1분기말,2017.03.31 현재,"212,153,831,890",,제 31 기말,2016.12.31 현재,"211,224,076,637",,,,,22
20170515002115,2017,019170,11013,매출액,OFS,재무제표,IS,손익계산서,제 32 기1분기,2017.01.01 ~ 2017.03.31,"44,532,164,671","44,532,164,671",제 31 기1분기,2016.01.01 ~ 2016.03.31,"44,789,581,179","44,789,581,179",,,,24
20170515002115,2017,019170,11013,영업이익,OFS,재무제표,IS,손익계산서,제 32 기1분기,2017.01.01 ~ 2017.03.31,"3,342,875,207","3,342,875,207",제 31 기1분기,2016.01.01 ~ 2016.03.31,"2,156,477,315","2,156,477,315",,,,26
20170515002115,2017,019170,11013,법인세차감전 순이익,OFS,재무제표,IS,손익계산서,제 32 기1분기,2017.01.01 ~ 2017.03.31,"1,281,925,543","1,281,925,543",제 31 기1분기,2016.01.01 ~ 2016.03.31,"423,972,977","423,972,977",,,,28
20170515002115,2017,019170,11013,당기순이익,OFS,재무제표,IS,손익계산서,제 32 기1분기,2017.01.01 ~ 2017.03.31,"961,444,157","961,444,157",제 31 기1분기,2016.01.01 ~ 2016.03.31,"321,371,517","321,371,517",,,,30
20170814000659,2017,019170,11012,유동자산,CFS,연결재무제표,BS,재무상태표,제 32 기반기말,2017.06.30 현재,"223,337,778,078",,제 31 기말,2016.12.31 현재,"235,778,453,111",,,,,1
20170814000659,2017,019170,11012,비유동자산,CFS,연결재무제표,BS,재무상태표,제 32 기반기말,2017.06.30 현재,"177,342,376,827",,제 31 기말,2016.12.31 현재,"180,709,884,876",,,,,3
20170814000659,2017,019170,11012,자산총계,CFS,연결재무제표,BS,재무상태표,제 32 기반기말,2017.06.30 현재,"400,680,154,905",,제 31 기말,2016.12.31 현재,"416,488,337,987",,,,,5
20170814000659,2017,019170,11012,유동부채,CFS,연결재무제표,BS,재무상태표,제 32 기반기말,2017.06.30 현재,"145,074,481,898",,제 31 기말,2016.12.31 현재,"167,017,657,148",,,,,7
20170814000659,2017,019170,11012,비유동부채,CFS,연결재무제표,BS,재무상태표,제 32 기반기말,2017.06.30 현재,"34,957,617,582",,제 31 기말,2016.12.31 현재,"32,621,868,334",,,,,9
20170814000659,2017,019170,11012,부채총계,CFS,연결재무제표,BS,재무상태표,제 32 기반기말,2017.06.30 현재,"180,032,099,480",,제 31 기말,2016.12.31 현재,"199,639,525,482",,,,,11
20170814000659,2017,019170,11012,이익잉여금,CFS,연결재무제표,BS,재무상태표,제 32 기반기말,2017.06.30 현재,"151,351,152,493",,제 31 기말,2016.12.31 현재,"146,603,546,836",,,,,17
20170814000659,2017,019170,11012,자본총계,CFS,연결재무제표,BS,재무상태표,제 32 기반기말,2017.06.30 현재,"220,648,055,425",,제 31 기말,2016.12.31 현재,"216,848,812,505",,,,,21
20170814000659,2017,019170,11012,매출액,CFS,연결재무제표,IS,손익계산서,제 32 기반기,2017.01.01 ~ 2017.06.30,"49,726,820,153","96,364,408,607",제 31 기반기,2016.01.01 ~ 2016.06.30,"51,507,920,499","99,212,174,973",,,,23
20170814000659,2017,019170,11012,영업이익,CFS,연결재무제표,IS,손익계산서,제 32 기반기,2017.01.01 ~ 2017.06.30,"4,122,134,576","7,316,015,191",제 31 기반기,2016.01.01 ~ 2016.06.30,"985,334,674","3,276,595,908",,,,25
20170814000659,2017,019170,11012,법인세차감전 순이익,CFS,연결재무제표,IS,손익계산서,제 32 기반기,2017.01.01 ~ 2017.06.30,"4,349,227,456","6,157,255,834",제 31 기반기,2016.01.01 ~ 2016.06.30,"3,064,069,032","3,338,539,234",,,,27
20170814000659,2017,019170,11012,당기순이익,CFS,연결재무제표,IS,손익계산서,제 32 기반기,2017.01.01 ~ 2017.06.30,"3,455,894,730","4,753,025,805",제 31 기반기,2016.01.01 ~ 2016.06.30,"2,394,937,554","2,559,347,899",,,,29
20170814000659,2017,019170,11012,유동자산,OFS,재무제표,BS,재무상태표,제 32 기반기말,2017.06.30 현재,"216,150,311,635",,제 31 기말,2016.12.31 현재,"227,441,097,949",,,,,2
20170814000659,2017,019170,11012,비유동자산,OFS,재무제표,BS,재무상태표,제 32 기반기말,2017.06.30 현재,"178,578,775,919",,제 31 기말,2016.12.31 현재,"181,910,787,401",,,,,4
20170814000659,2017,019170,11012,자산총계,OFS,재무제표,BS,재무상태표,제 32 기반기말,2017.06.30 현재,"394,729,087,554",,제 31 기말,2016.12.31 현재,"409,351,885,350",,,,,6
20170814000659,2017,019170,11012,유동부채,OFS,재무제표,BS,재무상태표,제 32 기반기말,2017.06.30 현재,"144,304,637,838",,제 31 기말,2016.12.31 현재,"165,505,940,379",,,,,8
20170814000659,2017,019170,11012,비유동부채,OFS,재무제표,BS,재무상태표,제 32 기반기말,2017.06.30 현재,"34,957,617,582",,제 31 기말,2016.12.31 현재,"32,621,868,334",,,,,10
20170814000659,2017,019170,11012,부채총계,OFS,재무제표,BS,재무상태표,제 32 기반기말,2017.06.30 현재,"179,262,255,420",,제 31 기말,2016.12.31 현재,"198,127,808,713",,,,,12
20170814000659,2017,019170,11012,이익잉여금,OFS,재무제표,BS,재무상태표,제 32 기반기말,2017.06.30 현재,"141,126,707,683",,제 31 기말,2016.12.31 현재,"136,842,085,842",,,,,19
20170814000659,2017,019170,11012,자본총계,OFS,재무제표,BS,재무상태표,제 32 기반기말,2017.06.30 현재,"215,466,832,134",,제 31 기말,2016.12.31 현재,"211,224,076,637",,,,,22
20170814000659,2017,019170,11012,매출액,OFS,재무제표,IS,손익계산서,제 32 기반기,2017.01.01 ~ 2017.06.30,"47,930,828,010","92,462,992,681",제 31 기반기,2016.01.01 ~ 2016.06.30,"47,955,934,643","92,745,515,822",,,,24
20170814000659,2017,019170,11012,영업이익,OFS,재무제표,IS,손익계산서,제 32 기반기,2017.01.01 ~ 2017.06.30,"4,171,134,948","7,514,010,155",제 31 기반기,2016.01.01 ~ 2016.06.30,"576,329,434","2,732,806,749",,,,26
20170814000659,2017,019170,11012,법인세차감전 순이익,OFS,재무제표,IS,손익계산서,제 32 기반기,2017.01.01 ~ 2017.06.30,"4,172,760,669","5,454,686,212",제 31 기반기,2016.01.01 ~ 2016.06.30,"2,464,380,962","2,888,353,939",,,,28
20170814000659,2017,019170,11012,당기순이익,OFS,재무제표,IS,손익계산서,제 32 기반기,2017.01.01 ~ 2017.06.30,"3,323,177,684","4,284,621,841",제 31 기반기,2016.01.01 ~ 2016.06.30,"1,817,844,862","2,139,216,379",,,,30
20171114001285,2017,019170,11014,유동자산,CFS,연결재무제표,BS,재무상태표,제 32 기3분기말,2017.09.30 현재,"222,624,141,826",,제 31 기말,2016.12.31 현재,"235,778,453,111",,,,,1
20171114001285,2017,019170,11014,비유동자산,CFS,연결재무제표,BS,재무상태표,제 32 기3분기말,2017.09.30 현재,"177,059,568,799",,제 31 기말,2016.12.31 현재,"180,709,884,876",,,,,3
20171114001285,2017,019170,11014,자산총계,CFS,연결재무제표,BS,재무상태표,제 32 기3분기말,2017.09.30 현재,"399,683,710,625",,제 31 기말,2016.12.31 현재,"416,488,337,987",,,,,5
20171114001285,2017,019170,11014,유동부채,CFS,연결재무제표,BS,재무상태표,제 32 기3분기말,2017.09.30 현재,"140,763,218,518",,제 31 기말,2016.12.31 현재,"167,017,657,148",,,,,7
20171114001285,2017,019170,11014,비유동부채,CFS,연결재무제표,BS,재무상태표,제 32 기3분기말,2017.09.30 현재,"35,178,404,030",,제 31 기말,2016.12.31 현재,"32,621,868,334",,,,,9
20171114001285,2017,019170,11014,부채총계,CFS,연결재무제표,BS,재무상태표,제 32 기3분기말,2017.09.30 현재,"175,941,622,548",,제 31 기말,2016.12.31 현재,"199,639,525,482",,,,,11
20171114001285,2017,019170,11014,자본금,CFS,연결재무제표,BS,재무상태표,제 32 기3분기말,2017.09.30 현재,"27,592,495,000",,제 31 기말,2016.12.31 현재,"27,592,495,000",,,,,13
20171114001285,2017,019170,11014,이익잉여금,CFS,연결재무제표,BS,재무상태표,제 32 기3분기말,2017.09.30 현재,"154,255,529,758",,제 31 기말,2016.12.31 현재,"146,603,546,836",,,,,17
20171114001285,2017,019170,11014,자본총계,CFS,연결재무제표,BS,재무상태표,제 32 기3분기말,2017.09.30 현재,"223,742,088,077",,제 31 기말,2016.12.31 현재,"216,848,812,505",,,,,21
20171114001285,2017,019170,11014,매출액,CFS,연결재무제표,IS,손익계산서,제 32 기3분기,2017.01.01 ~ 2017.09.30,"45,699,267,142","142,063,675,749",제 31 기3분기,2016.01.01 ~ 2016.09.30,"48,781,566,699","147,993,741,672",,,,23
20171114001285,2017,019170,11014,영업이익,CFS,연결재무제표,IS,손익계산서,제 32 기3분기,2017.01.01 ~ 2017.09.30,"2,667,610,723","9,983,625,914",제 31 기3분기,2016.01.01 ~ 2016.09.30,"2,092,029,464","5,368,625,372",,,,25
20171114001285,2017,019170,11014,법인세차감전 순이익,CFS,연결재무제표,IS,손익계산서,제 32 기3분기,2017.01.01 ~ 2017.09.30,"3,434,799,194","9,592,055,028",제 31 기3분기,2016.01.01 ~ 2016.09.30,"27,961,349","3,366,500,583",,,,27
20171114001285,2017,019170,11014,당기순이익,CFS,연결재무제표,IS,손익계산서,제 32 기3분기,2017.01.01 ~ 2017.09.30,"2,933,799,703","7,686,825,508",제 31 기3분기,2016.01.01 ~ 2016.09.30,"-363,198,924","2,196,148,975",,,,29
20171114001285,2017,019170,11014,유동자산,OFS,재무제표,BS,재무상태표,제 32 기3분기말,2017.09.30 현재,"214,096,325,600",,제 31 기말,2016.12.31 현재,"227,441,097,949",,,,,2
20171114001285,2017,019170,11014,비유동자산,OFS,재무제표,BS,재무상태표,제 32 기3분기말,2017.09.30 현재,"176,920,798,855",,제 31 기말,2016.12.31 현재,"181,910,787,401",,,,,4
20171114001285,2017,019170,11014,자산총계,OFS,재무제표,BS,재무상태표,제 32 기3분기말,2017.09.30 현재,"391,017,124,455",,제 31 기말,2016.12.31 현재,"409,351,885,350",,,,,6
20171114001285,2017,019170,11014,유동부채,OFS,재무제표,BS,재무상태표,제 32 기3분기말,2017.09.30 현재,"139,663,840,621",,제 31 기말,2016.12.31 현재,"165,505,940,379",,,,,8
20171114001285,2017,019170,11014,비유동부채,OFS,재무제표,BS,재무상태표,제 32 기3분기말,2017.09.30 현재,"35,178,404,030",,제 31 기말,2016.12.31 현재,"32,621,868,334",,,,,10
20171114001285,2017,019170,11014,부채총계,OFS,재무제표,BS,재무상태표,제 32 기3분기말,2017.09.30 현재,"174,842,244,651",,제 31 기말,2016.12.31 현재,"198,127,808,713",,,,,12
20171114001285,2017,019170,11014,자본금,OFS,재무제표,BS,재무상태표,제 32 기3분기말,2017.09.30 현재,"27,592,495,000",,제 31 기말,2016.12.31 현재,"27,592,495,000",,,,,15
20171114001285,2017,019170,11014,이익잉여금,OFS,재무제표,BS,재무상태표,제 32 기3분기말,2017.09.30 현재,"141,801,326,113",,제 31 기말,2016.12.31 현재,"136,842,085,842",,,,,19
20171114001285,2017,019170,11014,자본총계,OFS,재무제표,BS,재무상태표,제 32 기3분기말,2017.09.30 현재,"216,174,879,804",,제 31 기말,2016.12.31 현재,"211,224,076,637",,,,,22
20171114001285,2017,019170,11014,매출액,OFS,재무제표,IS,손익계산서,제 32 기3분기,2017.01.01 ~ 2017.09.30,"42,343,859,038","134,806,851,719",제 31 기3분기,2016.01.01 ~ 2016.09.30,"45,743,256,683","138,488,772,505",,,,24
20171114001285,2017,019170,11014,영업이익,OFS,재무제표,IS,손익계산서,제 32 기3분기,2017.01.01 ~ 2017.09.30,"1,558,954,592","9,072,964,747",제 31 기3분기,2016.01.01 ~ 2016.09.30,"2,084,306,479","4,817,113,228",,,,26
20171114001285,2017,019170,11014,법인세차감전 순이익,OFS,재무제표,IS,손익계산서,제 32 기3분기,2017.01.01 ~ 2017.09.30,"858,846,354","6,313,532,566",제 31 기3분기,2016.01.01 ~ 2016.09.30,"567,356,156","3,455,710,095",,,,28
20171114001285,2017,019170,11014,당기순이익,OFS,재무제표,IS,손익계산서,제 32 기3분기,2017.01.01 ~ 2017.09.30,"674,618,430","4,959,240,271",제 31 기3분기,2016.01.01 ~ 2016.09.30,"420,428,088","2,559,644,467",,,,30
20201016000303,2017,019170,11011,유동자산,CFS,연결재무제표,BS,재무상태표,제 32 기,2017.12.31 현재,"213,812,116,221",,제 31 기,2016.12.31 현재,"231,973,319,804",,제 30 기,2015.12.31 현재,"217,582,708,202",1
20201016000303,2017,019170,11011,비유동자산,CFS,연결재무제표,BS,재무상태표,제 32 기,2017.12.31 현재,"171,801,426,643",,제 31 기,2016.12.31 현재,"180,709,884,876",,제 30 기,2015.12.31 현재,"191,873,367,079",3
20201016000303,2017,019170,11011,자산총계,CFS,연결재무제표,BS,재무상태표,제 32 기,2017.12.31 현재,"385,613,542,864",,제 31 기,2016.12.31 현재,"412,683,204,680",,제 30 기,2015.12.31 현재,"409,456,075,281",5
20201016000303,2017,019170,11011,유동부채,CFS,연결재무제표,BS,재무상태표,제 32 기,2017.12.31 현재,"139,075,968,075",,제 31 기,2016.12.31 현재,"167,017,657,148",,제 30 기,2015.12.31 현재,"184,244,913,884",7
20201016000303,2017,019170,11011,비유동부채,CFS,연결재무제표,BS,재무상태표,제 32 기,2017.12.31 현재,"36,424,822,827",,제 31 기,2016.12.31 현재,"32,621,868,334",,제 30 기,2015.12.31 현재,"31,623,975,374",9
20201016000303,2017,019170,11011,부채총계,CFS,연결재무제표,BS,재무상태표,제 32 기,2017.12.31 현재,"175,500,790,902",,제 31 기,2016.12.31 현재,"199,639,525,482",,제 30 기,2015.12.31 현재,"215,868,889,258",11
20201016000303,2017,019170,11011,자본금,CFS,연결재무제표,BS,재무상태표,제 32 기,2017.12.31 현재,"27,592,495,000",,제 31 기,2016.12.31 현재,"27,592,495,000",,제 30 기,2015.12.31 현재,"23,709,000,000",13
20201016000303,2017,019170,11011,이익잉여금,CFS,연결재무제표,BS,재무상태표,제 32 기,2017.12.31 현재,"143,201,758,548",,제 31 기,2016.12.31 현재,"142,798,413,529",,제 30 기,2015.12.31 현재,"160,968,717,759",17
20201016000303,2017,019170,11011,자본총계,CFS,연결재무제표,BS,재무상태표,제 32 기,2017.12.31 현재,"210,112,751,962",,제 31 기,2016.12.31 현재,"213,043,679,198",,제 30 기,2015.12.31 현재,"193,587,186,023",21
20201016000303,2017,019170,11011,매출액,CFS,연결재무제표,IS,손익계산서,제 32 기,2017.01.01 ~ 2017.12.31,"184,998,400,345",,제 31 기,2016.01.01 ~ 2016.12.31,"194,147,337,499",,제 30 기,2015.01.01 ~ 2015.12.31,"195,950,486,358",23
20201016000303,2017,019170,11011,영업이익,CFS,연결재무제표,IS,손익계산서,제 32 기,2017.01.01 ~ 2017.12.31,"7,814,725,455",,제 31 기,2016.01.01 ~ 2016.12.31,"7,037,499,152",,제 30 기,2015.01.01 ~ 2015.12.31,"2,961,444,592",25
20201016000303,2017,019170,11011,법인세차감전 순이익,CFS,연결재무제표,IS,손익계산서,제 32 기,2017.01.01 ~ 2017.12.31,"1,700,923,243",,제 31 기,2016.01.01 ~ 2016.12.31,"-6,234,135,406",,제 30 기,2015.01.01 ~ 2015.12.31,"891,311,886",27
20201016000303,2017,019170,11011,당기순이익,CFS,연결재무제표,IS,손익계산서,제 32 기,2017.01.01 ~ 2017.12.31,"920,178,794",,제 31 기,2016.01.01 ~ 2016.12.31,"-21,129,201,437",,제 30 기,2015.01.01 ~ 2015.12.31,"202,513,277",29
20201016000303,2017,019170,11011,유동자산,OFS,재무제표,BS,재무상태표,제 32 기,2017.12.31 현재,"206,672,907,930",,제 31 기,2016.12.31 현재,"223,635,964,642",,제 30 기,2015.12.31 현재,"209,541,531,864",2
20201016000303,2017,019170,11011,비유동자산,OFS,재무제표,BS,재무상태표,제 32 기,2017.12.31 현재,"172,387,488,223",,제 31 기,2016.12.31 현재,"181,910,787,401",,제 30 기,2015.12.31 현재,"191,723,249,006",4
20201016000303,2017,019170,11011,자산총계,OFS,재무제표,BS,재무상태표,제 32 기,2017.12.31 현재,"379,060,396,153",,제 31 기,2016.12.31 현재,"405,546,752,043",,제 30 기,2015.12.31 현재,"401,264,780,870",6
20201016000303,2017,019170,11011,유동부채,OFS,재무제표,BS,재무상태표,제 32 기,2017.12.31 현재,"137,682,566,866",,제 31 기,2016.12.31 현재,"165,505,940,379",,제 30 기,2015.12.31 현재,"182,659,569,739",8
20201016000303,2017,019170,11011,비유동부채,OFS,재무제표,BS,재무상태표,제 32 기,2017.12.31 현재,"36,424,822,827",,제 31 기,2016.12.31 현재,"32,621,868,334",,제 30 기,2015.12.31 현재,"31,623,975,374",10
20201016000303,2017,019170,11011,부채총계,OFS,재무제표,BS,재무상태표,제 32 기,2017.12.31 현재,"174,107,389,693",,제 31 기,2016.12.31 현재,"198,127,808,713",,제 30 기,2015.12.31 현재,"214,283,545,113",12
20201016000303,2017,019170,11011,자본금,OFS,재무제표,BS,재무상태표,제 32 기,2017.12.31 현재,"27,592,495,000",,제 31 기,2016.12.31 현재,"27,592,495,000",,제 30 기,2015.12.31 현재,"23,709,000,000",15
20201016000303,2017,019170,11011,이익잉여금,OFS,재무제표,BS,재무상태표,제 32 기,2017.12.31 현재,"130,579,346,689",,제 31 기,2016.12.31 현재,"133,036,952,535",,제 30 기,2015.12.31 현재,"150,171,853,455",19
20201016000303,2017,019170,11011,자본총계,OFS,재무제표,BS,재무상태표,제 32 기,2017.12.31 현재,"204,953,006,460",,제 31 기,2016.12.31 현재,"207,418,943,330",,제 30 기,2015.12.31 현재,"186,981,235,757",22
20201016000303,2017,019170,11011,매출액,OFS,재무제표,IS,손익계산서,제 32 기,2017.01.01 ~ 2017.12.31,"175,637,535,813",,제 31 기,2016.01.01 ~ 2016.12.31,"182,275,831,595",,제 30 기,2015.01.01 ~ 2015.12.31,"185,478,014,927",24
20201016000303,2017,019170,11011,영업이익,OFS,재무제표,IS,손익계산서,제 32 기,2017.01.01 ~ 2017.12.31,"7,208,399,336",,제 31 기,2016.01.01 ~ 2016.12.31,"6,469,795,621",,제 30 기,2015.01.01 ~ 2015.12.31,"2,451,273,219",26
20201016000303,2017,019170,11011,법인세차감전 순이익,OFS,재무제표,IS,손익계산서,제 32 기,2017.01.01 ~ 2017.12.31,"-2,153,811,073",,제 31 기,2016.01.01 ~ 2016.12.31,"-5,605,225,130",,제 30 기,2015.01.01 ~ 2015.12.31,"285,459,080",28
20201016000303,2017,019170,11011,당기순이익,OFS,재무제표,IS,손익계산서,제 32 기,2017.01.01 ~ 2017.12.31,"-1,956,061,833",,제 31 기,2016.01.01 ~ 2016.12.31,"-20,087,264,846",,제 30 기,2015.01.01 ~ 2015.12.31,"-137,635,779",30
20180515001360,2018,019170,11013,유동자산,CFS,연결재무제표,BS,재무상태표,제 33 기1분기말,2018.03.31 현재,"218,821,072,358",,제 32 기말,2017.12.31 현재,"218,828,496,897",,,,,1
20180515001360,2018,019170,11013,비유동자산,CFS,연결재무제표,BS,재무상태표,제 33 기1분기말,2018.03.31 현재,"163,864,804,946",,제 32 기말,2017.12.31 현재,"171,801,426,643",,,,,3
20180515001360,2018,019170,11013,자산총계,CFS,연결재무제표,BS,재무상태표,제 33 기1분기말,2018.03.31 현재,"382,685,877,304",,제 32 기말,2017.12.31 현재,"390,629,923,540",,,,,5
20180515001360,2018,019170,11013,유동부채,CFS,연결재무제표,BS,재무상태표,제 33 기1분기말,2018.03.31 현재,"135,243,782,775",,제 32 기말,2017.12.31 현재,"139,075,968,075",,,,,7
20180515001360,2018,019170,11013,비유동부채,CFS,연결재무제표,BS,재무상태표,제 33 기1분기말,2018.03.31 현재,"37,761,893,765",,제 32 기말,2017.12.31 현재,"36,424,822,827",,,,,9
20180515001360,2018,019170,11013,부채총계,CFS,연결재무제표,BS,재무상태표,제 33 기1분기말,2018.03.31 현재,"173,005,676,540",,제 32 기말,2017.12.31 현재,"175,500,790,902",,,,,11
20180515001360,2018,019170,11013,자본금,CFS,연결재무제표,BS,재무상태표,제 33 기1분기말,2018.03.31 현재,"27,592,495,000",,제 32 기말,2017.12.31 현재,"27,592,495,000",,,,,13
20180515001360,2018,019170,11013,이익잉여금,CFS,연결재무제표,BS,재무상태표,제 33 기1분기말,2018.03.31 현재,"148,220,945,715",,제 32 기말,2017.12.31 현재,"148,218,139,224",,,,,17
20180515001360,2018,019170,11013,자본총계,CFS,연결재무제표,BS,재무상태표,제 33 기1분기말,2018.03.31 현재,"209,680,200,764",,제 32 기말,2017.12.31 현재,"215,129,132,638",,,,,21
20180515001360,2018,019170,11013,매출액,CFS,연결재무제표,IS,손익계산서,제 33 기1분기,2018.01.01 ~ 2018.03.31,"41,678,153,742","41,678,153,742",제 32 기1분기,2017.01.01 ~ 2017.03.31,"46,637,588,454","46,637,588,454",,,,23
20180515001360,2018,019170,11013,영업이익,CFS,연결재무제표,IS,손익계산서,제 33 기1분기,2018.01.01 ~ 2018.03.31,"1,239,173,766","1,239,173,766",제 32 기1분기,2017.01.01 ~ 2017.03.31,"3,193,880,615","3,193,880,615",,,,25
20180515001360,2018,019170,11013,법인세차감전 순이익,CFS,연결재무제표,IS,손익계산서,제 33 기1분기,2018.01.01 ~ 2018.03.31,"1,027,577,076","1,027,577,076",제 32 기1분기,2017.01.01 ~ 2017.03.31,"1,808,028,378","1,808,028,378",,,,27
20180515001360,2018,019170,11013,당기순이익,CFS,연결재무제표,IS,손익계산서,제 33 기1분기,2018.01.01 ~ 2018.03.31,"890,964,468","890,964,468",제 32 기1분기,2017.01.01 ~ 2017.03.31,"1,297,131,075","1,297,131,075",,,,29
20180515001360,2018,019170,11013,유동자산,OFS,재무제표,BS,재무상태표,제 33 기1분기말,2018.03.31 현재,"212,093,459,133",,제 32 기말,2017.12.31 현재,"211,689,288,606",,,,,2
20180515001360,2018,019170,11013,비유동자산,OFS,재무제표,BS,재무상태표,제 33 기1분기말,2018.03.31 현재,"170,067,281,305",,제 32 기말,2017.12.31 현재,"172,387,488,223",,,,,4
20180515001360,2018,019170,11013,자산총계,OFS,재무제표,BS,재무상태표,제 33 기1분기말,2018.03.31 현재,"382,160,740,438",,제 32 기말,2017.12.31 현재,"384,076,776,829",,,,,6
20180515001360,2018,019170,11013,유동부채,OFS,재무제표,BS,재무상태표,제 33 기1분기말,2018.03.31 현재,"134,575,333,633",,제 32 기말,2017.12.31 현재,"137,682,566,866",,,,,8
20180515001360,2018,019170,11013,비유동부채,OFS,재무제표,BS,재무상태표,제 33 기1분기말,2018.03.31 현재,"37,761,893,765",,제 32 기말,2017.12.31 현재,"36,424,822,827",,,,,10
20180515001360,2018,019170,11013,부채총계,OFS,재무제표,BS,재무상태표,제 33 기1분기말,2018.03.31 현재,"172,337,227,398",,제 32 기말,2017.12.31 현재,"174,107,389,693",,,,,12
20180515001360,2018,019170,11013,자본금,OFS,재무제표,BS,재무상태표,제 33 기1분기말,2018.03.31 현재,"27,592,495,000",,제 32 기말,2017.12.31 현재,"27,592,495,000",,,,,15
20180515001360,2018,019170,11013,이익잉여금,OFS,재무제표,BS,재무상태표,제 33 기1분기말,2018.03.31 현재,"135,022,863,641",,제 32 기말,2017.12.31 현재,"135,595,727,365",,,,,19
20180515001360,2018,019170,11013,자본총계,OFS,재무제표,BS,재무상태표,제 33 기1분기말,2018.03.31 현재,"209,823,513,040",,제 32 기말,2017.12.31 현재,"209,969,387,136",,,,,22
20180515001360,2018,019170,11013,매출액,OFS,재무제표,IS,손익계산서,제 33 기1분기,2018.01.01 ~ 2018.03.31,"39,954,821,533","39,954,821,533",제 32 기1분기,2017.01.01 ~ 2017.03.31,"44,532,164,671","44,532,164,671",,,,24
20180515001360,2018,019170,11013,영업이익,OFS,재무제표,IS,손익계산서,제 33 기1분기,2018.01.01 ~ 2018.03.31,"976,001,939","976,001,939",제 32 기1분기,2017.01.01 ~ 2017.03.31,"3,342,875,207","3,342,875,207",,,,26
20180515001360,2018,019170,11013,법인세차감전 순이익,OFS,재무제표,IS,손익계산서,제 33 기1분기,2018.01.01 ~ 2018.03.31,"389,587,774","389,587,774",제 32 기1분기,2017.01.01 ~ 2017.03.31,"1,281,925,543","1,281,925,543",,,,28
20180515001360,2018,019170,11013,당기순이익,OFS,재무제표,IS,손익계산서,제 33 기1분기,2018.01.01 ~ 2018.03.31,"303,878,464","303,878,464",제 32 기1분기,2017.01.01 ~ 2017.03.31,"961,444,157","961,444,157",,,,30
20180814001311,2018,019170,11012,유동자산,CFS,연결재무제표,BS,재무상태표,제 33 기반기말,2018.06.30 현재,"229,914,238,416",,제 32 기말,2017.12.31 현재,"218,828,496,897",,,,,1
20180814001311,2018,019170,11012,비유동자산,CFS,연결재무제표,BS,재무상태표,제 33 기반기말,2018.06.30 현재,"161,733,120,578",,제 32 기말,2017.12.31 현재,"171,801,426,643",,,,,3
20180814001311,2018,019170,11012,자산총계,CFS,연결재무제표,BS,재무상태표,제 33 기반기말,2018.06.30 현재,"391,647,358,994",,제 32 기말,2017.12.31 현재,"390,629,923,540",,,,,5
20180814001311,2018,019170,11012,유동부채,CFS,연결재무제표,BS,재무상태표,제 33 기반기말,2018.06.30 현재,"149,662,814,607",,제 32 기말,2017.12.31 현재,"139,075,968,075",,,,,7
20180814001311,2018,019170,11012,비유동부채,CFS,연결재무제표,BS,재무상태표,제 33 기반기말,2018.06.30 현재,"29,415,917,493",,제 32 기말,2017.12.31 현재,"36,424,822,827",,,,,9
20180814001311,2018,019170,11012,부채총계,CFS,연결재무제표,BS,재무상태표,제 33 기반기말,2018.06.30 현재,"179,078,732,100",,제 32 기말,2017.12.31 현재,"175,500,790,902",,,,,11
20180814001311,2018,019170,11012,자본금,CFS,연결재무제표,BS,재무상태표,제 33 기반기말,2018.06.30 현재,"27,592,495,000",,제 32 기말,2017.12.31 현재,"27,592,495,000",,,,,13
20180814001311,2018,019170,11012,이익잉여금,CFS,연결재무제표,BS,재무상태표,제 33 기반기말,2018.06.30 현재,"150,318,910,898",,제 32 기말,2017.12.31 현재,"148,218,139,224",,,,,17
20180814001311,2018,019170,11012,자본총계,CFS,연결재무제표,BS,재무상태표,제 33 기반기말,2018.06.30 현재,"212,568,626,894",,제 32 기말,2017.12.31 현재,"215,129,132,638",,,,,21
20180814001311,2018,019170,11012,매출액,CFS,연결재무제표,IS,손익계산서,제 33 기반기,2018.01.01 ~ 2018.06.30,"48,735,284,950","90,413,438,692",제 32 기반기,2017.01.01 ~ 2017.06.30,"49,726,820,153","96,364,408,607",,,,23
20180814001311,2018,019170,11012,영업이익,CFS,연결재무제표,IS,손익계산서,제 33 기반기,2018.01.01 ~ 2018.06.30,"2,521,070,594","3,760,244,360",제 32 기반기,2017.01.01 ~ 2017.06.30,"4,122,134,576","7,316,015,191",,,,25
20180814001311,2018,019170,11012,법인세차감전 순이익,CFS,연결재무제표,IS,손익계산서,제 33 기반기,2018.01.01 ~ 2018.06.30,"2,828,733,336","3,856,310,412",제 32 기반기,2017.01.01 ~ 2017.06.30,"4,349,227,456","6,157,255,834",,,,27
20180814001311,2018,019170,11012,당기순이익,CFS,연결재무제표,IS,손익계산서,제 33 기반기,2018.01.01 ~ 2018.06.30,"1,823,951,369","2,714,915,837",제 32 기반기,2017.01.01 ~ 2017.06.30,"3,455,894,730","4,753,025,805",,,,29
20180814001311,2018,019170,11012,유동자산,OFS,재무제표,BS,재무상태표,제 33 기반기말,2018.06.30 현재,"221,321,484,373",,제 32 기말,2017.12.31 현재,"211,689,288,606",,,,,2
20180814001311,2018,019170,11012,비유동자산,OFS,재무제표,BS,재무상태표,제 33 기반기말,2018.06.30 현재,"167,538,626,043",,제 32 기말,2017.12.31 현재,"172,387,488,223",,,,,4
20180814001311,2018,019170,11012,자산총계,OFS,재무제표,BS,재무상태표,제 33 기반기말,2018.06.30 현재,"388,860,110,416",,제 32 기말,2017.12.31 현재,"384,076,776,829",,,,,6
20180814001311,2018,019170,11012,유동부채,OFS,재무제표,BS,재무상태표,제 33 기반기말,2018.06.30 현재,"148,520,365,883",,제 32 기말,2017.12.31 현재,"137,682,566,866",,,,,8
20180814001311,2018,019170,11012,비유동부채,OFS,재무제표,BS,재무상태표,제 33 기반기말,2018.06.30 현재,"29,415,917,493",,제 32 기말,2017.12.31 현재,"36,424,822,827",,,,,10
20180814001311,2018,019170,11012,부채총계,OFS,재무제표,BS,재무상태표,제 33 기반기말,2018.06.30 현재,"177,936,283,376",,제 32 기말,2017.12.31 현재,"174,107,389,693",,,,,12
20180814001311,2018,019170,11012,자본금,OFS,재무제표,BS,재무상태표,제 33 기반기말,2018.06.30 현재,"27,592,495,000",,제 32 기말,2017.12.31 현재,"27,592,495,000",,,,,15
20180814001311,2018,019170,11012,이익잉여금,OFS,재무제표,BS,재무상태표,제 33 기반기말,2018.06.30 현재,"135,746,526,037",,제 32 기말,2017.12.31 현재,"135,595,727,365",,,,,19
20180814001311,2018,019170,11012,자본총계,OFS,재무제표,BS,재무상태표,제 33 기반기말,2018.06.30 현재,"210,923,827,040",,제 32 기말,2017.12.31 현재,"209,969,387,136",,,,,22
20180814001311,2018,019170,11012,매출액,OFS,재무제표,IS,손익계산서,제 33 기반기,2018.01.01 ~ 2018.06.30,"45,274,974,860","85,229,796,393",제 32 기반기,2017.01.01 ~ 2017.06.30,"47,930,828,010","92,462,992,681",,,,24
20180814001311,2018,019170,11012,영업이익,OFS,재무제표,IS,손익계산서,제 33 기반기,2018.01.01 ~ 2018.06.30,"1,249,872,660","2,225,874,599",제 32 기반기,2017.01.01 ~ 2017.06.30,"4,171,134,948","7,514,010,155",,,,26
20180814001311,2018,019170,11012,법인세차감전 순이익,OFS,재무제표,IS,손익계산서,제 33 기반기,2018.01.01 ~ 2018.06.30,"1,235,177,388","1,624,765,162",제 32 기반기,2017.01.01 ~ 2017.06.30,"4,172,760,669","5,454,686,212",,,,28
20180814001311,2018,019170,11012,당기순이익,OFS,재무제표,IS,손익계산서,제 33 기반기,2018.01.01 ~ 2018.06.30,"415,711,543","719,590,007",제 32 기반기,2017.01.01 ~ 2017.06.30,"3,323,177,684","4,284,621,841",,,,30
20181114001221,2018,019170,11014,유동자산,CFS,연결재무제표,BS,재무상태표,제 33 기3분기말,2018.09.30 현재,"230,810,807,113",,제 32 기말,2017.12.31 현재,"218,828,496,897",,,,,1
20181114001221,2018,019170,11014,비유동자산,CFS,연결재무제표,BS,재무상태표,제 33 기3분기말,2018.09.30 현재,"159,517,143,524",,제 32 기말,2017.12.31 현재,"171,801,426,643",,,,,3
20181114001221,2018,019170,11014,자산총계,CFS,연결재무제표,BS,재무상태표,제 33 기3분기말,2018.09.30 현재,"390,327,950,637",,제 32 기말,2017.12.31 현재,"390,629,923,540",,,,,5
20181114001221,2018,019170,11014,유동부채,CFS,연결재무제표,BS,재무상태표,제 33 기3분기말,2018.09.30 현재,"147,561,091,958",,제 32 기말,2017.12.31 현재,"139,075,968,075",,,,,7
20181114001221,2018,019170,11014,비유동부채,CFS,연결재무제표,BS,재무상태표,제 33 기3분기말,2018.09.30 현재,"29,503,023,251",,제 32 기말,2017.12.31 현재,"36,424,822,827",,,,,9
20181114001221,2018,019170,11014,부채총계,CFS,연결재무제표,BS,재무상태표,제 33 기3분기말,2018.09.30 현재,"177,064,115,209",,제 32 기말,2017.12.31 현재,"175,500,790,902",,,,,11
20181114001221,2018,019170,11014,자본금,CFS,연결재무제표,BS,재무상태표,제 33 기3분기말,2018.09.30 현재,"27,592,495,000",,제 32 기말,2017.12.31 현재,"27,592,495,000",,,,,13
20181114001221,2018,019170,11014,이익잉여금,CFS,연결재무제표,BS,재무상태표,제 33 기3분기말,2018.09.30 현재,"151,150,770,983",,제 32 기말,2017.12.31 현재,"148,218,139,224",,,,,17
20181114001221,2018,019170,11014,자본총계,CFS,연결재무제표,BS,재무상태표,제 33 기3분기말,2018.09.30 현재,"213,263,835,428",,제 32 기말,2017.12.31 현재,"215,129,132,638",,,,,21
20181114001221,2018,019170,11014,매출액,CFS,연결재무제표,IS,손익계산서,제 33 기3분기,2018.01.01 ~ 2018.09.30,"46,532,450,678","136,945,889,370",제 32 기3분기,2017.01.01 ~ 2017.09.30,"45,699,267,142","142,063,675,749",,,,23
20181114001221,2018,019170,11014,영업이익,CFS,연결재무제표,IS,손익계산서,제 33 기3분기,2018.01.01 ~ 2018.09.30,"2,621,446,235","6,381,690,595",제 32 기3분기,2017.01.01 ~ 2017.09.30,"2,667,610,723","9,983,625,914",,,,25
20181114001221,2018,019170,11014,법인세차감전 순이익,CFS,연결재무제표,IS,손익계산서,제 33 기3분기,2018.01.01 ~ 2018.09.30,"1,301,188,864","5,157,499,276",제 32 기3분기,2017.01.01 ~ 2017.09.30,"3,434,799,194","9,592,055,028",,,,27
20181114001221,2018,019170,11014,당기순이익,CFS,연결재무제표,IS,손익계산서,제 33 기3분기,2018.01.01 ~ 2018.09.30,"827,295,826","3,542,211,663",제 32 기3분기,2017.01.01 ~ 2017.09.30,"2,933,799,703","7,686,825,508",,,,29
20181114001221,2018,019170,11014,유동자산,OFS,재무제표,BS,재무상태표,제 33 기3분기말,2018.09.30 현재,"223,077,409,060",,제 32 기말,2017.12.31 현재,"211,689,288,606",,,,,2
20181114001221,2018,019170,11014,비유동자산,OFS,재무제표,BS,재무상태표,제 33 기3분기말,2018.09.30 현재,"164,880,412,576",,제 32 기말,2017.12.31 현재,"172,387,488,223",,,,,4
20181114001221,2018,019170,11014,자산총계,OFS,재무제표,BS,재무상태표,제 33 기3분기말,2018.09.30 현재,"387,957,821,636",,제 32 기말,2017.12.31 현재,"384,076,776,829",,,,,6
20181114001221,2018,019170,11014,유동부채,OFS,재무제표,BS,재무상태표,제 33 기3분기말,2018.09.30 현재,"146,993,855,379",,제 32 기말,2017.12.31 현재,"137,682,566,866",,,,,8
20181114001221,2018,019170,11014,비유동부채,OFS,재무제표,BS,재무상태표,제 33 기3분기말,2018.09.30 현재,"29,503,023,251",,제 32 기말,2017.12.31 현재,"36,424,822,827",,,,,10
20181114001221,2018,019170,11014,부채총계,OFS,재무제표,BS,재무상태표,제 33 기3분기말,2018.09.30 현재,"176,496,878,630",,제 32 기말,2017.12.31 현재,"174,107,389,693",,,,,12
20181114001221,2018,019170,11014,자본금,OFS,재무제표,BS,재무상태표,제 33 기3분기말,2018.09.30 현재,"27,592,495,000",,제 32 기말,2017.12.31 현재,"27,592,495,000",,,,,15
20181114001221,2018,019170,11014,이익잉여금,OFS,재무제표,BS,재무상태표,제 33 기3분기말,2018.09.30 현재,"136,167,610,907",,제 32 기말,2017.12.31 현재,"135,595,727,365",,,,,19
20181114001221,2018,019170,11014,자본총계,OFS,재무제표,BS,재무상태표,제 33 기3분기말,2018.09.30 현재,"211,460,943,006",,제 32 기말,2017.12.31 현재,"209,969,387,136",,,,,22
20181114001221,2018,019170,11014,매출액,OFS,재무제표,IS,손익계산서,제 33 기3분기,2018.01.01 ~ 2018.09.30,"44,861,102,724","130,090,899,117",제 32 기3분기,2017.01.01 ~ 2017.09.30,"42,343,859,038","134,806,851,719",,,,24
20181114001221,2018,019170,11014,영업이익,OFS,재무제표,IS,손익계산서,제 33 기3분기,2018.01.01 ~ 2018.09.30,"2,718,331,826","4,944,206,425",제 32 기3분기,2017.01.01 ~ 2017.09.30,"1,558,954,592","9,072,964,747",,,,26
20181114001221,2018,019170,11014,법인세차감전 순이익,OFS,재무제표,IS,손익계산서,제 33 기3분기,2018.01.01 ~ 2018.09.30,"922,910,749","2,547,675,911",제 32 기3분기,2017.01.01 ~ 2017.09.30,"858,846,354","6,313,532,566",,,,28
20181114001221,2018,019170,11014,당기순이익,OFS,재무제표,IS,손익계산서,제 33 기3분기,2018.01.01 ~ 2018.09.30,"421,084,870","1,140,674,877",제 32 기3분기,2017.01.01 ~ 2017.09.30,"674,618,430","4,959,240,271",,,,30
20201016000310,2018,019170,11011,유동자산,CFS,연결재무제표,BS,재무상태표,제 33 기,2018.12.31 현재,"224,606,221,418",,제 32 기,2017.12.31 현재,"213,812,116,221",,제 31 기,2016.12.31 현재,"231,973,319,804",1
20201016000310,2018,019170,11011,비유동자산,CFS,연결재무제표,BS,재무상태표,제 33 기,2018.12.31 현재,"156,347,098,071",,제 32 기,2017.12.31 현재,"171,801,426,643",,제 31 기,2016.12.31 현재,"180,709,884,876",3
20201016000310,2018,019170,11011,자산총계,CFS,연결재무제표,BS,재무상태표,제 33 기,2018.12.31 현재,"380,953,319,489",,제 32 기,2017.12.31 현재,"385,613,542,864",,제 31 기,2016.12.31 현재,"412,683,204,680",5
20201016000310,2018,019170,11011,유동부채,CFS,연결재무제표,BS,재무상태표,제 33 기,2018.12.31 현재,"146,170,853,029",,제 32 기,2017.12.31 현재,"139,075,968,075",,제 31 기,2016.12.31 현재,"167,017,657,148",7
20201016000310,2018,019170,11011,비유동부채,CFS,연결재무제표,BS,재무상태표,제 33 기,2018.12.31 현재,"27,300,250,041",,제 32 기,2017.12.31 현재,"36,424,822,827",,제 31 기,2016.12.31 현재,"32,621,868,334",9
20201016000310,2018,019170,11011,부채총계,CFS,연결재무제표,BS,재무상태표,제 33 기,2018.12.31 현재,"173,471,103,070",,제 32 기,2017.12.31 현재,"175,500,790,902",,제 31 기,2016.12.31 현재,"199,639,525,482",11
20201016000310,2018,019170,11011,자본금,CFS,연결재무제표,BS,재무상태표,제 33 기,2018.12.31 현재,"27,592,495,000",,제 32 기,2017.12.31 현재,"27,592,495,000",,제 31 기,2016.12.31 현재,"27,592,495,000",13
20201016000310,2018,019170,11011,이익잉여금,CFS,연결재무제표,BS,재무상태표,제 33 기,2018.12.31 현재,"143,665,319,939",,제 32 기,2017.12.31 현재,"143,201,758,548",,제 31 기,2016.12.31 현재,"142,798,413,529",17
20201016000310,2018,019170,11011,자본총계,CFS,연결재무제표,BS,재무상태표,제 33 기,2018.12.31 현재,"207,482,216,419",,제 32 기,2017.12.31 현재,"210,112,751,962",,제 31 기,2016.12.31 현재,"213,043,679,198",21
20201016000310,2018,019170,11011,매출액,CFS,연결재무제표,IS,손익계산서,제 33 기,2018.01.01 ~ 2018.12.31,"187,389,168,035",,제 32 기,2017.01.01 ~ 2017.12.31,"184,998,400,345",,제 31 기,2016.01.01 ~ 2016.12.31,"194,147,337,499",23
20201016000310,2018,019170,11011,영업이익,CFS,연결재무제표,IS,손익계산서,제 33 기,2018.01.01 ~ 2018.12.31,"7,752,620,245",,제 32 기,2017.01.01 ~ 2017.12.31,"7,814,725,455",,제 31 기,2016.01.01 ~ 2016.12.31,"7,037,499,152",25
20201016000310,2018,019170,11011,법인세차감전 순이익,CFS,연결재무제표,IS,손익계산서,제 33 기,2018.01.01 ~ 2018.12.31,"5,182,318,501",,제 32 기,2017.01.01 ~ 2017.12.31,"1,700,923,243",,제 31 기,2016.01.01 ~ 2016.12.31,"-6,234,135,406",27
20201016000310,2018,019170,11011,당기순이익,CFS,연결재무제표,IS,손익계산서,제 33 기,2018.01.01 ~ 2018.12.31,"2,813,654,494",,제 32 기,2017.01.01 ~ 2017.12.31,"920,178,794",,제 31 기,2016.01.01 ~ 2016.12.31,"-21,129,201,437",29
20201016000310,2018,019170,11011,유동자산,OFS,재무제표,BS,재무상태표,제 33 기,2018.12.31 현재,"214,148,727,196",,제 32 기,2017.12.31 현재,"206,672,907,930",,제 31 기,2016.12.31 현재,"223,635,964,642",2
20201016000310,2018,019170,11011,비유동자산,OFS,재무제표,BS,재무상태표,제 33 기,2018.12.31 현재,"164,309,699,535",,제 32 기,2017.12.31 현재,"172,387,488,223",,제 31 기,2016.12.31 현재,"181,910,787,401",4
20201016000310,2018,019170,11011,자산총계,OFS,재무제표,BS,재무상태표,제 33 기,2018.12.31 현재,"378,458,426,731",,제 32 기,2017.12.31 현재,"379,060,396,153",,제 31 기,2016.12.31 현재,"405,546,752,043",6
20201016000310,2018,019170,11011,유동부채,OFS,재무제표,BS,재무상태표,제 33 기,2018.12.31 현재,"145,614,235,087",,제 32 기,2017.12.31 현재,"137,682,566,866",,제 31 기,2016.12.31 현재,"165,505,940,379",8
20201016000310,2018,019170,11011,비유동부채,OFS,재무제표,BS,재무상태표,제 33 기,2018.12.31 현재,"27,300,250,041",,제 32 기,2017.12.31 현재,"36,424,822,827",,제 31 기,2016.12.31 현재,"32,621,868,334",10
20201016000310,2018,019170,11011,부채총계,OFS,재무제표,BS,재무상태표,제 33 기,2018.12.31 현재,"172,914,485,128",,제 32 기,2017.12.31 현재,"174,107,389,693",,제 31 기,2016.12.31 현재,"198,127,808,713",12
20201016000310,2018,019170,11011,자본금,OFS,재무제표,BS,재무상태표,제 33 기,2018.12.31 현재,"27,592,495,000",,제 32 기,2017.12.31 현재,"27,592,495,000",,제 31 기,2016.12.31 현재,"27,592,495,000",15
20201016000310,2018,019170,11011,이익잉여금,OFS,재무제표,BS,재무상태표,제 33 기,2018.12.31 현재,"130,451,412,154",,제 32 기,2017.12.31 현재,"130,579,346,689",,제 31 기,2016.12.31 현재,"133,036,952,535",19
20201016000310,2018,019170,11011,자본총계,OFS,재무제표,BS,재무상태표,제 33 기,2018.12.31 현재,"205,543,941,603",,제 32 기,2017.12.31 현재,"204,953,006,460",,제 31 기,2016.12.31 현재,"207,418,943,330",22
20201016000310,2018,019170,11011,매출액,OFS,재무제표,IS,손익계산서,제 33 기,2018.01.01 ~ 2018.12.31,"177,007,947,332",,제 32 기,2017.01.01 ~ 2017.12.31,"175,637,535,813",,제 31 기,2016.01.01 ~ 2016.12.31,"182,275,831,595",24
20201016000310,2018,019170,11011,영업이익,OFS,재무제표,IS,손익계산서,제 33 기,2018.01.01 ~ 2018.12.31,"6,030,657,400",,제 32 기,2017.01.01 ~ 2017.12.31,"7,208,399,336",,제 31 기,2016.01.01 ~ 2016.12.31,"6,469,795,621",26
20201016000310,2018,019170,11011,법인세차감전 순이익,OFS,재무제표,IS,손익계산서,제 33 기,2018.01.01 ~ 2018.12.31,"3,082,980,248",,제 32 기,2017.01.01 ~ 2017.12.31,"-2,153,811,073",,제 31 기,2016.01.01 ~ 2016.12.31,"-5,605,225,130",28
20201016000310,2018,019170,11011,당기순이익,OFS,재무제표,IS,손익계산서,제 33 기,2018.01.01 ~ 2018.12.31,"1,261,135,426",,제 32 기,2017.01.01 ~ 2017.12.31,"-1,956,061,833",,제 31 기,2016.01.01 ~ 2016.12.31,"-20,087,264,846",30
20190515000434,2019,019170,11013,유동자산,CFS,연결재무제표,BS,재무상태표,제 34 기1분기말,2019.03.31 현재,"233,442,420,554",,제 33 기말,2018.12.31 현재,"228,782,226,643",,,,,1
20190515000434,2019,019170,11013,비유동자산,CFS,연결재무제표,BS,재무상태표,제 34 기1분기말,2019.03.31 현재,"159,442,250,543",,제 33 기말,2018.12.31 현재,"156,347,098,071",,,,,3
20190515000434,2019,019170,11013,자산총계,CFS,연결재무제표,BS,재무상태표,제 34 기1분기말,2019.03.31 현재,"392,884,671,097",,제 33 기말,2018.12.31 현재,"385,129,324,714",,,,,5
20190515000434,2019,019170,11013,유동부채,CFS,연결재무제표,BS,재무상태표,제 34 기1분기말,2019.03.31 현재,"147,678,735,057",,제 33 기말,2018.12.31 현재,"146,170,853,029",,,,,7
20190515000434,2019,019170,11013,비유동부채,CFS,연결재무제표,BS,재무상태표,제 34 기1분기말,2019.03.31 현재,"31,720,996,872",,제 33 기말,2018.12.31 현재,"27,300,250,041",,,,,9
20190515000434,2019,019170,11013,부채총계,CFS,연결재무제표,BS,재무상태표,제 34 기1분기말,2019.03.31 현재,"179,399,731,929",,제 33 기말,2018.12.31 현재,"173,471,103,070",,,,,11
20190515000434,2019,019170,11013,자본금,CFS,연결재무제표,BS,재무상태표,제 34 기1분기말,2019.03.31 현재,"27,592,495,000",,제 33 기말,2018.12.31 현재,"27,592,495,000",,,,,13
20190515000434,2019,019170,11013,이익잉여금,CFS,연결재무제표,BS,재무상태표,제 34 기1분기말,2019.03.31 현재,"148,775,530,257",,제 33 기말,2018.12.31 현재,"147,841,325,164",,,,,17
20190515000434,2019,019170,11013,자본총계,CFS,연결재무제표,BS,재무상태표,제 34 기1분기말,2019.03.31 현재,"213,484,939,168",,제 33 기말,2018.12.31 현재,"211,658,221,644",,,,,21
20190515000434,2019,019170,11013,매출액,CFS,연결재무제표,IS,손익계산서,제 34 기1분기,2019.01.01 ~ 2019.03.31,"46,700,277,015","46,700,277,015",제 33 기1분기,2018.01.01 ~ 2018.03.31,"41,678,153,742","41,678,153,742",,,,23
20190515000434,2019,019170,11013,영업이익,CFS,연결재무제표,IS,손익계산서,제 34 기1분기,2019.01.01 ~ 2019.03.31,"1,537,570,368","1,537,570,368",제 33 기1분기,2018.01.01 ~ 2018.03.31,"1,239,173,766","1,239,173,766",,,,25
20190515000434,2019,019170,11013,법인세차감전 순이익,CFS,연결재무제표,IS,손익계산서,제 34 기1분기,2019.01.01 ~ 2019.03.31,"1,400,051,811","1,400,051,811",제 33 기1분기,2018.01.01 ~ 2018.03.31,"1,027,577,076","1,027,577,076",,,,27
20190515000434,2019,019170,11013,당기순이익,CFS,연결재무제표,IS,손익계산서,제 34 기1분기,2019.01.01 ~ 2019.03.31,"954,202,848","954,202,848",제 33 기1분기,2018.01.01 ~ 2018.03.31,"890,964,468","890,964,468",,,,29
20190515000434,2019,019170,11013,유동자산,OFS,재무제표,BS,재무상태표,제 34 기1분기말,2019.03.31 현재,"223,199,619,062",,제 33 기말,2018.12.31 현재,"218,324,732,421",,,,,2
20190515000434,2019,019170,11013,비유동자산,OFS,재무제표,BS,재무상태표,제 34 기1분기말,2019.03.31 현재,"167,368,371,358",,제 33 기말,2018.12.31 현재,"164,309,699,535",,,,,4
20190515000434,2019,019170,11013,자산총계,OFS,재무제표,BS,재무상태표,제 34 기1분기말,2019.03.31 현재,"390,567,990,420",,제 33 기말,2018.12.31 현재,"382,634,431,956",,,,,6
20190515000434,2019,019170,11013,유동부채,OFS,재무제표,BS,재무상태표,제 34 기1분기말,2019.03.31 현재,"147,898,095,147",,제 33 기말,2018.12.31 현재,"145,614,235,087",,,,,8
20190515000434,2019,019170,11013,비유동부채,OFS,재무제표,BS,재무상태표,제 34 기1분기말,2019.03.31 현재,"31,720,996,872",,제 33 기말,2018.12.31 현재,"27,300,250,041",,,,,10
20190515000434,2019,019170,11013,부채총계,OFS,재무제표,BS,재무상태표,제 34 기1분기말,2019.03.31 현재,"179,619,092,019",,제 33 기말,2018.12.31 현재,"172,914,485,128",,,,,12
20190515000434,2019,019170,11013,자본금,OFS,재무제표,BS,재무상태표,제 34 기1분기말,2019.03.31 현재,"27,592,495,000",,제 33 기말,2018.12.31 현재,"27,592,495,000",,,,,15
20190515000434,2019,019170,11013,이익잉여금,OFS,재무제표,BS,재무상태표,제 34 기1분기말,2019.03.31 현재,"134,967,883,541",,제 33 기말,2018.12.31 현재,"134,627,417,379",,,,,19
20190515000434,2019,019170,11013,자본총계,OFS,재무제표,BS,재무상태표,제 34 기1분기말,2019.03.31 현재,"210,948,898,401",,제 33 기말,2018.12.31 현재,"209,719,946,828",,,,,22
20190515000434,2019,019170,11013,매출액,OFS,재무제표,IS,손익계산서,제 34 기1분기,2019.01.01 ~ 2019.03.31,"44,561,171,928","44,561,171,928",제 33 기1분기,2018.01.01 ~ 2018.03.31,"39,954,821,533","39,954,821,533",,,,24
20190515000434,2019,019170,11013,영업이익,OFS,재무제표,IS,손익계산서,제 34 기1분기,2019.01.01 ~ 2019.03.31,"1,173,112,144","1,173,112,144",제 33 기1분기,2018.01.01 ~ 2018.03.31,"976,001,939","976,001,939",,,,26
20190515000434,2019,019170,11013,법인세차감전 순이익,OFS,재무제표,IS,손익계산서,제 34 기1분기,2019.01.01 ~ 2019.03.31,"773,355,801","773,355,801",제 33 기1분기,2018.01.01 ~ 2018.03.31,"389,587,774","389,587,774",,,,28
20190515000434,2019,019170,11013,당기순이익,OFS,재무제표,IS,손익계산서,제 34 기1분기,2019.01.01 ~ 2019.03.31,"340,466,162","340,466,162",제 33 기1분기,2018.01.01 ~ 2018.03.31,"303,878,464","303,878,464",,,,30
20190813000446,2019,019170,11012,유동자산,CFS,연결재무제표,BS,재무상태표,제 34 기반기말,2019.06.30 현재,"232,793,182,847",,제 33 기말,2018.12.31 현재,"228,782,226,643",,,,,1
20190813000446,2019,019170,11012,비유동자산,CFS,연결재무제표,BS,재무상태표,제 34 기반기말,2019.06.30 현재,"162,716,357,872",,제 33 기말,2018.12.31 현재,"156,347,098,071",,,,,3
20190813000446,2019,019170,11012,자산총계,CFS,연결재무제표,BS,재무상태표,제 34 기반기말,2019.06.30 현재,"395,509,540,719",,제 33 기말,2018.12.31 현재,"385,129,324,714",,,,,5
20190813000446,2019,019170,11012,유동부채,CFS,연결재무제표,BS,재무상태표,제 34 기반기말,2019.06.30 현재,"147,680,838,174",,제 33 기말,2018.12.31 현재,"146,170,853,029",,,,,7
20190813000446,2019,019170,11012,비유동부채,CFS,연결재무제표,BS,재무상태표,제 34 기반기말,2019.06.30 현재,"31,007,389,056",,제 33 기말,2018.12.31 현재,"27,300,250,041",,,,,9
20190813000446,2019,019170,11012,부채총계,CFS,연결재무제표,BS,재무상태표,제 34 기반기말,2019.06.30 현재,"178,688,227,230",,제 33 기말,2018.12.31 현재,"173,471,103,070",,,,,11
20190813000446,2019,019170,11012,자본금,CFS,연결재무제표,BS,재무상태표,제 34 기반기말,2019.06.30 현재,"27,592,495,000",,제 33 기말,2018.12.31 현재,"27,592,495,000",,,,,13
20190813000446,2019,019170,11012,이익잉여금,CFS,연결재무제표,BS,재무상태표,제 34 기반기말,2019.06.30 현재,"151,211,854,278",,제 33 기말,2018.12.31 현재,"147,841,325,164",,,,,17
20190813000446,2019,019170,11012,자본총계,CFS,연결재무제표,BS,재무상태표,제 34 기반기말,2019.06.30 현재,"216,821,313,489",,제 33 기말,2018.12.31 현재,"211,658,221,644",,,,,21
20190813000446,2019,019170,11012,매출액,CFS,연결재무제표,IS,손익계산서,제 34 기반기,2019.01.01 ~ 2019.06.30,"46,534,592,368","93,234,869,383",제 33 기반기,2018.01.01 ~ 2018.06.30,"48,735,284,950","90,413,438,692",,,,23
20190813000446,2019,019170,11012,영업이익,CFS,연결재무제표,IS,손익계산서,제 34 기반기,2019.01.01 ~ 2019.06.30,"1,131,414,763","2,668,985,131",제 33 기반기,2018.01.01 ~ 2018.06.30,"2,521,070,594","3,760,244,360",,,,25
20190813000446,2019,019170,11012,법인세차감전 순이익,CFS,연결재무제표,IS,손익계산서,제 34 기반기,2019.01.01 ~ 2019.06.30,"3,557,807,696","4,957,859,507",제 33 기반기,2018.01.01 ~ 2018.06.30,"2,828,733,336","3,856,310,412",,,,27
20190813000446,2019,019170,11012,당기순이익,CFS,연결재무제표,IS,손익계산서,제 34 기반기,2019.01.01 ~ 2019.06.30,"2,459,837,111","3,414,039,959",제 33 기반기,2018.01.01 ~ 2018.06.30,"1,823,951,369","2,714,915,837",,,,29
20190813000446,2019,019170,11012,유동자산,OFS,재무제표,BS,재무상태표,제 34 기반기말,2019.06.30 현재,"221,335,360,731",,제 33 기말,2018.12.31 현재,"218,324,732,421",,,,,2
20190813000446,2019,019170,11012,비유동자산,OFS,재무제표,BS,재무상태표,제 34 기반기말,2019.06.30 현재,"169,467,284,805",,제 33 기말,2018.12.31 현재,"164,309,699,535",,,,,4
20190813000446,2019,019170,11012,자산총계,OFS,재무제표,BS,재무상태표,제 34 기반기말,2019.06.30 현재,"390,802,645,536",,제 33 기말,2018.12.31 현재,"382,634,431,956",,,,,6
20190813000446,2019,019170,11012,유동부채,OFS,재무제표,BS,재무상태표,제 34 기반기말,2019.06.30 현재,"147,710,577,884",,제 33 기말,2018.12.31 현재,"145,614,235,087",,,,,8
20190813000446,2019,019170,11012,비유동부채,OFS,재무제표,BS,재무상태표,제 34 기반기말,2019.06.30 현재,"31,007,389,056",,제 33 기말,2018.12.31 현재,"27,300,250,041",,,,,10
20190813000446,2019,019170,11012,부채총계,OFS,재무제표,BS,재무상태표,제 34 기반기말,2019.06.30 현재,"178,717,966,940",,제 33 기말,2018.12.31 현재,"172,914,485,128",,,,,12
20190813000446,2019,019170,11012,자본금,OFS,재무제표,BS,재무상태표,제 34 기반기말,2019.06.30 현재,"27,592,495,000",,제 33 기말,2018.12.31 현재,"27,592,495,000",,,,,15
20190813000446,2019,019170,11012,이익잉여금,OFS,재무제표,BS,재무상태표,제 34 기반기말,2019.06.30 현재,"135,522,038,625",,제 33 기말,2018.12.31 현재,"134,627,417,379",,,,,19
20190813000446,2019,019170,11012,자본총계,OFS,재무제표,BS,재무상태표,제 34 기반기말,2019.06.30 현재,"212,084,678,596",,제 33 기말,2018.12.31 현재,"209,719,946,828",,,,,22
20190813000446,2019,019170,11012,매출액,OFS,재무제표,IS,손익계산서,제 34 기반기,2019.01.01 ~ 2019.06.30,"43,245,684,130","87,806,856,058",제 33 기반기,2018.01.01 ~ 2018.06.30,"45,274,974,860","85,229,796,393",,,,24
20190813000446,2019,019170,11012,영업이익,OFS,재무제표,IS,손익계산서,제 34 기반기,2019.01.01 ~ 2019.06.30,"250,227,596","1,423,339,740",제 33 기반기,2018.01.01 ~ 2018.06.30,"1,249,872,660","2,225,874,599",,,,26
20190813000446,2019,019170,11012,법인세차감전 순이익,OFS,재무제표,IS,손익계산서,제 34 기반기,2019.01.01 ~ 2019.06.30,"1,477,908,345","2,251,264,146",제 33 기반기,2018.01.01 ~ 2018.06.30,"1,235,177,388","1,624,765,162",,,,28
20190813000446,2019,019170,11012,당기순이익,OFS,재무제표,IS,손익계산서,제 34 기반기,2019.01.01 ~ 2019.06.30,"554,155,084","894,621,246",제 33 기반기,2018.01.01 ~ 2018.06.30,"415,711,543","719,590,007",,,,30
20191114000798,2019,019170,11014,유동자산,CFS,연결재무제표,BS,재무상태표,제 34 기3분기말,2019.09.30 현재,"229,531,504,814",,제 33 기말,2018.12.31 현재,"228,782,226,643",,,,,1
20191114000798,2019,019170,11014,비유동자산,CFS,연결재무제표,BS,재무상태표,제 34 기3분기말,2019.09.30 현재,"160,747,251,733",,제 33 기말,2018.12.31 현재,"156,347,098,071",,,,,3
20191114000798,2019,019170,11014,자산총계,CFS,연결재무제표,BS,재무상태표,제 34 기3분기말,2019.09.30 현재,"390,278,756,547",,제 33 기말,2018.12.31 현재,"385,129,324,714",,,,,5
20191114000798,2019,019170,11014,유동부채,CFS,연결재무제표,BS,재무상태표,제 34 기3분기말,2019.09.30 현재,"140,542,011,142",,제 33 기말,2018.12.31 현재,"146,170,853,029",,,,,7
20191114000798,2019,019170,11014,비유동부채,CFS,연결재무제표,BS,재무상태표,제 34 기3분기말,2019.09.30 현재,"34,025,054,042",,제 33 기말,2018.12.31 현재,"27,300,250,041",,,,,9
20191114000798,2019,019170,11014,부채총계,CFS,연결재무제표,BS,재무상태표,제 34 기3분기말,2019.09.30 현재,"174,567,065,184",,제 33 기말,2018.12.31 현재,"173,471,103,070",,,,,11
20191114000798,2019,019170,11014,자본금,CFS,연결재무제표,BS,재무상태표,제 34 기3분기말,2019.09.30 현재,"27,592,495,000",,제 33 기말,2018.12.31 현재,"27,592,495,000",,,,,13
20191114000798,2019,019170,11014,이익잉여금,CFS,연결재무제표,BS,재무상태표,제 34 기3분기말,2019.09.30 현재,"152,043,733,587",,제 33 기말,2018.12.31 현재,"147,841,325,164",,,,,17
20191114000798,2019,019170,11014,자본총계,CFS,연결재무제표,BS,재무상태표,제 34 기3분기말,2019.09.30 현재,"215,711,691,363",,제 33 기말,2018.12.31 현재,"211,658,221,644",,,,,21
20191114000798,2019,019170,11014,매출액,CFS,연결재무제표,IS,손익계산서,제 34 기3분기,2019.01.01 ~ 2019.09.30,"48,037,502,948","141,272,372,331",제 33 기3분기,2018.01.01 ~ 2018.09.30,"46,532,450,678","136,945,889,370",,,,23
20191114000798,2019,019170,11014,영업이익,CFS,연결재무제표,IS,손익계산서,제 34 기3분기,2019.01.01 ~ 2019.09.30,"4,102,863,494","6,771,848,625",제 33 기3분기,2018.01.01 ~ 2018.09.30,"2,621,446,235","6,381,690,595",,,,25
20191114000798,2019,019170,11014,법인세차감전 순이익,CFS,연결재무제표,IS,손익계산서,제 34 기3분기,2019.01.01 ~ 2019.09.30,"2,313,907,186","7,271,766,693",제 33 기3분기,2018.01.01 ~ 2018.09.30,"1,301,188,864","5,157,499,276",,,,27
20191114000798,2019,019170,11014,당기순이익,CFS,연결재무제표,IS,손익계산서,제 34 기3분기,2019.01.01 ~ 2019.09.30,"875,106,107","4,289,146,066",제 33 기3분기,2018.01.01 ~ 2018.09.30,"827,295,826","3,542,211,663",,,,29
20191114000798,2019,019170,11014,유동자산,OFS,재무제표,BS,재무상태표,제 34 기3분기말,2019.09.30 현재,"218,989,923,479",,제 33 기말,2018.12.31 현재,"218,324,732,421",,,,,2
20191114000798,2019,019170,11014,비유동자산,OFS,재무제표,BS,재무상태표,제 34 기3분기말,2019.09.30 현재,"168,013,165,264",,제 33 기말,2018.12.31 현재,"164,309,699,535",,,,,4
20191114000798,2019,019170,11014,자산총계,OFS,재무제표,BS,재무상태표,제 34 기3분기말,2019.09.30 현재,"387,003,088,743",,제 33 기말,2018.12.31 현재,"382,634,431,956",,,,,6
20191114000798,2019,019170,11014,유동부채,OFS,재무제표,BS,재무상태표,제 34 기3분기말,2019.09.30 현재,"139,420,464,842",,제 33 기말,2018.12.31 현재,"145,614,235,087",,,,,8
20191114000798,2019,019170,11014,비유동부채,OFS,재무제표,BS,재무상태표,제 34 기3분기말,2019.09.30 현재,"35,025,054,042",,제 33 기말,2018.12.31 현재,"27,300,250,041",,,,,10
20191114000798,2019,019170,11014,부채총계,OFS,재무제표,BS,재무상태표,제 34 기3분기말,2019.09.30 현재,"174,445,518,884",,제 33 기말,2018.12.31 현재,"172,914,485,128",,,,,12
20191114000798,2019,019170,11014,자본금,OFS,재무제표,BS,재무상태표,제 34 기3분기말,2019.09.30 현재,"27,592,495,000",,제 33 기말,2018.12.31 현재,"27,592,495,000",,,,,15
20191114000798,2019,019170,11014,이익잉여금,OFS,재무제표,BS,재무상태표,제 34 기3분기말,2019.09.30 현재,"136,397,388,360",,제 33 기말,2018.12.31 현재,"134,627,417,379",,,,,19
20191114000798,2019,019170,11014,자본총계,OFS,재무제표,BS,재무상태표,제 34 기3분기말,2019.09.30 현재,"212,557,569,859",,제 33 기말,2018.12.31 현재,"209,719,946,828",,,,,22
20191114000798,2019,019170,11014,매출액,OFS,재무제표,IS,손익계산서,제 34 기3분기,2019.01.01 ~ 2019.09.30,"47,191,648,557","134,998,504,615",제 33 기3분기,2018.01.01 ~ 2018.09.30,"44,861,102,724","130,090,899,117",,,,24
20191114000798,2019,019170,11014,영업이익,OFS,재무제표,IS,손익계산서,제 34 기3분기,2019.01.01 ~ 2019.09.30,"3,123,018,346","4,546,358,086",제 33 기3분기,2018.01.01 ~ 2018.09.30,"2,718,331,826","4,944,206,425",,,,26
20191114000798,2019,019170,11014,법인세차감전 순이익,OFS,재무제표,IS,손익계산서,제 34 기3분기,2019.01.01 ~ 2019.09.30,"2,202,768,469","4,454,032,615",제 33 기3분기,2018.01.01 ~ 2018.09.30,"922,910,749","2,547,675,911",,,,28
20191114000798,2019,019170,11014,당기순이익,OFS,재무제표,IS,손익계산서,제 34 기3분기,2019.01.01 ~ 2019.09.30,"875,349,735","1,769,970,981",제 33 기3분기,2018.01.01 ~ 2018.09.30,"421,084,870","1,140,674,877",,,,30
20201016000315,2019,019170,11011,유동자산,CFS,연결재무제표,BS,재무상태표,제 34 기,2019.12.31 현재,"219,191,528,252",,제 33 기,2018.12.31 현재,"224,606,221,418",,제 32 기,2017.12.31 현재,"213,812,116,221",1
20201016000315,2019,019170,11011,비유동자산,CFS,연결재무제표,BS,재무상태표,제 34 기,2019.12.31 현재,"160,922,175,429",,제 33 기,2018.12.31 현재,"156,347,098,071",,제 32 기,2017.12.31 현재,"171,801,426,643",3
20201016000315,2019,019170,11011,자산총계,CFS,연결재무제표,BS,재무상태표,제 34 기,2019.12.31 현재,"380,113,703,681",,제 33 기,2018.12.31 현재,"380,953,319,489",,제 32 기,2017.12.31 현재,"385,613,542,864",5
20201016000315,2019,019170,11011,유동부채,CFS,연결재무제표,BS,재무상태표,제 34 기,2019.12.31 현재,"133,953,359,912",,제 33 기,2018.12.31 현재,"146,170,853,029",,제 32 기,2017.12.31 현재,"139,075,968,075",7
20201016000315,2019,019170,11011,비유동부채,CFS,연결재무제표,BS,재무상태표,제 34 기,2019.12.31 현재,"37,032,119,090",,제 33 기,2018.12.31 현재,"27,300,250,041",,제 32 기,2017.12.31 현재,"36,424,822,827",9
20201016000315,2019,019170,11011,부채총계,CFS,연결재무제표,BS,재무상태표,제 34 기,2019.12.31 현재,"170,985,479,002",,제 33 기,2018.12.31 현재,"173,471,103,070",,제 32 기,2017.12.31 현재,"175,500,790,902",11
20201016000315,2019,019170,11011,자본금,CFS,연결재무제표,BS,재무상태표,제 34 기,2019.12.31 현재,"27,592,495,000",,제 33 기,2018.12.31 현재,"27,592,495,000",,제 32 기,2017.12.31 현재,"27,592,495,000",13
20201016000315,2019,019170,11011,이익잉여금,CFS,연결재무제표,BS,재무상태표,제 34 기,2019.12.31 현재,"146,462,503,721",,제 33 기,2018.12.31 현재,"143,665,319,939",,제 32 기,2017.12.31 현재,"143,201,758,548",17
20201016000315,2019,019170,11011,자본총계,CFS,연결재무제표,BS,재무상태표,제 34 기,2019.12.31 현재,"209,128,224,679",,제 33 기,2018.12.31 현재,"207,482,216,419",,제 32 기,2017.12.31 현재,"210,112,751,962",21
20201016000315,2019,019170,11011,매출액,CFS,연결재무제표,IS,손익계산서,제 34 기,2019.01.01 ~ 2019.12.31,"189,721,696,062",,제 33 기,2018.01.01 ~ 2018.12.31,"187,389,168,035",,제 32 기,2017.01.01 ~ 2017.12.31,"184,998,400,345",23
20201016000315,2019,019170,11011,영업이익,CFS,연결재무제표,IS,손익계산서,제 34 기,2019.01.01 ~ 2019.12.31,"5,602,147,272",,제 33 기,2018.01.01 ~ 2018.12.31,"7,752,620,245",,제 32 기,2017.01.01 ~ 2017.12.31,"7,814,725,455",25
20201016000315,2019,019170,11011,법인세차감전 순이익,CFS,연결재무제표,IS,손익계산서,제 34 기,2019.01.01 ~ 2019.12.31,"7,118,611,894",,제 33 기,2018.01.01 ~ 2018.12.31,"5,182,318,501",,제 32 기,2017.01.01 ~ 2017.12.31,"1,700,923,243",27
20201016000315,2019,019170,11011,당기순이익,CFS,연결재무제표,IS,손익계산서,제 34 기,2019.01.01 ~ 2019.12.31,"5,394,986,670",,제 33 기,2018.01.01 ~ 2018.12.31,"2,813,654,494",,제 32 기,2017.01.01 ~ 2017.12.31,"920,178,794",29
20201016000315,2019,019170,11011,유동자산,OFS,재무제표,BS,재무상태표,제 34 기,2019.12.31 현재,"208,919,351,859",,제 33 기,2018.12.31 현재,"214,148,727,196",,제 32 기,2017.12.31 현재,"206,672,907,930",2
20201016000315,2019,019170,11011,비유동자산,OFS,재무제표,BS,재무상태표,제 34 기,2019.12.31 현재,"169,561,106,504",,제 33 기,2018.12.31 현재,"164,309,699,535",,제 32 기,2017.12.31 현재,"172,387,488,223",4
20201016000315,2019,019170,11011,자산총계,OFS,재무제표,BS,재무상태표,제 34 기,2019.12.31 현재,"378,480,458,363",,제 33 기,2018.12.31 현재,"378,458,426,731",,제 32 기,2017.12.31 현재,"379,060,396,153",6
20201016000315,2019,019170,11011,유동부채,OFS,재무제표,BS,재무상태표,제 34 기,2019.12.31 현재,"132,332,809,321",,제 33 기,2018.12.31 현재,"145,614,235,087",,제 32 기,2017.12.31 현재,"137,682,566,866",8
20201016000315,2019,019170,11011,비유동부채,OFS,재무제표,BS,재무상태표,제 34 기,2019.12.31 현재,"38,032,119,090",,제 33 기,2018.12.31 현재,"27,300,250,041",,제 32 기,2017.12.31 현재,"36,424,822,827",10
20201016000315,2019,019170,11011,부채총계,OFS,재무제표,BS,재무상태표,제 34 기,2019.12.31 현재,"170,364,928,411",,제 33 기,2018.12.31 현재,"172,914,485,128",,제 32 기,2017.12.31 현재,"174,107,389,693",12
20201016000315,2019,019170,11011,자본금,OFS,재무제표,BS,재무상태표,제 34 기,2019.12.31 현재,"27,592,495,000",,제 33 기,2018.12.31 현재,"27,592,495,000",,제 32 기,2017.12.31 현재,"27,592,495,000",15
20201016000315,2019,019170,11011,이익잉여금,OFS,재무제표,BS,재무상태표,제 34 기,2019.12.31 현재,"132,349,028,415",,제 33 기,2018.12.31 현재,"130,451,412,154",,제 32 기,2017.12.31 현재,"130,579,346,689",19
20201016000315,2019,019170,11011,자본총계,OFS,재무제표,BS,재무상태표,제 34 기,2019.12.31 현재,"208,115,529,952",,제 33 기,2018.12.31 현재,"205,543,941,603",,제 32 기,2017.12.31 현재,"204,953,006,460",22
20201016000315,2019,019170,11011,매출액,OFS,재무제표,IS,손익계산서,제 34 기,2019.01.01 ~ 2019.12.31,"180,095,840,301",,제 33 기,2018.01.01 ~ 2018.12.31,"177,007,947,332",,제 32 기,2017.01.01 ~ 2017.12.31,"175,637,535,813",24
20201016000315,2019,019170,11011,영업이익,OFS,재무제표,IS,손익계산서,제 34 기,2019.01.01 ~ 2019.12.31,"4,496,197,591",,제 33 기,2018.01.01 ~ 2018.12.31,"6,030,657,400",,제 32 기,2017.01.01 ~ 2017.12.31,"7,208,399,336",26
20201016000315,2019,019170,11011,법인세차감전 순이익,OFS,재무제표,IS,손익계산서,제 34 기,2019.01.01 ~ 2019.12.31,"5,877,421,225",,제 33 기,2018.01.01 ~ 2018.12.31,"3,082,980,248",,제 32 기,2017.01.01 ~ 2017.12.31,"-2,153,811,073",28
20201016000315,2019,019170,11011,당기순이익,OFS,재무제표,IS,손익계산서,제 34 기,2019.01.01 ~ 2019.12.31,"4,424,259,963",,제 33 기,2018.01.01 ~ 2018.12.31,"1,261,135,426",,제 32 기,2017.01.01 ~ 2017.12.31,"-1,956,061,833",30
20200515001289,2020,019170,11013,유동자산,CFS,연결재무제표,BS,재무상태표,제 35 기1분기말,2020.03.31 현재,"233,816,696,460",,제 34 기말,2019.12.31 현재,"219,729,610,825",,,,,1
20200515001289,2020,019170,11013,비유동자산,CFS,연결재무제표,BS,재무상태표,제 35 기1분기말,2020.03.31 현재,"156,420,910,968",,제 34 기말,2019.12.31 현재,"160,922,175,429",,,,,3
20200515001289,2020,019170,11013,자산총계,CFS,연결재무제표,BS,재무상태표,제 35 기1분기말,2020.03.31 현재,"390,237,607,428",,제 34 기말,2019.12.31 현재,"380,651,786,254",,,,,5
20200515001289,2020,019170,11013,유동부채,CFS,연결재무제표,BS,재무상태표,제 35 기1분기말,2020.03.31 현재,"139,046,896,223",,제 34 기말,2019.12.31 현재,"133,953,359,912",,,,,7
20200515001289,2020,019170,11013,비유동부채,CFS,연결재무제표,BS,재무상태표,제 35 기1분기말,2020.03.31 현재,"39,927,167,788",,제 34 기말,2019.12.31 현재,"37,032,119,090",,,,,9
20200515001289,2020,019170,11013,부채총계,CFS,연결재무제표,BS,재무상태표,제 35 기1분기말,2020.03.31 현재,"178,974,064,011",,제 34 기말,2019.12.31 현재,"170,985,479,002",,,,,11
20200515001289,2020,019170,11013,자본금,CFS,연결재무제표,BS,재무상태표,제 35 기1분기말,2020.03.31 현재,"27,592,495,000",,제 34 기말,2019.12.31 현재,"27,592,495,000",,,,,13
20200515001289,2020,019170,11013,이익잉여금,CFS,연결재무제표,BS,재무상태표,제 35 기1분기말,2020.03.31 현재,"148,713,142,659",,제 34 기말,2019.12.31 현재,"147,000,586,294",,,,,17
20200515001289,2020,019170,11013,자본총계,CFS,연결재무제표,BS,재무상태표,제 35 기1분기말,2020.03.31 현재,"211,263,543,417",,제 34 기말,2019.12.31 현재,"209,666,307,252",,,,,21
20200515001289,2020,019170,11013,매출액,CFS,연결재무제표,IS,손익계산서,제 35 기1분기,2020.01.01 ~ 2020.03.31,"49,135,774,110","49,135,774,110",제 34 기1분기,2019.01.01 ~ 2019.03.31,"46,700,277,015","46,700,277,015",,,,23
20200515001289,2020,019170,11013,영업이익,CFS,연결재무제표,IS,손익계산서,제 35 기1분기,2020.01.01 ~ 2020.03.31,"2,067,724,173","2,067,724,173",제 34 기1분기,2019.01.01 ~ 2019.03.31,"1,537,570,368","1,537,570,368",,,,25
20200515001289,2020,019170,11013,법인세차감전 순이익,CFS,연결재무제표,IS,손익계산서,제 35 기1분기,2020.01.01 ~ 2020.03.31,"3,237,561,508","3,237,561,508",제 34 기1분기,2019.01.01 ~ 2019.03.31,"1,400,051,811","1,400,051,811",,,,27
20200515001289,2020,019170,11013,당기순이익,CFS,연결재무제표,IS,손익계산서,제 35 기1분기,2020.01.01 ~ 2020.03.31,"1,730,934,204","1,730,934,204",제 34 기1분기,2019.01.01 ~ 2019.03.31,"954,202,848","954,202,848",,,,29
20200515001289,2020,019170,11013,유동자산,OFS,재무제표,BS,재무상태표,제 35 기1분기말,2020.03.31 현재,"222,852,374,932",,제 34 기말,2019.12.31 현재,"209,457,434,432",,,,,2
20200515001289,2020,019170,11013,비유동자산,OFS,재무제표,BS,재무상태표,제 35 기1분기말,2020.03.31 현재,"165,354,073,934",,제 34 기말,2019.12.31 현재,"169,561,106,504",,,,,4
20200515001289,2020,019170,11013,자산총계,OFS,재무제표,BS,재무상태표,제 35 기1분기말,2020.03.31 현재,"388,206,448,866",,제 34 기말,2019.12.31 현재,"379,018,540,936",,,,,6
20200515001289,2020,019170,11013,유동부채,OFS,재무제표,BS,재무상태표,제 35 기1분기말,2020.03.31 현재,"138,015,105,270",,제 34 기말,2019.12.31 현재,"132,332,809,321",,,,,8
20200515001289,2020,019170,11013,비유동부채,OFS,재무제표,BS,재무상태표,제 35 기1분기말,2020.03.31 현재,"40,927,167,788",,제 34 기말,2019.12.31 현재,"38,032,119,090",,,,,10
20200515001289,2020,019170,11013,부채총계,OFS,재무제표,BS,재무상태표,제 35 기1분기말,2020.03.31 현재,"178,942,273,058",,제 34 기말,2019.12.31 현재,"170,364,928,411",,,,,12
20200515001289,2020,019170,11013,자본금,OFS,재무제표,BS,재무상태표,제 35 기1분기말,2020.03.31 현재,"27,592,495,000",,제 34 기말,2019.12.31 현재,"27,592,495,000",,,,,15
20200515001289,2020,019170,11013,이익잉여금,OFS,재무제표,BS,재무상태표,제 35 기1분기말,2020.03.31 현재,"133,695,219,739",,제 34 기말,2019.12.31 현재,"132,887,110,988",,,,,19
20200515001289,2020,019170,11013,자본총계,OFS,재무제표,BS,재무상태표,제 35 기1분기말,2020.03.31 현재,"209,264,175,808",,제 34 기말,2019.12.31 현재,"208,653,612,525",,,,,22
20200515001289,2020,019170,11013,매출액,OFS,재무제표,IS,손익계산서,제 35 기1분기,2020.01.01 ~ 2020.03.31,"46,343,890,219","46,343,890,219",제 34 기1분기,2019.01.01 ~ 2019.03.31,"44,561,171,928","44,561,171,928",,,,24
20200515001289,2020,019170,11013,영업이익,OFS,재무제표,IS,손익계산서,제 35 기1분기,2020.01.01 ~ 2020.03.31,"1,266,845,763","1,266,845,763",제 34 기1분기,2019.01.01 ~ 2019.03.31,"1,173,112,144","1,173,112,144",,,,26
20200515001289,2020,019170,11013,법인세차감전 순이익,OFS,재무제표,IS,손익계산서,제 35 기1분기,2020.01.01 ~ 2020.03.31,"2,301,503,906","2,301,503,906",제 34 기1분기,2019.01.01 ~ 2019.03.31,"773,355,801","773,355,801",,,,28
20200515001289,2020,019170,11013,당기순이익,OFS,재무제표,IS,손익계산서,제 35 기1분기,2020.01.01 ~ 2020.03.31,"808,108,751","808,108,751",제 34 기1분기,2019.01.01 ~ 2019.03.31,"340,466,162","340,466,162",,,,30
20200814000412,2020,019170,11012,유동자산,CFS,연결재무제표,BS,재무상태표,제 35 기반기말,2020.06.30 현재,"231,008,480,292",,제 34 기말,2019.12.31 현재,"219,729,610,825",,,,,1
20200814000412,2020,019170,11012,비유동자산,CFS,연결재무제표,BS,재무상태표,제 35 기반기말,2020.06.30 현재,"159,552,419,908",,제 34 기말,2019.12.31 현재,"160,922,175,429",,,,,3
20200814000412,2020,019170,11012,자산총계,CFS,연결재무제표,BS,재무상태표,제 35 기반기말,2020.06.30 현재,"390,560,900,200",,제 34 기말,2019.12.31 현재,"380,651,786,254",,,,,5
20200814000412,2020,019170,11012,유동부채,CFS,연결재무제표,BS,재무상태표,제 35 기반기말,2020.06.30 현재,"136,011,846,754",,제 34 기말,2019.12.31 현재,"133,953,359,912",,,,,7
20200814000412,2020,019170,11012,비유동부채,CFS,연결재무제표,BS,재무상태표,제 35 기반기말,2020.06.30 현재,"40,733,803,769",,제 34 기말,2019.12.31 현재,"37,032,119,090",,,,,9
20200814000412,2020,019170,11012,부채총계,CFS,연결재무제표,BS,재무상태표,제 35 기반기말,2020.06.30 현재,"176,745,650,523",,제 34 기말,2019.12.31 현재,"170,985,479,002",,,,,11
20200814000412,2020,019170,11012,자본금,CFS,연결재무제표,BS,재무상태표,제 35 기반기말,2020.06.30 현재,"27,592,495,000",,제 34 기말,2019.12.31 현재,"27,592,495,000",,,,,13
20200814000412,2020,019170,11012,이익잉여금,CFS,연결재무제표,BS,재무상태표,제 35 기반기말,2020.06.30 현재,"150,519,125,453",,제 34 기말,2019.12.31 현재,"147,000,586,294",,,,,17
20200814000412,2020,019170,11012,자본총계,CFS,연결재무제표,BS,재무상태표,제 35 기반기말,2020.06.30 현재,"213,815,249,677",,제 34 기말,2019.12.31 현재,"209,666,307,252",,,,,21
20200814000412,2020,019170,11012,매출액,CFS,연결재무제표,IS,손익계산서,제 35 기반기,2020.01.01 ~ 2020.06.30,"51,180,521,623","100,316,295,733",제 34 기반기,2019.01.01 ~ 2019.06.30,"46,534,592,368","93,234,869,383",,,,23
20200814000412,2020,019170,11012,영업이익,CFS,연결재무제표,IS,손익계산서,제 35 기반기,2020.01.01 ~ 2020.06.30,"2,497,068,665","4,564,792,838",제 34 기반기,2019.01.01 ~ 2019.06.30,"1,131,414,763","2,668,985,131",,,,25
20200814000412,2020,019170,11012,법인세차감전 순이익,CFS,연결재무제표,IS,손익계산서,제 35 기반기,2020.01.01 ~ 2020.06.30,"1,868,713,731","5,106,275,239",제 34 기반기,2019.01.01 ~ 2019.06.30,"3,557,807,696","4,957,859,507",,,,27
20200814000412,2020,019170,11012,당기순이익,CFS,연결재무제표,IS,손익계산서,제 35 기반기,2020.01.01 ~ 2020.06.30,"1,814,782,128","3,545,716,332",제 34 기반기,2019.01.01 ~ 2019.06.30,"2,459,837,111","3,414,039,959",,,,29
20200814000412,2020,019170,11012,유동자산,OFS,재무제표,BS,재무상태표,제 35 기반기말,2020.06.30 현재,"219,746,129,956",,제 34 기말,2019.12.31 현재,"209,457,434,432",,,,,2
20200814000412,2020,019170,11012,비유동자산,OFS,재무제표,BS,재무상태표,제 35 기반기말,2020.06.30 현재,"169,136,311,447",,제 34 기말,2019.12.31 현재,"169,561,106,504",,,,,4
20200814000412,2020,019170,11012,자산총계,OFS,재무제표,BS,재무상태표,제 35 기반기말,2020.06.30 현재,"388,882,441,403",,제 34 기말,2019.12.31 현재,"379,018,540,936",,,,,6
20200814000412,2020,019170,11012,유동부채,OFS,재무제표,BS,재무상태표,제 35 기반기말,2020.06.30 현재,"134,943,243,588",,제 34 기말,2019.12.31 현재,"132,332,809,321",,,,,8
20200814000412,2020,019170,11012,비유동부채,OFS,재무제표,BS,재무상태표,제 35 기반기말,2020.06.30 현재,"41,733,803,769",,제 34 기말,2019.12.31 현재,"38,032,119,090",,,,,10
20200814000412,2020,019170,11012,부채총계,OFS,재무제표,BS,재무상태표,제 35 기반기말,2020.06.30 현재,"176,677,047,357",,제 34 기말,2019.12.31 현재,"170,364,928,411",,,,,12
20200814000412,2020,019170,11012,자본금,OFS,재무제표,BS,재무상태표,제 35 기반기말,2020.06.30 현재,"27,592,495,000",,제 34 기말,2019.12.31 현재,"27,592,495,000",,,,,15
20200814000412,2020,019170,11012,이익잉여금,OFS,재무제표,BS,재무상태표,제 35 기반기말,2020.06.30 현재,"135,874,654,440",,제 34 기말,2019.12.31 현재,"132,887,110,988",,,,,19
20200814000412,2020,019170,11012,자본총계,OFS,재무제표,BS,재무상태표,제 35 기반기말,2020.06.30 현재,"212,205,394,046",,제 34 기말,2019.12.31 현재,"208,653,612,525",,,,,22
20200814000412,2020,019170,11012,매출액,OFS,재무제표,IS,손익계산서,제 35 기반기,2020.01.01 ~ 2020.06.30,"49,123,685,162","95,467,575,381",제 34 기반기,2019.01.01 ~ 2019.06.30,"43,245,684,130","87,806,856,058",,,,24
20200814000412,2020,019170,11012,영업이익,OFS,재무제표,IS,손익계산서,제 35 기반기,2020.01.01 ~ 2020.06.30,"2,311,586,578","3,578,432,341",제 34 기반기,2019.01.01 ~ 2019.06.30,"250,227,596","1,423,339,740",,,,26
20200814000412,2020,019170,11012,법인세차감전 순이익,OFS,재무제표,IS,손익계산서,제 35 기반기,2020.01.01 ~ 2020.06.30,"2,289,267,523","4,590,771,429",제 34 기반기,2019.01.01 ~ 2019.06.30,"1,477,908,345","2,251,264,146",,,,28
20200814000412,2020,019170,11012,당기순이익,OFS,재무제표,IS,손익계산서,제 35 기반기,2020.01.01 ~ 2020.06.30,"2,179,434,701","2,987,543,452",제 34 기반기,2019.01.01 ~ 2019.06.30,"554,155,084","894,621,246",,,,30
20201116000910,2020,019170,11014,유동자산,CFS,연결재무제표,BS,재무상태표,제 35 기3분기말,2020.09.30 현재,"445,599,343,775",,제 34 기말,2019.12.31 현재,"219,191,528,252",,,,,1
20201116000910,2020,019170,11014,비유동자산,CFS,연결재무제표,BS,재무상태표,제 35 기3분기말,2020.09.30 현재,"157,003,978,394",,제 34 기말,2019.12.31 현재,"160,922,175,429",,,,,3
20201116000910,2020,019170,11014,자산총계,CFS,연결재무제표,BS,재무상태표,제 35 기3분기말,2020.09.30 현재,"602,603,322,169",,제 34 기말,2019.12.31 현재,"380,113,703,681",,,,,5
20201116000910,2020,019170,11014,유동부채,CFS,연결재무제표,BS,재무상태표,제 35 기3분기말,2020.09.30 현재,"159,195,480,575",,제 34 기말,2019.12.31 현재,"133,953,359,912",,,,,7
20201116000910,2020,019170,11014,비유동부채,CFS,연결재무제표,BS,재무상태표,제 35 기3분기말,2020.09.30 현재,"60,289,869,856",,제 34 기말,2019.12.31 현재,"37,032,119,090",,,,,9
20201116000910,2020,019170,11014,부채총계,CFS,연결재무제표,BS,재무상태표,제 35 기3분기말,2020.09.30 현재,"219,485,350,431",,제 34 기말,2019.12.31 현재,"170,985,479,002",,,,,11
20201116000910,2020,019170,11014,자본금,CFS,연결재무제표,BS,재무상태표,제 35 기3분기말,2020.09.30 현재,"27,592,495,000",,제 34 기말,2019.12.31 현재,"27,592,495,000",,,,,13
20201116000910,2020,019170,11014,이익잉여금,CFS,연결재무제표,BS,재무상태표,제 35 기3분기말,2020.09.30 현재,"154,271,360,640",,제 34 기말,2019.12.31 현재,"146,462,503,721",,,,,17
20201116000910,2020,019170,11014,자본총계,CFS,연결재무제표,BS,재무상태표,제 35 기3분기말,2020.09.30 현재,"383,117,971,738",,제 34 기말,2019.12.31 현재,"209,128,224,679",,,,,21
20201116000910,2020,019170,11014,매출액,CFS,연결재무제표,IS,손익계산서,제 35 기3분기,2020.01.01 ~ 2020.09.30,"48,104,570,623","148,420,866,356",제 34 기3분기,2019.01.01 ~ 2019.09.30,"48,037,502,948","141,272,372,331",,,,23
20201116000910,2020,019170,11014,영업이익,CFS,연결재무제표,IS,손익계산서,제 35 기3분기,2020.01.01 ~ 2020.09.30,"1,307,858,985","5,872,651,823",제 34 기3분기,2019.01.01 ~ 2019.09.30,"4,102,863,494","6,771,848,625",,,,25
20201116000910,2020,019170,11014,법인세차감전 순이익,CFS,연결재무제표,IS,손익계산서,제 35 기3분기,2020.01.01 ~ 2020.09.30,"1,206,105,892","6,312,381,131",제 34 기3분기,2019.01.01 ~ 2019.09.30,"2,313,907,186","7,271,766,693",,,,27
20201116000910,2020,019170,11014,당기순이익,CFS,연결재무제표,IS,손익계산서,제 35 기3분기,2020.01.01 ~ 2020.09.30,"1,016,229,276","4,561,945,608",제 34 기3분기,2019.01.01 ~ 2019.09.30,"875,106,107","4,289,146,066",,,,29
20201116000910,2020,019170,11014,유동자산,OFS,재무제표,BS,재무상태표,제 35 기3분기말,2020.09.30 현재,"434,207,619,384",,제 34 기말,2019.12.31 현재,"208,919,351,859",,,,,2
20201116000910,2020,019170,11014,비유동자산,OFS,재무제표,BS,재무상태표,제 35 기3분기말,2020.09.30 현재,"166,416,031,158",,제 34 기말,2019.12.31 현재,"169,561,106,504",,,,,4
20201116000910,2020,019170,11014,자산총계,OFS,재무제표,BS,재무상태표,제 35 기3분기말,2020.09.30 현재,"600,623,650,542",,제 34 기말,2019.12.31 현재,"378,480,458,363",,,,,6
20201116000910,2020,019170,11014,유동부채,OFS,재무제표,BS,재무상태표,제 35 기3분기말,2020.09.30 현재,"158,235,328,042",,제 34 기말,2019.12.31 현재,"132,332,809,321",,,,,8
20201116000910,2020,019170,11014,비유동부채,OFS,재무제표,BS,재무상태표,제 35 기3분기말,2020.09.30 현재,"61,289,869,856",,제 34 기말,2019.12.31 현재,"38,032,119,090",,,,,10
20201116000910,2020,019170,11014,부채총계,OFS,재무제표,BS,재무상태표,제 35 기3분기말,2020.09.30 현재,"219,525,197,898",,제 34 기말,2019.12.31 현재,"170,364,928,411",,,,,12
20201116000910,2020,019170,11014,자본금,OFS,재무제표,BS,재무상태표,제 35 기3분기말,2020.09.30 현재,"27,592,495,000",,제 34 기말,2019.12.31 현재,"27,592,495,000",,,,,15
20201116000910,2020,019170,11014,이익잉여금,OFS,재무제표,BS,재무상태표,제 35 기3분기말,2020.09.30 현재,"138,726,726,171",,제 34 기말,2019.12.31 현재,"132,349,028,415",,,,,19
20201116000910,2020,019170,11014,자본총계,OFS,재무제표,BS,재무상태표,제 35 기3분기말,2020.09.30 현재,"381,098,452,644",,제 34 기말,2019.12.31 현재,"208,115,529,952",,,,,22
20201116000910,2020,019170,11014,매출액,OFS,재무제표,IS,손익계산서,제 35 기3분기,2020.01.01 ~ 2020.09.30,"45,391,562,076","140,859,137,457",제 34 기3분기,2019.01.01 ~ 2019.09.30,"47,191,648,557","134,998,504,615",,,,24
20201116000910,2020,019170,11014,영업이익,OFS,재무제표,IS,손익계산서,제 35 기3분기,2020.01.01 ~ 2020.09.30,"1,013,428,334","4,591,860,675",제 34 기3분기,2019.01.01 ~ 2019.09.30,"3,123,018,346","4,546,358,086",,,,26
20201116000910,2020,019170,11014,법인세차감전 순이익,OFS,재무제표,IS,손익계산서,제 35 기3분기,2020.01.01 ~ 2020.09.30,"159,739,712","4,750,511,141",제 34 기3분기,2019.01.01 ~ 2019.09.30,"2,202,768,469","4,454,032,615",,,,28
20201116000910,2020,019170,11014,당기순이익,OFS,재무제표,IS,손익계산서,제 35 기3분기,2020.01.01 ~ 2020.09.30,"103,954,061","3,091,497,513",제 34 기3분기,2019.01.01 ~ 2019.09.30,"875,349,735","1,769,970,981",,,,30
20210323000604,2020,019170,11011,유동자산,CFS,연결재무제표,BS,재무상태표,제 35 기,2020.12.31 현재,"332,811,721,949",,제 34 기,2019.12.31 현재,"219,191,528,252",,제 33 기,2018.12.31 현재,"224,606,221,418",1
20210323000604,2020,019170,11011,비유동자산,CFS,연결재무제표,BS,재무상태표,제 35 기,2020.12.31 현재,"154,338,143,248",,제 34 기,2019.12.31 현재,"160,922,175,429",,제 33 기,2018.12.31 현재,"156,347,098,071",3
20210323000604,2020,019170,11011,자산총계,CFS,연결재무제표,BS,재무상태표,제 35 기,2020.12.31 현재,"487,149,865,197",,제 34 기,2019.12.31 현재,"380,113,703,681",,제 33 기,2018.12.31 현재,"380,953,319,489",5
20210323000604,2020,019170,11011,유동부채,CFS,연결재무제표,BS,재무상태표,제 35 기,2020.12.31 현재,"83,337,026,329",,제 34 기,2019.12.31 현재,"133,953,359,912",,제 33 기,2018.12.31 현재,"146,170,853,029",7
20210323000604,2020,019170,11011,비유동부채,CFS,연결재무제표,BS,재무상태표,제 35 기,2020.12.31 현재,"29,482,582,900",,제 34 기,2019.12.31 현재,"37,032,119,090",,제 33 기,2018.12.31 현재,"27,300,250,041",9
20210323000604,2020,019170,11011,부채총계,CFS,연결재무제표,BS,재무상태표,제 35 기,2020.12.31 현재,"112,819,609,229",,제 34 기,2019.12.31 현재,"170,985,479,002",,제 33 기,2018.12.31 현재,"173,471,103,070",11
20210323000604,2020,019170,11011,자본금,CFS,연결재무제표,BS,재무상태표,제 35 기,2020.12.31 현재,"27,592,495,000",,제 34 기,2019.12.31 현재,"27,592,495,000",,제 33 기,2018.12.31 현재,"27,592,495,000",13
20210323000604,2020,019170,11011,이익잉여금,CFS,연결재무제표,BS,재무상태표,제 35 기,2020.12.31 현재,"156,595,483,642",,제 34 기,2019.12.31 현재,"146,462,503,721",,제 33 기,2018.12.31 현재,"143,665,319,939",17
20210323000604,2020,019170,11011,자본총계,CFS,연결재무제표,BS,재무상태표,제 35 기,2020.12.31 현재,"374,330,255,968",,제 34 기,2019.12.31 현재,"209,128,224,679",,제 33 기,2018.12.31 현재,"207,482,216,419",21
20210323000604,2020,019170,11011,매출액,CFS,연결재무제표,IS,손익계산서,제 35 기,2020.01.01 ~ 2020.12.31,"197,750,767,003",,제 34 기,2019.01.01 ~ 2019.12.31,"189,721,696,062",,제 33 기,2018.01.01 ~ 2018.12.31,"187,389,168,035",23
20210323000604,2020,019170,11011,영업이익,CFS,연결재무제표,IS,손익계산서,제 35 기,2020.01.01 ~ 2020.12.31,"7,845,515,554",,제 34 기,2019.01.01 ~ 2019.12.31,"5,602,147,272",,제 33 기,2018.01.01 ~ 2018.12.31,"7,752,620,245",25
20210323000604,2020,019170,11011,법인세차감전 순이익,CFS,연결재무제표,IS,손익계산서,제 35 기,2020.01.01 ~ 2020.12.31,"8,339,789,544",,제 34 기,2019.01.01 ~ 2019.12.31,"7,118,611,894",,제 33 기,2018.01.01 ~ 2018.12.31,"5,182,318,501",27
20210323000604,2020,019170,11011,당기순이익,CFS,연결재무제표,IS,손익계산서,제 35 기,2020.01.01 ~ 2020.12.31,"5,045,736,921",,제 34 기,2019.01.01 ~ 2019.12.31,"5,394,986,670",,제 33 기,2018.01.01 ~ 2018.12.31,"2,813,654,494",29
20210323000604,2020,019170,11011,유동자산,OFS,재무제표,BS,재무상태표,제 35 기,2020.12.31 현재,"321,373,434,093",,제 34 기,2019.12.31 현재,"208,919,351,859",,제 33 기,2018.12.31 현재,"214,148,727,196",2
20210323000604,2020,019170,11011,비유동자산,OFS,재무제표,BS,재무상태표,제 35 기,2020.12.31 현재,"162,459,386,092",,제 34 기,2019.12.31 현재,"169,561,106,504",,제 33 기,2018.12.31 현재,"164,309,699,535",4
20210323000604,2020,019170,11011,자산총계,OFS,재무제표,BS,재무상태표,제 35 기,2020.12.31 현재,"483,832,820,185",,제 34 기,2019.12.31 현재,"378,480,458,363",,제 33 기,2018.12.31 현재,"378,458,426,731",6
20210323000604,2020,019170,11011,유동부채,OFS,재무제표,BS,재무상태표,제 35 기,2020.12.31 현재,"81,830,252,888",,제 34 기,2019.12.31 현재,"132,332,809,321",,제 33 기,2018.12.31 현재,"145,614,235,087",8
20210323000604,2020,019170,11011,비유동부채,OFS,재무제표,BS,재무상태표,제 35 기,2020.12.31 현재,"30,482,582,900",,제 34 기,2019.12.31 현재,"38,032,119,090",,제 33 기,2018.12.31 현재,"27,300,250,041",10
20210323000604,2020,019170,11011,부채총계,OFS,재무제표,BS,재무상태표,제 35 기,2020.12.31 현재,"112,312,835,788",,제 34 기,2019.12.31 현재,"170,364,928,411",,제 33 기,2018.12.31 현재,"172,914,485,128",12
20210323000604,2020,019170,11011,자본금,OFS,재무제표,BS,재무상태표,제 35 기,2020.12.31 현재,"27,592,495,000",,제 34 기,2019.12.31 현재,"27,592,495,000",,제 33 기,2018.12.31 현재,"27,592,495,000",15
20210323000604,2020,019170,11011,이익잉여금,OFS,재무제표,BS,재무상태표,제 35 기,2020.12.31 현재,"139,003,810,231",,제 34 기,2019.12.31 현재,"132,349,028,415",,제 33 기,2018.12.31 현재,"130,451,412,154",19
20210323000604,2020,019170,11011,자본총계,OFS,재무제표,BS,재무상태표,제 35 기,2020.12.31 현재,"371,519,984,397",,제 34 기,2019.12.31 현재,"208,115,529,952",,제 33 기,2018.12.31 현재,"205,543,941,603",22
20210323000604,2020,019170,11011,매출액,OFS,재무제표,IS,손익계산서,제 35 기,2020.01.01 ~ 2020.12.31,"187,327,145,261",,제 34 기,2019.01.01 ~ 2019.12.31,"180,095,840,301",,제 33 기,2018.01.01 ~ 2018.12.31,"177,007,947,332",24
20210323000604,2020,019170,11011,영업이익,OFS,재무제표,IS,손익계산서,제 35 기,2020.01.01 ~ 2020.12.31,"6,349,958,301",,제 34 기,2019.01.01 ~ 2019.12.31,"4,496,197,591",,제 33 기,2018.01.01 ~ 2018.12.31,"6,030,657,400",26
20210323000604,2020,019170,11011,법인세차감전 순이익,OFS,재무제표,IS,손익계산서,제 35 기,2020.01.01 ~ 2020.12.31,"4,294,604,870",,제 34 기,2019.01.01 ~ 2019.12.31,"5,877,421,225",,제 33 기,2018.01.01 ~ 2018.12.31,"3,082,980,248",28
20210323000604,2020,019170,11011,당기순이익,OFS,재무제표,IS,손익계산서,제 35 기,2020.01.01 ~ 2020.12.31,"1,524,606,401",,제 34 기,2019.01.01 ~ 2019.12.31,"4,424,259,963",,제 33 기,2018.01.01 ~ 2018.12.31,"1,261,135,426",30
