접수번호,계정명,당기명,당기일자,당기금액,전기명,전기일자,전기금액
20160516003065,유동자산,제 49 기1분기말,2016.03.31 현재,"67,485,844,000,000",제 48 기말,2015.12.31 현재,"67,529,210,000,000"
20160516003065,비유동자산,제 49 기1분기말,2016.03.31 현재,"97,641,513,000,000",제 48 기말,2015.12.31 현재,"97,838,736,000,000"
20160516003065,자산총계,제 49 기1분기말,2016.03.31 현재,"165,127,357,000,000",제 48 기말,2015.12.31 현재,"165,367,946,000,000"
20160516003065,유동부채,제 49 기1분기말,2016.03.31 현재,"40,703,307,000,000",제 48 기말,2015.12.31 현재,"41,213,520,000,000"
20160516003065,비유동부채,제 49 기1분기말,2016.03.31 현재,"56,922,898,000,000",제 48 기말,2015.12.31 현재,"57,273,025,000,000"
20160516003065,부채총계,제 49 기1분기말,2016.03.31 현재,"97,626,205,000,000",제 48 기말,2015.12.31 현재,"98,486,545,000,000"
20160516003065,자본총계,제 49 기1분기말,2016.03.31 현재,"67,501,152,000,000",제 48 기말,2015.12.31 현재,"66,881,401,000,000"
20160516003065,매출액,제 49 기1분기,2016.01.01 ~ 2016.03.31,"22,350,624,000,000",제 48 기1분기,2015.01.01 ~ 2015.03.31,"20,942,756,000,000"
20160516003065,영업이익,제 49 기1분기,2016.01.01 ~ 2016.03.31,"1,342,391,000,000",제 48 기1분기,2015.01.01 ~ 2015.03.31,"1,588,028,000,000"
20160516003065,법인세차감전 순이익,제 49 기1분기,2016.01.01 ~ 2016.03.31,"2,163,431,000,000",제 48 기1분기,2015.01.01 ~ 2015.03.31,"2,321,003,000,000"
20160516003065,당기순이익,제 49 기1분기,2016.01.01 ~ 2016.03.31,"1,768,131,000,000",제 48 기1분기,2015.01.01 ~ 2015.03.31,"1,983,285,000,000"
20160516003065,유동자산,제 49 기1분기말,2016.03.31 현재,"22,614,012,000,000",제 48 기말,2015.12.31 현재,"22,098,375,000,000"
20160516003065,비유동자산,제 49 기1분기말,2016.03.31 현재,"44,836,108,000,000",제 48 기말,2015.12.31 현재,"44,879,849,000,000"
20160516003065,자산총계,제 49 기1분기말,2016.03.31 현재,"67,450,120,000,000",제 48 기말,2015.12.31 현재,"66,978,224,000,000"
20160516003065,유동부채,제 49 기1분기말,2016.03.31 현재,"11,172,772,000,000",제 48 기말,2015.12.31 현재,"12,173,086,000,000"
20160516003065,비유동부채,제 49 기1분기말,2016.03.31 현재,"5,615,205,000,000",제 48 기말,2015.12.31 현재,"5,108,374,000,000"
20160516003065,부채총계,제 49 기1분기말,2016.03.31 현재,"16,787,977,000,000",제 48 기말,2015.12.31 현재,"17,281,460,000,000"
20160516003065,이익잉여금,제 49 기1분기말,2016.03.31 현재,"46,534,754,000,000",제 48 기말,2015.12.31 현재,"45,405,798,000,000"
20160516003065,자본총계,제 49 기1분기말,2016.03.31 현재,"50,662,143,000,000",제 48 기말,2015.12.31 현재,"49,696,764,000,000"
20160516003065,매출액,제 49 기1분기,2016.01.01 ~ 2016.03.31,-,제 48 기1분기,2015.01.01 ~ 2015.03.31,-
20160516003065,영업이익,제 49 기1분기,2016.01.01 ~ 2016.03.31,-,제 48 기1분기,2015.01.01 ~ 2015.03.31,-
20160516003065,법인세차감전 순이익,제 49 기1분기,2016.01.01 ~ 2016.03.31,-,제 48 기1분기,2015.01.01 ~ 2015.03.31,-
20160516003065,당기순이익,제 49 기1분기,2016.01.01 ~ 2016.03.31,-,제 48 기1분기,2015.01.01 ~ 2015.03.31,-
20160816001662,유동자산,제 49 기반기말,2016.06.30 현재,"69,081,618,000,000",제 48 기말,2015.12.31 현재,"67,529,210,000,000"
20160816001662,비유동자산,제 49 기반기말,2016.06.30 현재,"100,636,485,000,000",제 48 기말,2015.12.31 현재,"97,838,736,000,000"
20160816001662,자산총계,제 49 기반기말,2016.06.30 현재,"169,718,103,000,000",제 48 기말,2015.12.31 현재,"165,367,946,000,000"
20160816001662,유동부채,제 49 기반기말,2016.06.30 현재,"42,194,400,000,000",제 48 기말,2015.12.31 현재,"41,213,520,000,000"
20160816001662,비유동부채,제 49 기반기말,2016.06.30 현재,"58,347,925,000,000",제 48 기말,2015.12.31 현재,"57,273,025,000,000"
20160816001662,부채총계,제 49 기반기말,2016.06.30 현재,"100,542,325,000,000",제 48 기말,2015.12.31 현재,"98,486,545,000,000"
20160816001662,자본총계,제 49 기반기말,2016.06.30 현재,"69,175,778,000,000",제 48 기말,2015.12.31 현재,"66,881,401,000,000"
20160816001662,매출액,제 49 기반기,2016.01.01 ~ 2016.06.30,"24,676,726,000,000",제 48 기반기,2015.01.01 ~ 2015.06.30,"22,821,627,000,000"
20160816001662,영업이익,제 49 기반기,2016.01.01 ~ 2016.06.30,"1,761,839,000,000",제 48 기반기,2015.01.01 ~ 2015.06.30,"1,750,908,000,000"
20160816001662,법인세차감전 순이익,제 49 기반기,2016.01.01 ~ 2016.06.30,"2,381,587,000,000",제 48 기반기,2015.01.01 ~ 2015.06.30,"2,369,685,000,000"
20160816001662,당기순이익,제 49 기반기,2016.01.01 ~ 2016.06.30,"1,763,922,000,000",제 48 기반기,2015.01.01 ~ 2015.06.30,"1,790,417,000,000"
20160816001662,유동자산,제 49 기반기말,2016.06.30 현재,"22,908,267,000,000",제 48 기말,2015.12.31 현재,"22,098,375,000,000"
20160816001662,비유동자산,제 49 기반기말,2016.06.30 현재,"44,844,895,000,000",제 48 기말,2015.12.31 현재,"44,879,849,000,000"
20160816001662,자산총계,제 49 기반기말,2016.06.30 현재,"67,753,162,000,000",제 48 기말,2015.12.31 현재,"66,978,224,000,000"
20160816001662,유동부채,제 49 기반기말,2016.06.30 현재,"10,319,710,000,000",제 48 기말,2015.12.31 현재,"12,173,086,000,000"
20160816001662,비유동부채,제 49 기반기말,2016.06.30 현재,"5,490,605,000,000",제 48 기말,2015.12.31 현재,"5,108,374,000,000"
20160816001662,부채총계,제 49 기반기말,2016.06.30 현재,"15,810,315,000,000",제 48 기말,2015.12.31 현재,"17,281,460,000,000"
20160816001662,이익잉여금,제 49 기반기말,2016.06.30 현재,"47,907,719,000,000",제 48 기말,2015.12.31 현재,"45,405,798,000,000"
20160816001662,자본총계,제 49 기반기말,2016.06.30 현재,"51,942,847,000,000",제 48 기말,2015.12.31 현재,"49,696,764,000,000"
20160816001662,매출액,제 49 기반기,2016.01.01 ~ 2016.06.30,"11,542,128,000,000",제 48 기반기,2015.01.01 ~ 2015.06.30,"11,629,590,000,000"
20160816001662,영업이익,제 49 기반기,2016.01.01 ~ 2016.06.30,"1,102,940,000,000",제 48 기반기,2015.01.01 ~ 2015.06.30,"1,274,619,000,000"
20160816001662,법인세차감전 순이익,제 49 기반기,2016.01.01 ~ 2016.06.30,"1,708,001,000,000",제 48 기반기,2015.01.01 ~ 2015.06.30,"1,484,902,000,000"
20160816001662,당기순이익,제 49 기반기,2016.01.01 ~ 2016.06.30,"1,372,965,000,000",제 48 기반기,2015.01.01 ~ 2015.06.30,"1,129,098,000,000"
20161114002002,유동자산,제 49 기3분기말,2016.09.30 현재,"66,941,597,000,000",제 48 기말,2015.12.31 현재,"67,529,210,000,000"
20161114002002,비유동자산,제 49 기3분기말,2016.09.30 현재,"100,139,420,000,000",제 48 기말,2015.12.31 현재,"97,838,736,000,000"
20161114002002,자산총계,제 49 기3분기말,2016.09.30 현재,"167,081,017,000,000",제 48 기말,2015.12.31 현재,"165,367,946,000,000"
20161114002002,유동부채,제 49 기3분기말,2016.09.30 현재,"39,246,047,000,000",제 48 기말,2015.12.31 현재,"41,213,520,000,000"
20161114002002,비유동부채,제 49 기3분기말,2016.09.30 현재,"58,587,686,000,000",제 48 기말,2015.12.31 현재,"57,273,025,000,000"
20161114002002,부채총계,제 49 기3분기말,2016.09.30 현재,"97,833,733,000,000",제 48 기말,2015.12.31 현재,"98,486,545,000,000"
20161114002002,자본총계,제 49 기3분기말,2016.09.30 현재,"69,247,284,000,000",제 48 기말,2015.12.31 현재,"66,881,401,000,000"
20161114002002,매출액,제 49 기3분기,2016.01.01 ~ 2016.09.30,"22,083,670,000,000",제 48 기3분기,2015.01.01 ~ 2015.09.30,"23,429,581,000,000"
20161114002002,영업이익,제 49 기3분기,2016.01.01 ~ 2016.09.30,"1,068,104,000,000",제 48 기3분기,2015.01.01 ~ 2015.09.30,"1,503,919,000,000"
20161114002002,법인세차감전 순이익,제 49 기3분기,2016.01.01 ~ 2016.09.30,"1,494,666,000,000",제 48 기3분기,2015.01.01 ~ 2015.09.30,"1,705,404,000,000"
20161114002002,당기순이익,제 49 기3분기,2016.01.01 ~ 2016.09.30,"1,118,764,000,000",제 48 기3분기,2015.01.01 ~ 2015.09.30,"1,206,018,000,000"
20161114002002,유동자산,제 49 기3분기말,2016.09.30 현재,"20,813,974,000,000",제 48 기말,2015.12.31 현재,"22,098,375,000,000"
20161114002002,비유동자산,제 49 기3분기말,2016.09.30 현재,"44,889,781,000,000",제 48 기말,2015.12.31 현재,"44,879,849,000,000"
20161114002002,자산총계,제 49 기3분기말,2016.09.30 현재,"65,703,755,000,000",제 48 기말,2015.12.31 현재,"66,978,224,000,000"
20161114002002,유동부채,제 49 기3분기말,2016.09.30 현재,"8,335,107,000,000",제 48 기말,2015.12.31 현재,"12,173,086,000,000"
20161114002002,비유동부채,제 49 기3분기말,2016.09.30 현재,"5,347,966,000,000",제 48 기말,2015.12.31 현재,"5,108,374,000,000"
20161114002002,부채총계,제 49 기3분기말,2016.09.30 현재,"13,683,073,000,000",제 48 기말,2015.12.31 현재,"17,281,460,000,000"
20161114002002,이익잉여금,제 49 기3분기말,2016.09.30 현재,"47,815,899,000,000",제 48 기말,2015.12.31 현재,"45,405,798,000,000"
20161114002002,자본총계,제 49 기3분기말,2016.09.30 현재,"52,020,682,000,000",제 48 기말,2015.12.31 현재,"49,696,764,000,000"
20161114002002,매출액,제 49 기3분기,2016.01.01 ~ 2016.09.30,"7,996,646,000,000",제 48 기3분기,2015.01.01 ~ 2015.09.30,"10,060,853,000,000"
20161114002002,영업이익,제 49 기3분기,2016.01.01 ~ 2016.09.30,"23,867,000,000",제 48 기3분기,2015.01.01 ~ 2015.09.30,"818,612,000,000"
20161114002002,법인세차감전 순이익,제 49 기3분기,2016.01.01 ~ 2016.09.30,"208,598,000,000",제 48 기3분기,2015.01.01 ~ 2015.09.30,"1,358,364,000,000"
20170331004820,유동자산,제 49 기,2016.12.31 현재,"72,449,600,000,000",제 48 기,2015.12.31 현재,"67,529,210,000,000"
20170331004820,비유동자산,제 49 기,2016.12.31 현재,"106,386,328,000,000",제 48 기,2015.12.31 현재,"97,838,736,000,000"
20170331004820,자산총계,제 49 기,2016.12.31 현재,"178,835,928,000,000",제 48 기,2015.12.31 현재,"165,367,946,000,000"
20170331004820,유동부채,제 49 기,2016.12.31 현재,"43,609,793,000,000",제 48 기,2015.12.31 현재,"41,213,520,000,000"
20170331004820,비유동부채,제 49 기,2016.12.31 현재,"62,881,557,000,000",제 48 기,2015.12.31 현재,"57,273,025,000,000"
20170331004820,부채총계,제 49 기,2016.12.31 현재,"106,491,350,000,000",제 48 기,2015.12.31 현재,"98,486,545,000,000"
20170331004820,자본총계,제 49 기,2016.12.31 현재,"72,344,578,000,000",제 48 기,2015.12.31 현재,"66,881,401,000,000"
20170331004820,매출액,제 49 기,2016.01.01 ~ 2016.12.31,"93,649,024,000,000",제 48 기,2015.01.01 ~ 2015.12.31,"91,958,736,000,000"
20170331004820,영업이익,제 49 기,2016.01.01 ~ 2016.12.31,"5,193,500,000,000",제 48 기,2015.01.01 ~ 2015.12.31,"6,357,906,000,000"
20170331004820,법인세차감전 순이익,제 49 기,2016.01.01 ~ 2016.12.31,"7,307,072,000,000",제 48 기,2015.01.01 ~ 2015.12.31,"8,459,373,000,000"
20170331004820,당기순이익,제 49 기,2016.01.01 ~ 2016.12.31,"5,719,653,000,000",제 48 기,2015.01.01 ~ 2015.12.31,"6,509,165,000,000"
20170331004820,유동자산,제 49 기,2016.12.31 현재,"24,175,403,000,000",제 48 기,2015.12.31 현재,"22,098,375,000,000"
20170331004820,비유동자산,제 49 기,2016.12.31 현재,"45,675,514,000,000",제 48 기,2015.12.31 현재,"44,879,849,000,000"
20170331004820,자산총계,제 49 기,2016.12.31 현재,"69,850,917,000,000",제 48 기,2015.12.31 현재,"66,978,224,000,000"
20170331004820,유동부채,제 49 기,2016.12.31 현재,"11,209,671,000,000",제 48 기,2015.12.31 현재,"12,173,086,000,000"
20170331004820,비유동부채,제 49 기,2016.12.31 현재,"6,061,535,000,000",제 48 기,2015.12.31 현재,"5,108,374,000,000"
20170331004820,부채총계,제 49 기,2016.12.31 현재,"17,271,206,000,000",제 48 기,2015.12.31 현재,"17,281,460,000,000"
20170331004820,이익잉여금,제 49 기,2016.12.31 현재,"48,405,444,000,000",제 48 기,2015.12.31 현재,"45,405,798,000,000"
20170331004820,자본총계,제 49 기,2016.12.31 현재,"52,579,711,000,000",제 48 기,2015.12.31 현재,"49,696,764,000,000"
20170331004820,매출액,제 49 기,2016.01.01 ~ 2016.12.31,"41,713,632,000,000",제 48 기,2015.01.01 ~ 2015.12.31,"44,439,694,000,000"
20170331004820,영업이익,제 49 기,2016.01.01 ~ 2016.12.31,"2,699,482,000,000",제 48 기,2015.01.01 ~ 2015.12.31,"4,267,256,000,000"
20170331004820,법인세차감전 순이익,제 49 기,2016.01.01 ~ 2016.12.31,"4,943,244,000,000",제 48 기,2015.01.01 ~ 2015.12.31,"6,680,063,000,000"
20170331004820,당기순이익,제 49 기,2016.01.01 ~ 2016.12.31,"4,101,860,000,000",제 48 기,2015.01.01 ~ 2015.12.31,"5,435,485,000,000"
20170515004197,유동자산,제 50 기1분기말,2017.03.31 현재,"69,633,170,000,000",제 49 기말,2016.12.31 현재,"72,449,600,000,000"
20170515004197,비유동자산,제 50 기1분기말,2017.03.31 현재,"103,607,601,000,000",제 49 기말,2016.12.31 현재,"106,386,328,000,000"
20170515004197,자산총계,제 50 기1분기말,2017.03.31 현재,"173,240,771,000,000",제 49 기말,2016.12.31 현재,"178,835,928,000,000"
20170515004197,유동부채,제 50 기1분기말,2017.03.31 현재,"41,282,003,000,000",제 49 기말,2016.12.31 현재,"43,609,793,000,000"
20170515004197,비유동부채,제 50 기1분기말,2017.03.31 현재,"60,184,174,000,000",제 49 기말,2016.12.31 현재,"62,881,557,000,000"
20170515004197,부채총계,제 50 기1분기말,2017.03.31 현재,"101,466,177,000,000",제 49 기말,2016.12.31 현재,"106,491,350,000,000"
20170515004197,자본총계,제 50 기1분기말,2017.03.31 현재,"71,774,594,000,000",제 49 기말,2016.12.31 현재,"72,344,578,000,000"
20170515004197,매출액,제 50 기1분기,2017.01.01 ~ 2017.03.31,"23,365,959,000,000",제 49 기1분기,2016.01.01 ~ 2016.03.31,"22,350,624,000,000"
20170515004197,영업이익,제 50 기1분기,2017.01.01 ~ 2017.03.31,"1,250,761,000,000",제 49 기1분기,2016.01.01 ~ 2016.03.31,"1,342,391,000,000"
20170515004197,법인세차감전 순이익,제 50 기1분기,2017.01.01 ~ 2017.03.31,"1,757,053,000,000",제 49 기1분기,2016.01.01 ~ 2016.03.31,"2,163,431,000,000"
20170515004197,당기순이익,제 50 기1분기,2017.01.01 ~ 2017.03.31,"1,405,694,000,000",제 49 기1분기,2016.01.01 ~ 2016.03.31,"1,768,131,000,000"
20170515004197,유동자산,제 50 기1분기말,2017.03.31 현재,"23,980,715,000,000",제 49 기말,2016.12.31 현재,"24,175,403,000,000"
20170515004197,비유동자산,제 50 기1분기말,2017.03.31 현재,"45,728,560,000,000",제 49 기말,2016.12.31 현재,"45,675,514,000,000"
20170515004197,자산총계,제 50 기1분기말,2017.03.31 현재,"69,709,275,000,000",제 49 기말,2016.12.31 현재,"69,850,917,000,000"
20170515004197,유동부채,제 50 기1분기말,2017.03.31 현재,"10,851,839,000,000",제 49 기말,2016.12.31 현재,"11,209,671,000,000"
20170515004197,비유동부채,제 50 기1분기말,2017.03.31 현재,"6,104,260,000,000",제 49 기말,2016.12.31 현재,"6,061,535,000,000"
20170515004197,부채총계,제 50 기1분기말,2017.03.31 현재,"16,956,099,000,000",제 49 기말,2016.12.31 현재,"17,271,206,000,000"
20170515004197,이익잉여금,제 50 기1분기말,2017.03.31 현재,"48,561,967,000,000",제 49 기말,2016.12.31 현재,"48,405,444,000,000"
20170515004197,자본총계,제 50 기1분기말,2017.03.31 현재,"52,753,176,000,000",제 49 기말,2016.12.31 현재,"52,579,711,000,000"
20170515004197,매출액,제 50 기1분기,2017.01.01 ~ 2017.03.31,"10,317,549,000,000",제 49 기1분기,2016.01.01 ~ 2016.03.31,"10,146,581,000,000"
20170515004197,영업이익,제 50 기1분기,2017.01.01 ~ 2017.03.31,"758,908,000,000",제 49 기1분기,2016.01.01 ~ 2016.03.31,"1,031,394,000,000"
20170515004197,법인세차감전 순이익,제 50 기1분기,2017.01.01 ~ 2017.03.31,"1,207,696,000,000",제 49 기1분기,2016.01.01 ~ 2016.03.31,"2,337,104,000,000"
20170515004197,당기순이익,제 50 기1분기,2017.01.01 ~ 2017.03.31,"967,374,000,000",제 49 기1분기,2016.01.01 ~ 2016.03.31,"1,939,846,000,000"
20170814002062,유동자산,제 50 기반기말,2017.06.30 현재,"71,920,404,000,000",제 49 기말,2016.12.31 현재,"72,449,600,000,000"
20170814002062,비유동자산,제 50 기반기말,2017.06.30 현재,"106,836,453,000,000",제 49 기말,2016.12.31 현재,"106,386,328,000,000"
20170814002062,자산총계,제 50 기반기말,2017.06.30 현재,"178,756,857,000,000",제 49 기말,2016.12.31 현재,"178,835,928,000,000"
20170814002062,유동부채,제 50 기반기말,2017.06.30 현재,"43,181,695,000,000",제 49 기말,2016.12.31 현재,"43,609,793,000,000"
20170814002062,비유동부채,제 50 기반기말,2017.06.30 현재,"61,897,149,000,000",제 49 기말,2016.12.31 현재,"62,881,557,000,000"
20170814002062,부채총계,제 50 기반기말,2017.06.30 현재,"105,078,844,000,000",제 49 기말,2016.12.31 현재,"106,491,350,000,000"
20170814002062,자본총계,제 50 기반기말,2017.06.30 현재,"73,678,013,000,000",제 49 기말,2016.12.31 현재,"72,344,578,000,000"
20170814002062,매출액,제 50 기반기,2017.01.01 ~ 2017.06.30,"24,308,002,000,000",제 49 기반기,2016.01.01 ~ 2016.06.30,"24,676,726,000,000"
20170814002062,영업이익,제 50 기반기,2017.01.01 ~ 2017.06.30,"1,344,470,000,000",제 49 기반기,2016.01.01 ~ 2016.06.30,"1,761,839,000,000"
20170814002062,법인세차감전 순이익,제 50 기반기,2017.01.01 ~ 2017.06.30,"1,164,970,000,000",제 49 기반기,2016.01.01 ~ 2016.06.30,"2,381,587,000,000"
20170814002062,당기순이익,제 50 기반기,2017.01.01 ~ 2017.06.30,"913,626,000,000",제 49 기반기,2016.01.01 ~ 2016.06.30,"1,763,922,000,000"
20170814002062,유동자산,제 50 기반기말,2017.06.30 현재,"24,509,450,000,000",제 49 기말,2016.12.31 현재,"24,175,403,000,000"
20170814002062,비유동자산,제 50 기반기말,2017.06.30 현재,"46,084,817,000,000",제 49 기말,2016.12.31 현재,"45,675,514,000,000"
20170814002062,자산총계,제 50 기반기말,2017.06.30 현재,"70,594,267,000,000",제 49 기말,2016.12.31 현재,"69,850,917,000,000"
20170814002062,유동부채,제 50 기반기말,2017.06.30 현재,"10,910,697,000,000",제 49 기말,2016.12.31 현재,"11,209,671,000,000"
20170814002062,비유동부채,제 50 기반기말,2017.06.30 현재,"5,941,100,000,000",제 49 기말,2016.12.31 현재,"6,061,535,000,000"
20170814002062,부채총계,제 50 기반기말,2017.06.30 현재,"16,851,797,000,000",제 49 기말,2016.12.31 현재,"17,271,206,000,000"
20170814002062,이익잉여금,제 50 기반기말,2017.06.30 현재,"49,236,467,000,000",제 49 기말,2016.12.31 현재,"48,405,444,000,000"
20170814002062,자본총계,제 50 기반기말,2017.06.30 현재,"53,742,470,000,000",제 49 기말,2016.12.31 현재,"52,579,711,000,000"
20170814002062,매출액,제 50 기반기,2017.01.01 ~ 2017.06.30,"11,726,321,000,000",제 49 기반기,2016.01.01 ~ 2016.06.30,"11,542,128,000,000"
20170814002062,영업이익,제 50 기반기,2017.01.01 ~ 2017.06.30,"1,055,269,000,000",제 49 기반기,2016.01.01 ~ 2016.06.30,"1,102,940,000,000"
20170814002062,법인세차감전 순이익,제 50 기반기,2017.01.01 ~ 2017.06.30,"868,433,000,000",제 49 기반기,2016.01.01 ~ 2016.06.30,"1,708,001,000,000"
20170814002062,당기순이익,제 50 기반기,2017.01.01 ~ 2017.06.30,"674,500,000,000",제 49 기반기,2016.01.01 ~ 2016.06.30,"1,372,965,000,000"
20171114002108,유동자산,제 50 기3분기말,2017.09.30 현재,"73,923,707,000,000",제 49 기말,2016.12.31 현재,"72,449,600,000,000"
20171114002108,비유동자산,제 50 기3분기말,2017.09.30 현재,"107,564,125,000,000",제 49 기말,2016.12.31 현재,"106,386,328,000,000"
20171114002108,자산총계,제 50 기3분기말,2017.09.30 현재,"181,487,832,000,000",제 49 기말,2016.12.31 현재,"178,835,928,000,000"
20171114002108,유동부채,제 50 기3분기말,2017.09.30 현재,"42,208,381,000,000",제 49 기말,2016.12.31 현재,"43,609,793,000,000"
20171114002108,비유동부채,제 50 기3분기말,2017.09.30 현재,"64,681,086,000,000",제 49 기말,2016.12.31 현재,"62,881,557,000,000"
20171114002108,부채총계,제 50 기3분기말,2017.09.30 현재,"106,889,467,000,000",제 49 기말,2016.12.31 현재,"106,491,350,000,000"
20171114002108,자본금,제 50 기3분기말,2017.09.30 현재,"1,488,993,000,000",제 49 기말,2016.12.31 현재,"1,488,993,000,000"
20171114002108,이익잉여금,제 50 기3분기말,2017.09.30 현재,"66,274,468,000,000",제 49 기말,2016.12.31 현재,"64,361,408,000,000"
20171114002108,자본총계,제 50 기3분기말,2017.09.30 현재,"74,598,365,000,000",제 49 기말,2016.12.31 현재,"72,344,578,000,000"
20171114002108,매출액,제 50 기3분기,2017.01.01 ~ 2017.09.30,"24,201,273,000,000",제 49 기3분기,2016.01.01 ~ 2016.09.30,"22,083,670,000,000"
20171114002108,영업이익,제 50 기3분기,2017.01.01 ~ 2017.09.30,"1,204,207,000,000",제 49 기3분기,2016.01.01 ~ 2016.09.30,"1,068,104,000,000"
20171114002108,법인세차감전 순이익,제 50 기3분기,2017.01.01 ~ 2017.09.30,"1,100,395,000,000",제 49 기3분기,2016.01.01 ~ 2016.09.30,"1,494,666,000,000"
20171114002108,당기순이익,제 50 기3분기,2017.01.01 ~ 2017.09.30,"939,182,000,000",제 49 기3분기,2016.01.01 ~ 2016.09.30,"1,118,764,000,000"
20171114002108,유동자산,제 50 기3분기말,2017.09.30 현재,"23,090,731,000,000",제 49 기말,2016.12.31 현재,"24,175,403,000,000"
20171114002108,비유동자산,제 50 기3분기말,2017.09.30 현재,"46,713,524,000,000",제 49 기말,2016.12.31 현재,"45,675,514,000,000"
20171114002108,자산총계,제 50 기3분기말,2017.09.30 현재,"69,804,255,000,000",제 49 기말,2016.12.31 현재,"69,850,917,000,000"
20171114002108,유동부채,제 50 기3분기말,2017.09.30 현재,"9,514,322,000,000",제 49 기말,2016.12.31 현재,"11,209,671,000,000"
20171114002108,비유동부채,제 50 기3분기말,2017.09.30 현재,"5,947,138,000,000",제 49 기말,2016.12.31 현재,"6,061,535,000,000"
20171114002108,부채총계,제 50 기3분기말,2017.09.30 현재,"15,461,460,000,000",제 49 기말,2016.12.31 현재,"17,271,206,000,000"
20171114002108,자본금,제 50 기3분기말,2017.09.30 현재,"1,488,993,000,000",제 49 기말,2016.12.31 현재,"1,488,993,000,000"
20171114002108,이익잉여금,제 50 기3분기말,2017.09.30 현재,"49,952,254,000,000",제 49 기말,2016.12.31 현재,"48,405,444,000,000"
20171114002108,자본총계,제 50 기3분기말,2017.09.30 현재,"54,342,795,000,000",제 49 기말,2016.12.31 현재,"52,579,711,000,000"
20171114002108,매출액,제 50 기3분기,2017.01.01 ~ 2017.09.30,"9,742,388,000,000",제 49 기3분기,2016.01.01 ~ 2016.09.30,"7,996,646,000,000"
20171114002108,영업이익,제 50 기3분기,2017.01.01 ~ 2017.09.30,"341,581,000,000",제 49 기3분기,2016.01.01 ~ 2016.09.30,"23,867,000,000"
20171114002108,법인세차감전 순이익,제 50 기3분기,2017.01.01 ~ 2017.09.30,"1,056,770,000,000",제 49 기3분기,2016.01.01 ~ 2016.09.30,"208,598,000,000"
20171114002108,당기순이익,제 50 기3분기,2017.01.01 ~ 2017.09.30,"984,441,000,000",제 49 기3분기,2016.01.01 ~ 2016.09.30,"176,833,000,000"
20180402004162,유동자산,제 50 기,2017.12.31 현재,"73,975,914,000,000",제 49 기,2016.12.31 현재,"72,449,600,000,000"
20180402004162,비유동자산,제 50 기,2017.12.31 현재,"104,223,540,000,000",제 49 기,2016.12.31 현재,"106,386,328,000,000"
20180402004162,자산총계,제 50 기,2017.12.31 현재,"178,199,454,000,000",제 49 기,2016.12.31 현재,"178,835,928,000,000"
20180402004162,유동부채,제 50 기,2017.12.31 현재,"43,160,709,000,000",제 49 기,2016.12.31 현재,"43,609,793,000,000"
20180402004162,비유동부채,제 50 기,2017.12.31 현재,"60,281,391,000,000",제 49 기,2016.12.31 현재,"62,881,557,000,000"
20180402004162,부채총계,제 50 기,2017.12.31 현재,"103,442,100,000,000",제 49 기,2016.12.31 현재,"106,491,350,000,000"
20180402004162,자본금,제 50 기,2017.12.31 현재,"1,488,993,000,000",제 49 기,2016.12.31 현재,"1,488,993,000,000"
20180402004162,이익잉여금,제 50 기,2017.12.31 현재,"67,332,328,000,000",제 49 기,2016.12.31 현재,"64,361,408,000,000"
20180402004162,자본총계,제 50 기,2017.12.31 현재,"74,757,354,000,000",제 49 기,2016.12.31 현재,"72,344,578,000,000"
20180402004162,매출액,제 50 기,2017.01.01 ~ 2017.12.31,"96,376,079,000,000",제 49 기,2016.01.01 ~ 2016.12.31,"93,649,024,000,000"
20180402004162,영업이익,제 50 기,2017.01.01 ~ 2017.12.31,"4,574,667,000,000",제 49 기,2016.01.01 ~ 2016.12.31,"5,193,500,000,000"
20180402004162,법인세차감전 순이익,제 50 기,2017.01.01 ~ 2017.12.31,"4,438,550,000,000",제 49 기,2016.01.01 ~ 2016.12.31,"7,307,072,000,000"
20180402004162,당기순이익,제 50 기,2017.01.01 ~ 2017.12.31,"4,546,400,000,000",제 49 기,2016.01.01 ~ 2016.12.31,"5,719,653,000,000"
20180402004162,유동자산,제 50 기,2017.12.31 현재,"23,299,445,000,000",제 49 기,2016.12.31 현재,"24,175,403,000,000"
20180402004162,비유동자산,제 50 기,2017.12.31 현재,"46,831,205,000,000",제 49 기,2016.12.31 현재,"45,675,514,000,000"
20180402004162,자산총계,제 50 기,2017.12.31 현재,"70,130,650,000,000",제 49 기,2016.12.31 현재,"69,850,917,000,000"
20180402004162,유동부채,제 50 기,2017.12.31 현재,"10,360,637,000,000",제 49 기,2016.12.31 현재,"11,209,671,000,000"
20180402004162,비유동부채,제 50 기,2017.12.31 현재,"5,545,595,000,000",제 49 기,2016.12.31 현재,"6,061,535,000,000"
20180402004162,부채총계,제 50 기,2017.12.31 현재,"15,906,232,000,000",제 49 기,2016.12.31 현재,"17,271,206,000,000"
20180402004162,자본금,제 50 기,2017.12.31 현재,"1,488,993,000,000",제 49 기,2016.12.31 현재,"1,488,993,000,000"
20180402004162,이익잉여금,제 50 기,2017.12.31 현재,"49,885,558,000,000",제 49 기,2016.12.31 현재,"48,405,444,000,000"
20180402004162,자본총계,제 50 기,2017.12.31 현재,"54,224,418,000,000",제 49 기,2016.12.31 현재,"52,579,711,000,000"
20180402004162,매출액,제 50 기,2017.01.01 ~ 2017.12.31,"41,604,869,000,000",제 49 기,2016.01.01 ~ 2016.12.31,"41,713,632,000,000"
20180402004162,영업이익,제 50 기,2017.01.01 ~ 2017.12.31,"2,163,447,000,000",제 49 기,2016.01.01 ~ 2016.12.31,"2,699,482,000,000"
20180402004162,법인세차감전 순이익,제 50 기,2017.01.01 ~ 2017.12.31,"3,077,060,000,000",제 49 기,2016.01.01 ~ 2016.12.31,"4,943,244,000,000"
20180515002108,유동자산,제 51 기1분기말,2018.03.31 현재,"71,247,470,000,000",제 50 기말,2017.12.31 현재,"73,975,914,000,000"
20180515002108,비유동자산,제 51 기1분기말,2018.03.31 현재,"104,321,182,000,000",제 50 기말,2017.12.31 현재,"104,223,540,000,000"
20180515002108,자산총계,제 51 기1분기말,2018.03.31 현재,"175,568,652,000,000",제 50 기말,2017.12.31 현재,"178,199,454,000,000"
20180515002108,유동부채,제 51 기1분기말,2018.03.31 현재,"44,195,887,000,000",제 50 기말,2017.12.31 현재,"43,160,709,000,000"
20180515002108,비유동부채,제 51 기1분기말,2018.03.31 현재,"56,892,676,000,000",제 50 기말,2017.12.31 현재,"60,281,391,000,000"
20180515002108,부채총계,제 51 기1분기말,2018.03.31 현재,"101,088,563,000,000",제 50 기말,2017.12.31 현재,"103,442,100,000,000"
20180515002108,자본금,제 51 기1분기말,2018.03.31 현재,"1,488,993,000,000",제 50 기말,2017.12.31 현재,"1,488,993,000,000"
20180515002108,이익잉여금,제 51 기1분기말,2018.03.31 현재,"67,392,957,000,000",제 50 기말,2017.12.31 현재,"67,332,328,000,000"
20180515002108,자본총계,제 51 기1분기말,2018.03.31 현재,"74,480,089,000,000",제 50 기말,2017.12.31 현재,"74,757,354,000,000"
20180515002108,매출액,제 51 기1분기,2018.01.01 ~ 2018.03.31,"22,436,561,000,000",제 50 기1분기,2017.01.01 ~ 2017.03.31,"23,365,959,000,000"
20180515002108,영업이익,제 51 기1분기,2018.01.01 ~ 2018.03.31,"681,291,000,000",제 50 기1분기,2017.01.01 ~ 2017.03.31,"1,250,761,000,000"
20180515002108,법인세차감전 순이익,제 51 기1분기,2018.01.01 ~ 2018.03.31,"925,886,000,000",제 50 기1분기,2017.01.01 ~ 2017.03.31,"1,757,053,000,000"
20180515002108,당기순이익,제 51 기1분기,2018.01.01 ~ 2018.03.31,"731,635,000,000",제 50 기1분기,2017.01.01 ~ 2017.03.31,"1,405,694,000,000"
20180515002108,유동자산,제 51 기1분기말,2018.03.31 현재,"23,084,566,000,000",제 50 기말,2017.12.31 현재,"23,299,445,000,000"
20180515002108,비유동자산,제 51 기1분기말,2018.03.31 현재,"46,818,532,000,000",제 50 기말,2017.12.31 현재,"46,831,205,000,000"
20180515002108,자산총계,제 51 기1분기말,2018.03.31 현재,"69,903,098,000,000",제 50 기말,2017.12.31 현재,"70,130,650,000,000"
20180515002108,유동부채,제 51 기1분기말,2018.03.31 현재,"10,914,902,000,000",제 50 기말,2017.12.31 현재,"10,360,637,000,000"
20180515002108,비유동부채,제 51 기1분기말,2018.03.31 현재,"5,157,419,000,000",제 50 기말,2017.12.31 현재,"5,545,595,000,000"
20180515002108,부채총계,제 51 기1분기말,2018.03.31 현재,"16,072,321,000,000",제 50 기말,2017.12.31 현재,"15,906,232,000,000"
20180515002108,자본금,제 51 기1분기말,2018.03.31 현재,"1,488,993,000,000",제 50 기말,2017.12.31 현재,"1,488,993,000,000"
20180515002108,이익잉여금,제 51 기1분기말,2018.03.31 현재,"49,795,875,000,000",제 50 기말,2017.12.31 현재,"49,885,558,000,000"
20180515002108,자본총계,제 51 기1분기말,2018.03.31 현재,"53,830,777,000,000",제 50 기말,2017.12.31 현재,"54,224,418,000,000"
20180515002108,매출액,제 51 기1분기,2018.01.01 ~ 2018.03.31,"9,672,471,000,000",제 50 기1분기,2017.01.01 ~ 2017.03.31,"10,317,549,000,000"
20180515002108,영업이익,제 51 기1분기,2018.01.01 ~ 2018.03.31,"185,324,000,000",제 50 기1분기,2017.01.01 ~ 2017.03.31,"758,908,000,000"
20180515002108,법인세차감전 순이익,제 51 기1분기,2018.01.01 ~ 2018.03.31,"487,712,000,000",제 50 기1분기,2017.01.01 ~ 2017.03.31,"1,207,696,000,000"
20180814002199,유동자산,제 51 기반기말,2018.06.30 현재,"72,908,003,000,000",제 50 기말,2017.12.31 현재,"73,975,914,000,000"
20180814002199,비유동자산,제 51 기반기말,2018.06.30 현재,"106,423,810,000,000",제 50 기말,2017.12.31 현재,"104,223,540,000,000"
20180814002199,자산총계,제 51 기반기말,2018.06.30 현재,"179,331,813,000,000",제 50 기말,2017.12.31 현재,"178,199,454,000,000"
20180814002199,유동부채,제 51 기반기말,2018.06.30 현재,"44,264,559,000,000",제 50 기말,2017.12.31 현재,"43,160,709,000,000"
20180814002199,비유동부채,제 51 기반기말,2018.06.30 현재,"60,114,074,000,000",제 50 기말,2017.12.31 현재,"60,281,391,000,000"
20180814002199,부채총계,제 51 기반기말,2018.06.30 현재,"104,378,633,000,000",제 50 기말,2017.12.31 현재,"103,442,100,000,000"
20180814002199,자본금,제 51 기반기말,2018.06.30 현재,"1,488,993,000,000",제 50 기말,2017.12.31 현재,"1,488,993,000,000"
20180814002199,이익잉여금,제 51 기반기말,2018.06.30 현재,"68,064,680,000,000",제 50 기말,2017.12.31 현재,"67,332,328,000,000"
20180814002199,자본총계,제 51 기반기말,2018.06.30 현재,"74,953,180,000,000",제 50 기말,2017.12.31 현재,"74,757,354,000,000"
20180814002199,매출액,제 51 기반기,2018.01.01 ~ 2018.06.30,"24,711,802,000,000",제 50 기반기,2017.01.01 ~ 2017.06.30,"24,308,002,000,000"
20180814002199,영업이익,제 51 기반기,2018.01.01 ~ 2018.06.30,"950,817,000,000",제 50 기반기,2017.01.01 ~ 2017.06.30,"1,344,470,000,000"
20180814002199,법인세차감전 순이익,제 51 기반기,2018.01.01 ~ 2018.06.30,"1,128,830,000,000",제 50 기반기,2017.01.01 ~ 2017.06.30,"1,164,970,000,000"
20180814002199,당기순이익,제 51 기반기,2018.01.01 ~ 2018.06.30,"810,727,000,000",제 50 기반기,2017.01.01 ~ 2017.06.30,"913,626,000,000"
20180814002199,유동자산,제 51 기반기말,2018.06.30 현재,"23,265,407,000,000",제 50 기말,2017.12.31 현재,"23,299,445,000,000"
20180814002199,비유동자산,제 51 기반기말,2018.06.30 현재,"46,688,711,000,000",제 50 기말,2017.12.31 현재,"46,831,205,000,000"
20180814002199,자산총계,제 51 기반기말,2018.06.30 현재,"69,954,118,000,000",제 50 기말,2017.12.31 현재,"70,130,650,000,000"
20180814002199,유동부채,제 51 기반기말,2018.06.30 현재,"10,618,646,000,000",제 50 기말,2017.12.31 현재,"10,360,637,000,000"
20180814002199,비유동부채,제 51 기반기말,2018.06.30 현재,"5,315,767,000,000",제 50 기말,2017.12.31 현재,"5,545,595,000,000"
20180814002199,부채총계,제 51 기반기말,2018.06.30 현재,"15,934,413,000,000",제 50 기말,2017.12.31 현재,"15,906,232,000,000"
20180814002199,자본금,제 51 기반기말,2018.06.30 현재,"1,488,993,000,000",제 50 기말,2017.12.31 현재,"1,488,993,000,000"
20180814002199,이익잉여금,제 51 기반기말,2018.06.30 현재,"50,461,087,000,000",제 50 기말,2017.12.31 현재,"49,885,558,000,000"
20180814002199,자본총계,제 51 기반기말,2018.06.30 현재,"54,019,705,000,000",제 50 기말,2017.12.31 현재,"54,224,418,000,000"
20180814002199,매출액,제 51 기반기,2018.01.01 ~ 2018.06.30,"10,987,295,000,000",제 50 기반기,2017.01.01 ~ 2017.06.30,"11,726,321,000,000"
20180814002199,영업이익,제 51 기반기,2018.01.01 ~ 2018.06.30,"304,421,000,000",제 50 기반기,2017.01.01 ~ 2017.06.30,"1,055,269,000,000"
20180814002199,법인세차감전 순이익,제 51 기반기,2018.01.01 ~ 2018.06.30,"862,111,000,000",제 50 기반기,2017.01.01 ~ 2017.06.30,"868,433,000,000"
20181114002234,유동자산,제 51 기3분기말,2018.09.30 현재,"73,205,979,000,000",제 50 기말,2017.12.31 현재,"73,975,914,000,000"
20181114002234,비유동자산,제 51 기3분기말,2018.09.30 현재,"106,566,438,000,000",제 50 기말,2017.12.31 현재,"104,223,540,000,000"
20181114002234,자산총계,제 51 기3분기말,2018.09.30 현재,"179,772,417,000,000",제 50 기말,2017.12.31 현재,"178,199,454,000,000"
20181114002234,유동부채,제 51 기3분기말,2018.09.30 현재,"47,148,740,000,000",제 50 기말,2017.12.31 현재,"43,160,709,000,000"
20181114002234,비유동부채,제 51 기3분기말,2018.09.30 현재,"57,699,656,000,000",제 50 기말,2017.12.31 현재,"60,281,391,000,000"
20181114002234,부채총계,제 51 기3분기말,2018.09.30 현재,"104,848,396,000,000",제 50 기말,2017.12.31 현재,"103,442,100,000,000"
20181114002234,자본금,제 51 기3분기말,2018.09.30 현재,"1,488,993,000,000",제 50 기말,2017.12.31 현재,"1,488,993,000,000"
20181114002234,이익잉여금,제 51 기3분기말,2018.09.30 현재,"67,117,791,000,000",제 50 기말,2017.12.31 현재,"67,332,328,000,000"
20181114002234,자본총계,제 51 기3분기말,2018.09.30 현재,"74,924,021,000,000",제 50 기말,2017.12.31 현재,"74,757,354,000,000"
20181114002234,매출액,제 51 기3분기,2018.01.01 ~ 2018.09.30,"24,433,735,000,000",제 50 기3분기,2017.01.01 ~ 2017.09.30,"24,201,273,000,000"
20181114002234,법인세차감전 순이익,제 51 기3분기,2018.01.01 ~ 2018.09.30,"362,297,000,000",제 50 기3분기,2017.01.01 ~ 2017.09.30,"1,100,395,000,000"
20181114002234,유동자산,제 51 기3분기말,2018.09.30 현재,"21,962,177,000,000",제 50 기말,2017.12.31 현재,"23,299,445,000,000"
20181114002234,비유동자산,제 51 기3분기말,2018.09.30 현재,"47,041,024,000,000",제 50 기말,2017.12.31 현재,"46,831,205,000,000"
20181114002234,자산총계,제 51 기3분기말,2018.09.30 현재,"69,003,201,000,000",제 50 기말,2017.12.31 현재,"70,130,650,000,000"
20181114002234,유동부채,제 51 기3분기말,2018.09.30 현재,"9,732,907,000,000",제 50 기말,2017.12.31 현재,"10,360,637,000,000"
20181114002234,비유동부채,제 51 기3분기말,2018.09.30 현재,"5,667,984,000,000",제 50 기말,2017.12.31 현재,"5,545,595,000,000"
20181114002234,부채총계,제 51 기3분기말,2018.09.30 현재,"15,400,891,000,000",제 50 기말,2017.12.31 현재,"15,906,232,000,000"
20181114002234,자본금,제 51 기3분기말,2018.09.30 현재,"1,488,993,000,000",제 50 기말,2017.12.31 현재,"1,488,993,000,000"
20181114002234,이익잉여금,제 51 기3분기말,2018.09.30 현재,"49,019,740,000,000",제 50 기말,2017.12.31 현재,"49,885,558,000,000"
20181114002234,자본총계,제 51 기3분기말,2018.09.30 현재,"53,602,310,000,000",제 50 기말,2017.12.31 현재,"54,224,418,000,000"
20181114002234,매출액,제 51 기3분기,2018.01.01 ~ 2018.09.30,"10,085,005,000,000",제 50 기3분기,2017.01.01 ~ 2017.09.30,"9,742,388,000,000"
20181114002234,영업이익,제 51 기3분기,2018.01.01 ~ 2018.09.30,"-461,819,000,000",제 50 기3분기,2017.01.01 ~ 2017.09.30,"341,581,000,000"
20181114002234,법인세차감전 순이익,제 51 기3분기,2018.01.01 ~ 2018.09.30,"-336,761,000,000",제 50 기3분기,2017.01.01 ~ 2017.09.30,"1,056,770,000,000"
20181114002234,당기순이익,제 51 기3분기,2018.01.01 ~ 2018.09.30,"-235,859,000,000",제 50 기3분기,2017.01.01 ~ 2017.09.30,"984,441,000,000"
20190401004132,유동자산,제 51 기,2018.12.31 현재,"73,008,101,000,000",제 50 기,2017.12.31 현재,"73,975,914,000,000"
20190401004132,비유동자산,제 51 기,2018.12.31 현재,"107,647,651,000,000",제 50 기,2017.12.31 현재,"104,223,540,000,000"
20190401004132,자산총계,제 51 기,2018.12.31 현재,"180,655,752,000,000",제 50 기,2017.12.31 현재,"178,199,454,000,000"
20190401004132,유동부채,제 51 기,2018.12.31 현재,"49,438,414,000,000",제 50 기,2017.12.31 현재,"43,160,709,000,000"
20190401004132,비유동부채,제 51 기,2018.12.31 현재,"57,321,328,000,000",제 50 기,2017.12.31 현재,"60,281,391,000,000"
20190401004132,부채총계,제 51 기,2018.12.31 현재,"106,759,742,000,000",제 50 기,2017.12.31 현재,"103,442,100,000,000"
20190401004132,자본금,제 51 기,2018.12.31 현재,"1,488,993,000,000",제 50 기,2017.12.31 현재,"1,488,993,000,000"
20190401004132,이익잉여금,제 51 기,2018.12.31 현재,"66,490,082,000,000",제 50 기,2017.12.31 현재,"67,332,328,000,000"
20190401004132,자본총계,제 51 기,2018.12.31 현재,"73,896,010,000,000",제 50 기,2017.12.31 현재,"74,757,354,000,000"
20190401004132,매출액,제 51 기,2018.01.01 ~ 2018.12.31,"96,812,609,000,000",제 50 기,2017.01.01 ~ 2017.12.31,"96,376,079,000,000"
20190401004132,법인세차감전 순이익,제 51 기,2018.01.01 ~ 2018.12.31,"2,529,582,000,000",제 50 기,2017.01.01 ~ 2017.12.31,"4,438,550,000,000"
20190401004132,유동자산,제 51 기,2018.12.31 현재,"22,325,069,000,000",제 50 기,2017.12.31 현재,"23,299,445,000,000"
20190401004132,비유동자산,제 51 기,2018.12.31 현재,"47,417,439,000,000",제 50 기,2017.12.31 현재,"46,831,205,000,000"
20190401004132,자산총계,제 51 기,2018.12.31 현재,"69,742,508,000,000",제 50 기,2017.12.31 현재,"70,130,650,000,000"
20190401004132,유동부채,제 51 기,2018.12.31 현재,"12,737,313,000,000",제 50 기,2017.12.31 현재,"10,360,637,000,000"
20190401004132,비유동부채,제 51 기,2018.12.31 현재,"4,429,408,000,000",제 50 기,2017.12.31 현재,"5,545,595,000,000"
20190401004132,부채총계,제 51 기,2018.12.31 현재,"17,166,721,000,000",제 50 기,2017.12.31 현재,"15,906,232,000,000"
20190401004132,자본금,제 51 기,2018.12.31 현재,"1,488,993,000,000",제 50 기,2017.12.31 현재,"1,488,993,000,000"
20190401004132,이익잉여금,제 51 기,2018.12.31 현재,"48,137,551,000,000",제 50 기,2017.12.31 현재,"49,885,558,000,000"
20190401004132,자본총계,제 51 기,2018.12.31 현재,"52,575,787,000,000",제 50 기,2017.12.31 현재,"54,224,418,000,000"
20190401004132,매출액,제 51 기,2018.01.01 ~ 2018.12.31,"43,160,108,000,000",제 50 기,2017.01.01 ~ 2017.12.31,"41,604,869,000,000"
20190401004132,영업이익,제 51 기,2018.01.01 ~ 2018.12.31,"-59,322,000,000",제 50 기,2017.01.01 ~ 2017.12.31,"2,163,447,000,000"
20190401004132,법인세차감전 순이익,제 51 기,2018.01.01 ~ 2018.12.31,"709,948,000,000",제 50 기,2017.01.01 ~ 2017.12.31,"3,077,060,000,000"
20190401004132,당기순이익,제 51 기,2018.01.01 ~ 2018.12.31,"414,941,000,000",제 50 기,2017.01.01 ~ 2017.12.31,"2,551,319,000,000"
20190515002011,유동자산,제 52 기1분기말,2019.03.31 현재,"73,668,526,000,000",제 51 기말,2018.12.31 현재,"73,008,101,000,000"
20190515002011,비유동자산,제 52 기1분기말,2019.03.31 현재,"108,996,926,000,000",제 51 기말,2018.12.31 현재,"107,647,651,000,000"
20190515002011,자산총계,제 52 기1분기말,2019.03.31 현재,"182,665,452,000,000",제 51 기말,2018.12.31 현재,"180,655,752,000,000"
20190515002011,유동부채,제 52 기1분기말,2019.03.31 현재,"48,460,619,000,000",제 51 기말,2018.12.31 현재,"49,438,414,000,000"
20190515002011,비유동부채,제 52 기1분기말,2019.03.31 현재,"59,996,919,000,000",제 51 기말,2018.12.31 현재,"57,321,328,000,000"
20190515002011,부채총계,제 52 기1분기말,2019.03.31 현재,"108,457,538,000,000",제 51 기말,2018.12.31 현재,"106,759,742,000,000"
20190515002011,자본금,제 52 기1분기말,2019.03.31 현재,"1,488,993,000,000",제 51 기말,2018.12.31 현재,"1,488,993,000,000"
20190515002011,이익잉여금,제 52 기1분기말,2019.03.31 현재,"66,509,122,000,000",제 51 기말,2018.12.31 현재,"66,490,082,000,000"
20190515002011,자본총계,제 52 기1분기말,2019.03.31 현재,"74,207,914,000,000",제 51 기말,2018.12.31 현재,"73,896,010,000,000"
20190515002011,매출액,제 52 기1분기,2019.01.01 ~ 2019.03.31,"23,987,079,000,000",제 51 기1분기,2018.01.01 ~ 2018.03.31,"22,436,561,000,000"
20190515002011,법인세차감전 순이익,제 52 기1분기,2019.01.01 ~ 2019.03.31,"1,216,801,000,000",제 51 기1분기,2018.01.01 ~ 2018.03.31,"925,886,000,000"
20190515002011,유동자산,제 52 기1분기말,2019.03.31 현재,"22,073,353,000,000",제 51 기말,2018.12.31 현재,"22,325,069,000,000"
20190515002011,비유동자산,제 52 기1분기말,2019.03.31 현재,"47,994,597,000,000",제 51 기말,2018.12.31 현재,"47,417,439,000,000"
20190515002011,자산총계,제 52 기1분기말,2019.03.31 현재,"70,067,950,000,000",제 51 기말,2018.12.31 현재,"69,742,508,000,000"
20190515002011,유동부채,제 52 기1분기말,2019.03.31 현재,"13,080,655,000,000",제 51 기말,2018.12.31 현재,"12,737,313,000,000"
20190515002011,비유동부채,제 52 기1분기말,2019.03.31 현재,"4,661,080,000,000",제 51 기말,2018.12.31 현재,"4,429,408,000,000"
20190515002011,부채총계,제 52 기1분기말,2019.03.31 현재,"17,741,735,000,000",제 51 기말,2018.12.31 현재,"17,166,721,000,000"
20190515002011,자본금,제 52 기1분기말,2019.03.31 현재,"1,488,993,000,000",제 51 기말,2018.12.31 현재,"1,488,993,000,000"
20190515002011,이익잉여금,제 52 기1분기말,2019.03.31 현재,"48,132,067,000,000",제 51 기말,2018.12.31 현재,"48,137,551,000,000"
20190515002011,자본총계,제 52 기1분기말,2019.03.31 현재,"52,326,215,000,000",제 51 기말,2018.12.31 현재,"52,575,787,000,000"
20190515002011,매출액,제 52 기1분기,2019.01.01 ~ 2019.03.31,"11,276,932,000,000",제 51 기1분기,2018.01.01 ~ 2018.03.31,"9,672,471,000,000"
20190515002011,영업이익,제 52 기1분기,2019.01.01 ~ 2019.03.31,"235,271,000,000",제 51 기1분기,2018.01.01 ~ 2018.03.31,"185,324,000,000"
20190515002011,법인세차감전 순이익,제 52 기1분기,2019.01.01 ~ 2019.03.31,"902,734,000,000",제 51 기1분기,2018.01.01 ~ 2018.03.31,"487,712,000,000"
20190515002011,당기순이익,제 52 기1분기,2019.01.01 ~ 2019.03.31,"794,849,000,000",제 51 기1분기,2018.01.01 ~ 2018.03.31,"413,159,000,000"
20190814002230,유동자산,제 52 기반기말,2019.06.30 현재,"77,167,806,000,000",제 51 기말,2018.12.31 현재,"73,008,101,000,000"
20190814002230,비유동자산,제 52 기반기말,2019.06.30 현재,"111,321,736,000,000",제 51 기말,2018.12.31 현재,"107,647,651,000,000"
20190814002230,자산총계,제 52 기반기말,2019.06.30 현재,"188,489,542,000,000",제 51 기말,2018.12.31 현재,"180,655,752,000,000"
20190814002230,유동부채,제 52 기반기말,2019.06.30 현재,"50,465,688,000,000",제 51 기말,2018.12.31 현재,"49,438,414,000,000"
20190814002230,비유동부채,제 52 기반기말,2019.06.30 현재,"62,341,295,000,000",제 51 기말,2018.12.31 현재,"57,321,328,000,000"
20190814002230,부채총계,제 52 기반기말,2019.06.30 현재,"112,806,983,000,000",제 51 기말,2018.12.31 현재,"106,759,742,000,000"
20190814002230,자본금,제 52 기반기말,2019.06.30 현재,"1,488,993,000,000",제 51 기말,2018.12.31 현재,"1,488,993,000,000"
20190814002230,이익잉여금,제 52 기반기말,2019.06.30 현재,"67,390,026,000,000",제 51 기말,2018.12.31 현재,"66,490,082,000,000"
20190814002230,자본총계,제 52 기반기말,2019.06.30 현재,"75,682,559,000,000",제 51 기말,2018.12.31 현재,"73,896,010,000,000"
20190814002230,매출액,제 52 기반기,2019.01.01 ~ 2019.06.30,"26,966,353,000,000",제 51 기반기,2018.01.01 ~ 2018.06.30,"24,711,802,000,000"
20190814002230,법인세차감전 순이익,제 52 기반기,2019.01.01 ~ 2019.06.30,"1,385,986,000,000",제 51 기반기,2018.01.01 ~ 2018.06.30,"1,128,830,000,000"
20190814002230,유동자산,제 52 기반기말,2019.06.30 현재,"23,929,191,000,000",제 51 기말,2018.12.31 현재,"22,325,069,000,000"
20190814002230,비유동자산,제 52 기반기말,2019.06.30 현재,"48,295,638,000,000",제 51 기말,2018.12.31 현재,"47,417,439,000,000"
20190814002230,자산총계,제 52 기반기말,2019.06.30 현재,"72,224,829,000,000",제 51 기말,2018.12.31 현재,"69,742,508,000,000"
20190814002230,유동부채,제 52 기반기말,2019.06.30 현재,"14,195,159,000,000",제 51 기말,2018.12.31 현재,"12,737,313,000,000"
20190814002230,비유동부채,제 52 기반기말,2019.06.30 현재,"4,668,572,000,000",제 51 기말,2018.12.31 현재,"4,429,408,000,000"
20190814002230,부채총계,제 52 기반기말,2019.06.30 현재,"18,863,731,000,000",제 51 기말,2018.12.31 현재,"17,166,721,000,000"
20190814002230,자본금,제 52 기반기말,2019.06.30 현재,"1,488,993,000,000",제 51 기말,2018.12.31 현재,"1,488,993,000,000"
20190814002230,이익잉여금,제 52 기반기말,2019.06.30 현재,"49,148,003,000,000",제 51 기말,2018.12.31 현재,"48,137,551,000,000"
20190814002230,자본총계,제 52 기반기말,2019.06.30 현재,"53,361,098,000,000",제 51 기말,2018.12.31 현재,"52,575,787,000,000"
20190814002230,매출액,제 52 기반기,2019.01.01 ~ 2019.06.30,"12,952,915,000,000",제 51 기반기,2018.01.01 ~ 2018.06.30,"10,987,295,000,000"
20190814002230,영업이익,제 52 기반기,2019.01.01 ~ 2019.06.30,"673,872,000,000",제 51 기반기,2018.01.01 ~ 2018.06.30,"304,421,000,000"
20190814002230,법인세차감전 순이익,제 52 기반기,2019.01.01 ~ 2019.06.30,"1,253,852,000,000",제 51 기반기,2018.01.01 ~ 2018.06.30,"862,111,000,000"
20190814002230,당기순이익,제 52 기반기,2019.01.01 ~ 2019.06.30,"1,017,689,000,000",제 51 기반기,2018.01.01 ~ 2018.06.30,"699,335,000,000"
20191114001732,유동자산,제 52 기3분기말,2019.09.30 현재,"75,868,279,000,000",제 51 기말,2018.12.31 현재,"73,008,101,000,000"
20191114001732,비유동자산,제 52 기3분기말,2019.09.30 현재,"115,801,603,000,000",제 51 기말,2018.12.31 현재,"107,647,651,000,000"
20191114001732,자산총계,제 52 기3분기말,2019.09.30 현재,"191,669,882,000,000",제 51 기말,2018.12.31 현재,"180,655,752,000,000"
20191114001732,유동부채,제 52 기3분기말,2019.09.30 현재,"54,257,850,000,000",제 51 기말,2018.12.31 현재,"49,438,414,000,000"
20191114001732,비유동부채,제 52 기3분기말,2019.09.30 현재,"61,386,844,000,000",제 51 기말,2018.12.31 현재,"57,321,328,000,000"
20191114001732,부채총계,제 52 기3분기말,2019.09.30 현재,"115,644,694,000,000",제 51 기말,2018.12.31 현재,"106,759,742,000,000"
20191114001732,자본금,제 52 기3분기말,2019.09.30 현재,"1,488,993,000,000",제 51 기말,2018.12.31 현재,"1,488,993,000,000"
20191114001732,이익잉여금,제 52 기3분기말,2019.09.30 현재,"67,439,353,000,000",제 51 기말,2018.12.31 현재,"66,490,082,000,000"
20191114001732,자본총계,제 52 기3분기말,2019.09.30 현재,"76,025,188,000,000",제 51 기말,2018.12.31 현재,"73,896,010,000,000"
20191114001732,매출액,제 52 기3분기,2019.01.01 ~ 2019.09.30,"26,968,853,000,000",제 51 기3분기,2018.01.01 ~ 2018.09.30,"24,433,735,000,000"
20191114001732,법인세차감전 순이익,제 52 기3분기,2019.01.01 ~ 2019.09.30,"429,016,000,000",제 51 기3분기,2018.01.01 ~ 2018.09.30,"362,297,000,000"
20191114001732,유동자산,제 52 기3분기말,2019.09.30 현재,"21,628,713,000,000",제 51 기말,2018.12.31 현재,"22,325,069,000,000"
20191114001732,비유동자산,제 52 기3분기말,2019.09.30 현재,"49,616,050,000,000",제 51 기말,2018.12.31 현재,"47,417,439,000,000"
20191114001732,자산총계,제 52 기3분기말,2019.09.30 현재,"71,244,763,000,000",제 51 기말,2018.12.31 현재,"69,742,508,000,000"
20191114001732,유동부채,제 52 기3분기말,2019.09.30 현재,"12,933,355,000,000",제 51 기말,2018.12.31 현재,"12,737,313,000,000"
20191114001732,비유동부채,제 52 기3분기말,2019.09.30 현재,"4,743,336,000,000",제 51 기말,2018.12.31 현재,"4,429,408,000,000"
20191114001732,부채총계,제 52 기3분기말,2019.09.30 현재,"17,676,691,000,000",제 51 기말,2018.12.31 현재,"17,166,721,000,000"
20191114001732,자본금,제 52 기3분기말,2019.09.30 현재,"1,488,993,000,000",제 51 기말,2018.12.31 현재,"1,488,993,000,000"
20191114001732,이익잉여금,제 52 기3분기말,2019.09.30 현재,"49,375,772,000,000",제 51 기말,2018.12.31 현재,"48,137,551,000,000"
20191114001732,자본총계,제 52 기3분기말,2019.09.30 현재,"53,568,072,000,000",제 51 기말,2018.12.31 현재,"52,575,787,000,000"
20191114001732,매출액,제 52 기3분기,2019.01.01 ~ 2019.09.30,"11,334,037,000,000",제 51 기3분기,2018.01.01 ~ 2018.09.30,"10,085,005,000,000"
20191114001732,영업이익,제 52 기3분기,2019.01.01 ~ 2019.09.30,"12,174,000,000",제 51 기3분기,2018.01.01 ~ 2018.09.30,"-461,819,000,000"
20191114001732,법인세차감전 순이익,제 52 기3분기,2019.01.01 ~ 2019.09.30,"324,758,000,000",제 51 기3분기,2018.01.01 ~ 2018.09.30,"-336,761,000,000"
20191114001732,당기순이익,제 52 기3분기,2019.01.01 ~ 2019.09.30,"490,799,000,000",제 51 기3분기,2018.01.01 ~ 2018.09.30,"-235,859,000,000"
20200330004041,유동자산,제 52 기,2019.12.31 현재,"76,082,873,000,000",제 51 기,2018.12.31 현재,"73,008,101,000,000"
20200330004041,비유동자산,제 52 기,2019.12.31 현재,"118,429,347,000,000",제 51 기,2018.12.31 현재,"107,647,651,000,000"
20200330004041,자산총계,제 52 기,2019.12.31 현재,"194,512,220,000,000",제 51 기,2018.12.31 현재,"180,655,752,000,000"
20200330004041,유동부채,제 52 기,2019.12.31 현재,"53,314,096,000,000",제 51 기,2018.12.31 현재,"49,438,414,000,000"
20200330004041,비유동부채,제 52 기,2019.12.31 현재,"64,832,370,000,000",제 51 기,2018.12.31 현재,"57,321,328,000,000"
20200330004041,부채총계,제 52 기,2019.12.31 현재,"118,146,466,000,000",제 51 기,2018.12.31 현재,"106,759,742,000,000"
20200330004041,자본금,제 52 기,2019.12.31 현재,"1,488,993,000,000",제 51 기,2018.12.31 현재,"1,488,993,000,000"
20200330004041,이익잉여금,제 52 기,2019.12.31 현재,"68,249,633,000,000",제 51 기,2018.12.31 현재,"66,490,082,000,000"
20200330004041,자본총계,제 52 기,2019.12.31 현재,"76,365,754,000,000",제 51 기,2018.12.31 현재,"73,896,010,000,000"
20200330004041,매출액,제 52 기,2019.01.01 ~ 2019.12.31,"105,746,422,000,000",제 51 기,2018.01.01 ~ 2018.12.31,"96,812,609,000,000"
20200330004041,법인세차감전 순이익,제 52 기,2019.01.01 ~ 2019.12.31,"4,163,766,000,000",제 51 기,2018.01.01 ~ 2018.12.31,"2,529,582,000,000"
20200330004041,유동자산,제 52 기,2019.12.31 현재,"22,346,792,000,000",제 51 기,2018.12.31 현재,"22,325,069,000,000"
20200330004041,비유동자산,제 52 기,2019.12.31 현재,"51,810,427,000,000",제 51 기,2018.12.31 현재,"47,417,439,000,000"
20200330004041,자산총계,제 52 기,2019.12.31 현재,"74,157,219,000,000",제 51 기,2018.12.31 현재,"69,742,508,000,000"
20200330004041,유동부채,제 52 기,2019.12.31 현재,"15,148,868,000,000",제 51 기,2018.12.31 현재,"12,737,313,000,000"
20200330004041,비유동부채,제 52 기,2019.12.31 현재,"5,089,342,000,000",제 51 기,2018.12.31 현재,"4,429,408,000,000"
20200330004041,부채총계,제 52 기,2019.12.31 현재,"20,238,210,000,000",제 51 기,2018.12.31 현재,"17,166,721,000,000"
20200330004041,자본금,제 52 기,2019.12.31 현재,"1,488,993,000,000",제 51 기,2018.12.31 현재,"1,488,993,000,000"
20200330004041,이익잉여금,제 52 기,2019.12.31 현재,"49,870,324,000,000",제 51 기,2018.12.31 현재,"48,137,551,000,000"
20200330004041,자본총계,제 52 기,2019.12.31 현재,"53,919,009,000,000",제 51 기,2018.12.31 현재,"52,575,787,000,000"
20200330004041,매출액,제 52 기,2019.01.01 ~ 2019.12.31,"49,155,693,000,000",제 51 기,2018.01.01 ~ 2018.12.31,"43,160,108,000,000"
20200330004041,영업이익,제 52 기,2019.01.01 ~ 2019.12.31,"1,580,164,000,000",제 51 기,2018.01.01 ~ 2018.12.31,"-59,322,000,000"
20200330004041,법인세차감전 순이익,제 52 기,2019.01.01 ~ 2019.12.31,"3,189,893,000,000",제 51 기,2018.01.01 ~ 2018.12.31,"709,948,000,000"
20200330004041,당기순이익,제 52 기,2019.01.01 ~ 2019.12.31,"2,832,289,000,000",제 51 기,2018.01.01 ~ 2018.12.31,"414,941,000,000"
20200515002179,유동자산,제 53 기1분기말,2020.03.31 현재,"76,223,367,000,000",제 52 기말,2019.12.31 현재,"76,082,873,000,000"
20200515002179,비유동자산,제 53 기1분기말,2020.03.31 현재,"122,627,482,000,000",제 52 기말,2019.12.31 현재,"118,429,347,000,000"
20200515002179,자산총계,제 53 기1분기말,2020.03.31 현재,"198,850,849,000,000",제 52 기말,2019.12.31 현재,"194,512,220,000,000"
20200515002179,유동부채,제 53 기1분기말,2020.03.31 현재,"54,206,672,000,000",제 52 기말,2019.12.31 현재,"53,314,096,000,000"
20200515002179,비유동부채,제 53 기1분기말,2020.03.31 현재,"68,717,561,000,000",제 52 기말,2019.12.31 현재,"64,832,370,000,000"
20200515002179,부채총계,제 53 기1분기말,2020.03.31 현재,"122,924,233,000,000",제 52 기말,2019.12.31 현재,"118,146,466,000,000"
20200515002179,자본금,제 53 기1분기말,2020.03.31 현재,"1,488,993,000,000",제 52 기말,2019.12.31 현재,"1,488,993,000,000"
20200515002179,이익잉여금,제 53 기1분기말,2020.03.31 현재,"67,900,357,000,000",제 52 기말,2019.12.31 현재,"68,249,633,000,000"
20200515002179,자본총계,제 53 기1분기말,2020.03.31 현재,"75,926,616,000,000",제 52 기말,2019.12.31 현재,"76,365,754,000,000"
20200515002179,매출액,제 53 기1분기,2020.01.01 ~ 2020.03.31,"25,319,448,000,000",제 52 기1분기,2019.01.01 ~ 2019.03.31,"23,987,079,000,000"
20200515002179,법인세차감전 순이익,제 53 기1분기,2020.01.01 ~ 2020.03.31,"724,268,000,000",제 52 기1분기,2019.01.01 ~ 2019.03.31,"1,216,801,000,000"
20200515002179,유동자산,제 53 기1분기말,2020.03.31 현재,"20,840,752,000,000",제 52 기말,2019.12.31 현재,"22,346,792,000,000"
20200515002179,비유동자산,제 53 기1분기말,2020.03.31 현재,"52,605,608,000,000",제 52 기말,2019.12.31 현재,"51,810,427,000,000"
20200515002179,자산총계,제 53 기1분기말,2020.03.31 현재,"73,446,360,000,000",제 52 기말,2019.12.31 현재,"74,157,219,000,000"
20200515002179,유동부채,제 53 기1분기말,2020.03.31 현재,"15,409,856,000,000",제 52 기말,2019.12.31 현재,"15,148,868,000,000"
20200515002179,비유동부채,제 53 기1분기말,2020.03.31 현재,"4,860,296,000,000",제 52 기말,2019.12.31 현재,"5,089,342,000,000"
20200515002179,부채총계,제 53 기1분기말,2020.03.31 현재,"20,270,152,000,000",제 52 기말,2019.12.31 현재,"20,238,210,000,000"
20200515002179,자본금,제 53 기1분기말,2020.03.31 현재,"1,488,993,000,000",제 52 기말,2019.12.31 현재,"1,488,993,000,000"
20200515002179,이익잉여금,제 53 기1분기말,2020.03.31 현재,"49,694,208,000,000",제 52 기말,2019.12.31 현재,"49,870,324,000,000"
20200515002179,자본총계,제 53 기1분기말,2020.03.31 현재,"53,176,208,000,000",제 52 기말,2019.12.31 현재,"53,919,009,000,000"
20200515002179,매출액,제 53 기1분기,2020.01.01 ~ 2020.03.31,"11,274,965,000,000",제 52 기1분기,2019.01.01 ~ 2019.03.31,"11,276,932,000,000"
20200515002179,영업이익,제 53 기1분기,2020.01.01 ~ 2020.03.31,"399,673,000,000",제 52 기1분기,2019.01.01 ~ 2019.03.31,"235,271,000,000"
20200515002179,법인세차감전 순이익,제 53 기1분기,2020.01.01 ~ 2020.03.31,"705,277,000,000",제 52 기1분기,2019.01.01 ~ 2019.03.31,"902,734,000,000"
20200515002179,당기순이익,제 53 기1분기,2020.01.01 ~ 2020.03.31,"614,159,000,000",제 52 기1분기,2019.01.01 ~ 2019.03.31,"794,849,000,000"
20200814002203,유동자산,제 53 기반기말,2020.06.30 현재,"79,025,897,000,000",제 52 기말,2019.12.31 현재,"76,082,873,000,000"
20200814002203,비유동자산,제 53 기반기말,2020.06.30 현재,"122,778,623,000,000",제 52 기말,2019.12.31 현재,"118,429,347,000,000"
20200814002203,자산총계,제 53 기반기말,2020.06.30 현재,"201,804,520,000,000",제 52 기말,2019.12.31 현재,"194,512,220,000,000"
20200814002203,유동부채,제 53 기반기말,2020.06.30 현재,"54,213,858,000,000",제 52 기말,2019.12.31 현재,"53,314,096,000,000"
20200814002203,비유동부채,제 53 기반기말,2020.06.30 현재,"71,542,527,000,000",제 52 기말,2019.12.31 현재,"64,832,370,000,000"
20200814002203,부채총계,제 53 기반기말,2020.06.30 현재,"125,756,385,000,000",제 52 기말,2019.12.31 현재,"118,146,466,000,000"
20200814002203,자본금,제 53 기반기말,2020.06.30 현재,"1,488,993,000,000",제 52 기말,2019.12.31 현재,"1,488,993,000,000"
20200814002203,이익잉여금,제 53 기반기말,2020.06.30 현재,"68,114,066,000,000",제 52 기말,2019.12.31 현재,"68,249,633,000,000"
20200814002203,자본총계,제 53 기반기말,2020.06.30 현재,"76,048,135,000,000",제 52 기말,2019.12.31 현재,"76,365,754,000,000"
20200814002203,매출액,제 53 기반기,2020.01.01 ~ 2020.06.30,"21,858,991,000,000",제 52 기반기,2019.01.01 ~ 2019.06.30,"26,966,353,000,000"
20200814002203,법인세차감전 순이익,제 53 기반기,2020.01.01 ~ 2020.06.30,"596,266,000,000",제 52 기반기,2019.01.01 ~ 2019.06.30,"1,385,986,000,000"
20200814002203,유동자산,제 53 기반기말,2020.06.30 현재,"21,464,025,000,000",제 52 기말,2019.12.31 현재,"22,346,792,000,000"
20200814002203,비유동자산,제 53 기반기말,2020.06.30 현재,"53,002,258,000,000",제 52 기말,2019.12.31 현재,"51,810,427,000,000"
20200814002203,자산총계,제 53 기반기말,2020.06.30 현재,"74,466,283,000,000",제 52 기말,2019.12.31 현재,"74,157,219,000,000"
20200814002203,유동부채,제 53 기반기말,2020.06.30 현재,"14,648,064,000,000",제 52 기말,2019.12.31 현재,"15,148,868,000,000"
20200814002203,비유동부채,제 53 기반기말,2020.06.30 현재,"6,046,491,000,000",제 52 기말,2019.12.31 현재,"5,089,342,000,000"
20200814002203,부채총계,제 53 기반기말,2020.06.30 현재,"20,694,555,000,000",제 52 기말,2019.12.31 현재,"20,238,210,000,000"
20200814002203,자본금,제 53 기반기말,2020.06.30 현재,"1,488,993,000,000",제 52 기말,2019.12.31 현재,"1,488,993,000,000"
20200814002203,이익잉여금,제 53 기반기말,2020.06.30 현재,"50,171,398,000,000",제 52 기말,2019.12.31 현재,"49,870,324,000,000"
20200814002203,자본총계,제 53 기반기말,2020.06.30 현재,"53,771,728,000,000",제 52 기말,2019.12.31 현재,"53,919,009,000,000"
20200814002203,매출액,제 53 기반기,2020.01.01 ~ 2020.06.30,"12,131,110,000,000",제 52 기반기,2019.01.01 ~ 2019.06.30,"12,952,915,000,000"
20200814002203,영업이익,제 53 기반기,2020.01.01 ~ 2020.06.30,"651,424,000,000",제 52 기반기,2019.01.01 ~ 2019.06.30,"673,872,000,000"
20200814002203,법인세차감전 순이익,제 53 기반기,2020.01.01 ~ 2020.06.30,"646,633,000,000",제 52 기반기,2019.01.01 ~ 2019.06.30,"1,253,852,000,000"
20200814002203,당기순이익,제 53 기반기,2020.01.01 ~ 2020.06.30,"482,965,000,000",제 52 기반기,2019.01.01 ~ 2019.06.30,"1,017,689,000,000"
20201116001588,유동자산,제 53 기3분기말,2020.09.30 현재,"81,868,709,000,000",제 52 기말,2019.12.31 현재,"76,082,873,000,000"
20201116001588,비유동자산,제 53 기3분기말,2020.09.30 현재,"125,227,530,000,000",제 52 기말,2019.12.31 현재,"118,429,347,000,000"
20201116001588,자산총계,제 53 기3분기말,2020.09.30 현재,"207,096,239,000,000",제 52 기말,2019.12.31 현재,"194,512,220,000,000"
20201116001588,유동부채,제 53 기3분기말,2020.09.30 현재,"57,820,469,000,000",제 52 기말,2019.12.31 현재,"53,314,096,000,000"
20201116001588,비유동부채,제 53 기3분기말,2020.09.30 현재,"73,425,666,000,000",제 52 기말,2019.12.31 현재,"64,832,370,000,000"
20201116001588,부채총계,제 53 기3분기말,2020.09.30 현재,"131,246,135,000,000",제 52 기말,2019.12.31 현재,"118,146,466,000,000"
20201116001588,자본금,제 53 기3분기말,2020.09.30 현재,"1,488,993,000,000",제 52 기말,2019.12.31 현재,"1,488,993,000,000"
20201116001588,이익잉여금,제 53 기3분기말,2020.09.30 현재,"67,787,240,000,000",제 52 기말,2019.12.31 현재,"68,249,633,000,000"
20201116001588,자본총계,제 53 기3분기말,2020.09.30 현재,"75,850,104,000,000",제 52 기말,2019.12.31 현재,"76,365,754,000,000"
20201116001588,매출액,제 53 기3분기,2020.01.01 ~ 2020.09.30,"27,575,812,000,000",제 52 기3분기,2019.01.01 ~ 2019.09.30,"26,968,853,000,000"
20201116001588,영업이익,제 53 기3분기,2020.01.01 ~ 2020.09.30,"-313,823,000,000",제 52 기3분기,2019.01.01 ~ 2019.09.30,"378,520,000,000"
20201116001588,법인세차감전 순이익,제 53 기3분기,2020.01.01 ~ 2020.09.30,"-362,301,000,000",제 52 기3분기,2019.01.01 ~ 2019.09.30,"429,016,000,000"
20201116001588,유동자산,제 53 기3분기말,2020.09.30 현재,"22,969,659,000,000",제 52 기말,2019.12.31 현재,"22,346,792,000,000"
20201116001588,비유동자산,제 53 기3분기말,2020.09.30 현재,"53,652,949,000,000",제 52 기말,2019.12.31 현재,"51,810,427,000,000"
20201116001588,자산총계,제 53 기3분기말,2020.09.30 현재,"76,622,608,000,000",제 52 기말,2019.12.31 현재,"74,157,219,000,000"
20201116001588,유동부채,제 53 기3분기말,2020.09.30 현재,"16,009,664,000,000",제 52 기말,2019.12.31 현재,"15,148,868,000,000"
20201116001588,비유동부채,제 53 기3분기말,2020.09.30 현재,"6,988,242,000,000",제 52 기말,2019.12.31 현재,"5,089,342,000,000"
20201116001588,부채총계,제 53 기3분기말,2020.09.30 현재,"22,997,906,000,000",제 52 기말,2019.12.31 현재,"20,238,210,000,000"
20201116001588,자본금,제 53 기3분기말,2020.09.30 현재,"1,488,993,000,000",제 52 기말,2019.12.31 현재,"1,488,993,000,000"
20201116001588,이익잉여금,제 53 기3분기말,2020.09.30 현재,"49,925,195,000,000",제 52 기말,2019.12.31 현재,"49,870,324,000,000"
20201116001588,자본총계,제 53 기3분기말,2020.09.30 현재,"53,624,702,000,000",제 52 기말,2019.12.31 현재,"53,919,009,000,000"
20201116001588,매출액,제 53 기3분기,2020.01.01 ~ 2020.09.30,"12,681,923,000,000",제 52 기3분기,2019.01.01 ~ 2019.09.30,"11,334,037,000,000"
20201116001588,영업이익,제 53 기3분기,2020.01.01 ~ 2020.09.30,"-326,496,000,000",제 52 기3분기,2019.01.01 ~ 2019.09.30,"12,174,000,000"
20201116001588,법인세차감전 순이익,제 53 기3분기,2020.01.01 ~ 2020.09.30,"-380,040,000,000",제 52 기3분기,2019.01.01 ~ 2019.09.30,"324,758,000,000"
20201116001588,당기순이익,제 53 기3분기,2020.01.01 ~ 2020.09.30,"-246,203,000,000",제 52 기3분기,2019.01.01 ~ 2019.09.30,"490,799,000,000"
20210316000986,유동자산,제 53 기,2020.12.31 현재,"83,686,357,000,000",제 52 기,2019.12.31 현재,"76,082,873,000,000"
20210316000986,비유동자산,제 53 기,2020.12.31 현재,"125,657,855,000,000",제 52 기,2019.12.31 현재,"118,429,347,000,000"
20210316000986,자산총계,제 53 기,2020.12.31 현재,"209,344,212,000,000",제 52 기,2019.12.31 현재,"194,512,220,000,000"
20210316000986,유동부채,제 53 기,2020.12.31 현재,"59,459,528,000,000",제 52 기,2019.12.31 현재,"53,314,096,000,000"
20210316000986,비유동부채,제 53 기,2020.12.31 현재,"73,543,714,000,000",제 52 기,2019.12.31 현재,"64,832,370,000,000"
20210316000986,부채총계,제 53 기,2020.12.31 현재,"133,003,242,000,000",제 52 기,2019.12.31 현재,"118,146,466,000,000"
20210316000986,자본금,제 53 기,2020.12.31 현재,"1,488,993,000,000",제 52 기,2019.12.31 현재,"1,488,993,000,000"
20210316000986,이익잉여금,제 53 기,2020.12.31 현재,"68,911,800,000,000",제 52 기,2019.12.31 현재,"68,249,633,000,000"
20210316000986,자본총계,제 53 기,2020.12.31 현재,"76,340,970,000,000",제 52 기,2019.12.31 현재,"76,365,754,000,000"
20210316000986,매출액,제 53 기,2020.01.01 ~ 2020.12.31,"103,997,601,000,000",제 52 기,2019.01.01 ~ 2019.12.31,"105,746,422,000,000"
20210316000986,영업이익,제 53 기,2020.01.01 ~ 2020.12.31,"2,394,671,000,000",제 52 기,2019.01.01 ~ 2019.12.31,"3,605,505,000,000"
20210316000986,법인세차감전 순이익,제 53 기,2020.01.01 ~ 2020.12.31,"2,093,256,000,000",제 52 기,2019.01.01 ~ 2019.12.31,"4,163,766,000,000"
20210316000986,유동자산,제 53 기,2020.12.31 현재,"24,612,104,000,000",제 52 기,2019.12.31 현재,"22,346,792,000,000"
20210316000986,비유동자산,제 53 기,2020.12.31 현재,"54,038,579,000,000",제 52 기,2019.12.31 현재,"51,810,427,000,000"
20210316000986,자산총계,제 53 기,2020.12.31 현재,"78,650,683,000,000",제 52 기,2019.12.31 현재,"74,157,219,000,000"
20210316000986,유동부채,제 53 기,2020.12.31 현재,"17,709,438,000,000",제 52 기,2019.12.31 현재,"15,148,868,000,000"
20210316000986,비유동부채,제 53 기,2020.12.31 현재,"7,354,342,000,000",제 52 기,2019.12.31 현재,"5,089,342,000,000"
20210316000986,부채총계,제 53 기,2020.12.31 현재,"25,063,780,000,000",제 52 기,2019.12.31 현재,"20,238,210,000,000"
20210316000986,자본금,제 53 기,2020.12.31 현재,"1,488,993,000,000",제 52 기,2019.12.31 현재,"1,488,993,000,000"
20210316000986,이익잉여금,제 53 기,2020.12.31 현재,"49,631,113,000,000",제 52 기,2019.12.31 현재,"49,870,324,000,000"
20210316000986,자본총계,제 53 기,2020.12.31 현재,"53,586,903,000,000",제 52 기,2019.12.31 현재,"53,919,009,000,000"
20210316000986,매출액,제 53 기,2020.01.01 ~ 2020.12.31,"50,661,002,000,000",제 52 기,2019.01.01 ~ 2019.12.31,"49,155,693,000,000"
20210316000986,영업이익,제 53 기,2020.01.01 ~ 2020.12.31,"768,626,000,000",제 52 기,2019.01.01 ~ 2019.12.31,"1,580,164,000,000"
20210316000986,법인세차감전 순이익,제 53 기,2020.01.01 ~ 2020.12.31,"526,843,000,000",제 52 기,2019.01.01 ~ 2019.12.31,"3,189,893,000,000"
20210316000986,당기순이익,제 53 기,2020.01.01 ~ 2020.12.31,"526,975,000,000",제 52 기,2019.01.01 ~ 2019.12.31,"2,832,289,000,000"
